<?xml version="1.0" encoding="UTF-8"?>
<!DOCTYPE niftoolsxml>
<niftoolsxml version="0.7.1.0">

	<xi:include href="../ovl_base/ovl_base.xml" xmlns:xi="http://www.w3.org/2001/XInclude" xpointer="xpointer(*/*)" />

	<compound name="LutHeader" inherit="MemStruct">
        24 bytes for JWE2
        <add name="colors" type="ArrayPointer" template="Vector3" arg="colors_count"/>
		<add name="colors_count" type="ushort"/>
		<add name="unk_0" type="ushort"/>
		<add name="unk_1" type="uint"/>
		<add name="colors_in_column_count" type="uint"/>
		<add name="unk_2" type="uint"/>
    </compound>


</niftoolsxml>
