<?xml version="1.0" encoding="UTF-8"?>
<!DOCTYPE niftoolsxml>
<niftoolsxml version="0.7.1.0">

	<xi:include href="../ovl_base/ovl_base.xml" xmlns:xi="http://www.w3.org/2001/XInclude" xpointer="xpointer(*/*)" />

    <compound name="FRenderLodSpecRoot" inherit="MemStruct">
        <add name="spec_list"   type="ArrayPointer" template="LodSpecItem" arg="spec_count"/>
        <add name="spec_count"  type="uint64" />
        <add name="unknown"     type="uint64" />
    </compound>

    <compound name="LodSpecItem" inherit="MemStruct">
        <add name="GroupName"   type="Pointer" template="ZString"/>
        # unknown_1 always 0
        <add name="unknown_1"   type="uint" />
        <add name="MaxModelBoundingSphereRadius"    type="float" />

        # flags1 always 255
        # flags2 always   6
        <add name="flags1"         type="ushort" />
        <add name="flags2"         type="ushort" />
        <add name="LodPoint0"      type="float" />
        <add name="LodPoint1"      type="float" />
        <add name="LodPoint2"      type="float" />

        <add name="LodPoint3"      type="float" />
        <add name="LodPoint4"      type="float" />
        <add name="PixelSizeOff"   type="float" />
        <add name="unknown_2"   type="uint" />

        # according to jwe2dev there is a LODPoints list in this item struct, but
        # so far we have not seen any lod definition using it, my guess is these
        # unknowns are related.
        <add name="unknown_3"   type="uint" />
        <add name="unknown_4"   type="uint" />

    </compound>

# this is how it looks like in-game
#..xml version="1.0" encoding="utf-8"?>
#..XMLResDocument version="1">
#    ..fRenderLodSettings symbol="default">
#        ..LodGroups>
#            ..item>
#                ..GroupName>Small
#                ..MaxModelBoundingSphereRadius>1.00
#                ..LODPoint0>0.20000
#                ..LODPoint1>0.05000
#                ..LODPoint2>0.01250
#                ..LODPoint3>0.00625
#                ..LODPoint4>0.00300
#                ..PixelSizeOff>4.00
#                ..LODPoints>
#                ../LODPoints>
3            ../item>
#            ..item>
#            ......
#

</niftoolsxml>
