<?xml version="1.0" encoding="UTF-8"?>
<!DOCTYPE niftoolsxml>
<niftoolsxml version="0.7.1.0">

	<xi:include href="../ovl_base/ovl_base.xml" xmlns:xi="http://www.w3.org/2001/XInclude" xpointer="xpointer(*/*)" />

    <compound name="DecalSettingsRoot" inherit="MemStruct">
        <add name="atlas_name"  type="Pointer" template="ZString"/>
        <add name="layer_list"  type="ArrayPointer" template="DecalSettingItem" arg="layer_count"/>
        <add name="layer_count" type="uint64" />
        <add name="unknown"     type="uint64" />
    </compound>

    <compound name="DecalSettingItem" inherit="MemStruct">
        <add name="layer_name"  type="Pointer" template="ZString"/>
    </compound>

</niftoolsxml>
