<?xml version="1.0" encoding="UTF-8"?>
<!DOCTYPE fileformat>
<fileformat>

	<xi:include href="../ovl_base/ovl_base.xml" xmlns:xi="http://www.w3.org/2001/XInclude" xpointer="xpointer(*/*)" />

    <compound name="GuestEconomyRoot" inherit="MemStruct">
        JWE2: 128 bytes
        #GuestEconomy = {
        #    some parameters might be missing
        #    TargetTicketPrice = 180,
        #a    TargetProfit = 500000,
        #a    TargetDinosaurPrestige = 5000,
        #    TargetSpeciesVariety = 5,
        #    DinosaurPrestigePower = 0.65,
        #    TargetVisitors = 1000,
        #    VisitorArrivalRate = 750,
        #    VisitorDepartureRate = 1000,
        #    IncomeTaxMinIncome = 0,
        #    IncomeTaxMaxIncome = 0,
        #    IncomeTaxMinProportion = 0,
        #    IncomeTaxMaxProportion = 0,
        #    IncomeTaxCurvePower = 1,
        #    TicketPriceVisitorProportionPower = 0.75,
        #    TicketPriceFullVisitorProportion = 1.5,

        #    TicketPriceMinimumPriceFraction = 0.4,
        #    VisitorDeathsDecayRate = 2,
        #    VisitorDeathsLimit = 8,
        #    DangerExposureSafeDecayRate = 4,
        #    DangerExposureUnnecessaryShelterPunishment = 1.5,
        #    DangerExposureStormExposurePunishment = 6,
        #    DangerExposureDinosaurExposurePunishment = 8,
        #    DangerExposureDinosaurDangerRadius = 200,
        #    DangerExposureLimit = 8,

        #    TransportRatingDisabled = 0
        #},
        # I f I f I 27f
        <add name="TargetProfit" type="uint" /> 500000
        <add name="u00" type="float" />  0.0,
        <add name="TargetDinosaurPrestige" type="uint" /> 5000,
        <add name="DinosaurPrestigePower" type="float" /> 0.8500000238418579, maybe
        <add name="u01" type="uint" /> 10000,

        <add name="u02" type="float" /> 0.0,
        <add name="u03" type="float" /> 0.0,
        <add name="u04" type="float" /> 0.0,

        <add name="VisitorArrivalRate" type="float" /> 750.0,
        <add name="VisitorDepartureRate" type="float" /> 1000.0,

        <add name="u05" type="float" /> 0.0,
        <add name="u06" type="float" /> 0.0,
        <add name="u07" type="float" /> 0.0,
        <add name="u08" type="float" /> 0.0,
        <add name="u09" type="float" /> 0.0,
        <add name="u10" type="float" /> 0.0,
        <add name="u11" type="float" /> 0.0,
        <add name="TicketPriceVisitorProportionPower" type="float" /> 2.0,
        <add name="TicketPriceFullVisitorProportion" type="float" /> 1.5,

        <add name="TicketPriceMinimumPriceFraction" type="float" /> 0.4000000059604645,
        <add name="VisitorDeathsDecayRate" type="float" /> 1.0,
        <add name="VisitorDeathsLimit" type="float" /> 8.0,
        <add name="DangerExposureSafeDecayRate" type="float" /> 4.0,
        <add name="DangerExposureUnnecessaryShelterPunishment" type="float" /> 2.0,
        <add name="DangerExposureStormExposurePunishment" type="float" /> 2.0,
        <add name="DangerExposureDinosaurExposurePunishment" type="float" /> 8.0,
        <add name="DangerExposureDinosaurDangerRadius" type="float" /> 200.0,
        <add name="DangerExposureLimit" type="float" /> 8.0,

        <add name="TransportRatingDisabled" type="uint" /> 0
        <add name="u12" type="uint" />
        <add name="u13" type="uint" />
        <add name="u14" type="uint" />
    </compound>

</fileformat>

