<?xml version="1.0" encoding="UTF-8"?>
<!DOCTYPE fileformat>
<fileformat>
<!--    <version num="DX9" />-->
<!--    <version num="DX10" />-->

	<xi:include href="../base/base.xml" xmlns:xi="http://www.w3.org/2001/XInclude" xpointer="xpointer(*/*)" />
    
    <!--
    ******************
    *** enum types ***
    ******************
    -->

    <enum name="FourCC" numbytes="4" storage="uint" default="0x31545844">
        An unsigned 32-bit integer, describing the compression type.
		Four-character codes for specifying compressed or custom formats. Possible values include: DXT1, DXT2, DXT3, DXT4, or DXT5.
		A FourCC of DX10 indicates the prescense of the DDS_HEADER_DXT10 extended header, and the dxgiFormat member of that structure 
		indicates the true format. When using a four-character code, dwFlags must include DDPF_FOURCC.
        <option value="0x00000000" name="LINEAR" />
        <option value="0x31545844" name="DXT1" />
        <option value="0x32545844" name="DXT2" />
        <option value="0x33545844" name="DXT3" />
        <option value="0x34545844" name="DXT4" />
        <option value="0x35545844" name="DXT5" />
        <option value="0x42475852" name="RXGB" />
        <option value="0x31495441" name="ATI1" />
        <option value="0x32495441" name="ATI2" />
        <option value="0x30315844" name="DX10" />
    </enum>
	
    <enum name="DxgiFormat" numbytes="4" storage="uint" default="0">
        An unsigned 32-bit integer, describing the DxgiFormat.
		<option value="0" name="UNKNOWN" />
		<option value="1" name="R32G32B32A32_TYPELESS" />
		<option value="2" name="R32G32B32A32_FLOAT" />
		<option value="3" name="R32G32B32A32_UINT" />
		<option value="4" name="R32G32B32A32_SINT" />
		<option value="5" name="R32G32B32_TYPELESS" />
		<option value="6" name="R32G32B32_FLOAT" />
		<option value="7" name="R32G32B32_UINT" />
		<option value="8" name="R32G32B32_SINT" />
		<option value="9" name="R16G16B16A16_TYPELESS" />
		<option value="10" name="R16G16B16A16_FLOAT" />
		<option value="11" name="R16G16B16A16_UNORM" />
		<option value="12" name="R16G16B16A16_UINT" />
		<option value="13" name="R16G16B16A16_SNORM" />
		<option value="14" name="R16G16B16A16_SINT" />
		<option value="15" name="R32G32_TYPELESS" />
		<option value="16" name="R32G32_FLOAT" />
		<option value="17" name="R32G32_UINT" />
		<option value="18" name="R32G32_SINT" />
		<option value="19" name="R32G8X24_TYPELESS" />
		<option value="20" name="D32_FLOAT_S8X24_UINT" />
		<option value="21" name="R32_FLOAT_X8X24_TYPELESS" />
		<option value="22" name="X32_TYPELESS_G8X24_UINT" />
		<option value="23" name="R10G10B10A2_TYPELESS" />
		<option value="24" name="R10G10B10A2_UNORM" />
		<option value="25" name="R10G10B10A2_UINT" />
		<option value="26" name="R11G11B10_FLOAT" />
		<option value="27" name="R8G8B8A8_TYPELESS" />
		<option value="28" name="R8G8B8A8_UNORM" />
		<option value="29" name="R8G8B8A8_UNORM_SRGB" />
		<option value="30" name="R8G8B8A8_UINT" />
		<option value="31" name="R8G8B8A8_SNORM" />
		<option value="32" name="R8G8B8A8_SINT" />
		<option value="33" name="R16G16_TYPELESS" />
		<option value="34" name="R16G16_FLOAT" />
		<option value="35" name="R16G16_UNORM" />
		<option value="36" name="R16G16_UINT" />
		<option value="37" name="R16G16_SNORM" />
		<option value="38" name="R16G16_SINT" />
		<option value="39" name="R32_TYPELESS" />
		<option value="40" name="D32_FLOAT" />
		<option value="41" name="R32_FLOAT" />
		<option value="42" name="R32_UINT" />
		<option value="43" name="R32_SINT" />
		<option value="44" name="R24G8_TYPELESS" />
		<option value="45" name="D24_UNORM_S8_UINT" />
		<option value="46" name="R24_UNORM_X8_TYPELESS" />
		<option value="47" name="X24_TYPELESS_G8_UINT" />
		<option value="48" name="R8G8_TYPELESS" />
		<option value="49" name="R8G8_UNORM" />
		<option value="50" name="R8G8_UINT" />
		<option value="51" name="R8G8_SNORM" />
		<option value="52" name="R8G8_SINT" />
		<option value="53" name="R16_TYPELESS" />
		<option value="54" name="R16_FLOAT" />
		<option value="55" name="D16_UNORM" />
		<option value="56" name="R16_UNORM" />
		<option value="57" name="R16_UINT" />
		<option value="58" name="R16_SNORM" />
		<option value="59" name="R16_SINT" />
		<option value="60" name="R8_TYPELESS" />
		<option value="61" name="R8_UNORM" />
		<option value="62" name="R8_UINT" />
		<option value="63" name="R8_SNORM" />
		<option value="64" name="R8_SINT" />
		<option value="65" name="A8_UNORM" />
		<option value="66" name="R1_UNORM" />
		<option value="67" name="R9G9B9E5_SHAREDEXP" />
		<option value="68" name="R8G8_B8G8_UNORM" />
		<option value="69" name="G8R8_G8B8_UNORM" />
		<option value="70" name="BC1_TYPELESS" />
		<option value="71" name="BC1_UNORM" />
		<option value="72" name="BC1_UNORM_SRGB" />
		<option value="73" name="BC2_TYPELESS" />
		<option value="74" name="BC2_UNORM" />
		<option value="75" name="BC2_UNORM_SRGB" />
		<option value="76" name="BC3_TYPELESS" />
		<option value="77" name="BC3_UNORM" />
		<option value="78" name="BC3_UNORM_SRGB" />
		<option value="79" name="BC4_TYPELESS" />
		<option value="80" name="BC4_UNORM" />
		<option value="81" name="BC4_SNORM" />
		<option value="82" name="BC5_TYPELESS" />
		<option value="83" name="BC5_UNORM" />
		<option value="84" name="BC5_SNORM" />
		<option value="85" name="B5G6R5_UNORM" />
		<option value="86" name="B5G5R5A1_UNORM" />
		<option value="87" name="B8G8R8A8_UNORM" />
		<option value="88" name="B8G8R8X8_UNORM" />
		<option value="89" name="R10G10B10_XR_BIAS_A2_UNORM" />
		<option value="90" name="B8G8R8A8_TYPELESS" />
		<option value="91" name="B8G8R8A8_UNORM_SRGB" />
		<option value="92" name="B8G8R8X8_TYPELESS" />
		<option value="93" name="B8G8R8X8_UNORM_SRGB" />
		<option value="94" name="BC6H_TYPELESS" />
		<option value="95" name="BC6H_UF16" />
		<option value="96" name="BC6H_SF16" />
		<option value="97" name="BC7_TYPELESS" />
		<option value="98" name="BC7_UNORM" />
		<option value="99" name="BC7_UNORM_SRGB" />
		<option value="100" name="AYUV" />
		<option value="101" name="Y410" />
		<option value="102" name="Y416" />
		<option value="103" name="NV12" />
		<option value="104" name="P010" />
		<option value="105" name="P016" />
<!--		<option value="106" name="420_OPAQUE" />-->
		<option value="107" name="YUY2" />
		<option value="108" name="Y210" />
		<option value="109" name="Y216" />
		<option value="110" name="NV11" />
		<option value="111" name="AI44" />
		<option value="112" name="IA44" />
		<option value="113" name="P8" />
		<option value="114" name="A8P8" />
		<option value="115" name="B4G4R4A4_UNORM" />
        a break in the enum values
		<option value="130" name="P208" />
		<option value="131" name="V208" />
		<option value="132" name="V408" />
		<option value="0xffffffff" name="FORCE_UINT" />
    </enum>
    
    <enum name="D3D10 RESOURCE DIMENSION" numbytes="4" storage="uint" default="0">
        An unsigned 32-bit integer. Identifies the type of resource being used.
		<option value="0" name="D3D10_RESOURCE_DIMENSION_UNKNOWN" />
		<option value="1" name="D3D10_RESOURCE_DIMENSION_BUFFER" />
		<option value="2" name="D3D10_RESOURCE_DIMENSION_TEXTURE1D" />
		<option value="3" name="D3D10_RESOURCE_DIMENSION_TEXTURE2D" />
		<option value="4" name="D3D10_RESOURCE_DIMENSION_TEXTURE3D" />
    </enum>
		
    <!--
    ******************
    *** bitstructs ***
    ******************
    -->

    <bitstruct name="HeaderFlags" numbytes="4" storage="uint">
        <bits name="Caps" numbits="1" default="1">Always 1.</bits>
        <bits name="Height" numbits="1" />
        <bits name="Width" numbits="1" />
        <bits name="Pitch" numbits="1" />
        <bits name="Reserved 1" numbits="8" />
        <bits name="Pixel Format" numbits="1" default="1">Always 1.</bits>
        <bits name="Reserved 2" numbits="4" />
        <bits name="Mipmap Count" numbits="1" />
        <bits name="Reserved 3" numbits="1" />
        <bits name="Linear Size" numbits="1" />
        <bits name="Reserved 4" numbits="3" />
        <bits name="Depth" numbits="1" />
    </bitstruct>

    <bitstruct name="PixelFormatFlags" numbytes="4" storage="uint">
        <bits name="Alpha Pixels" numbits="1" />
        <bits name="Alpha" numbits="1" />
        <bits name="FourCC" numbits="1">Set this option for compressed files. The pixel format FourCC determines the compression type.</bits>
        <bits name="Palette Indexed 4" numbits="1" />
        <bits name="Reserved 1" numbits="1" />
        <bits name="Palette Indexed 8" numbits="1" />
        <bits name="RGB" numbits="1">Set this option for uncompressed files.</bits>
        <bits name="Reserved 2" numbits="4" />
        <bits name="Palette Indexed 1" numbits="1" />
        <bits name="Palette Indexed 2" numbits="1" />
        <bits name="Reserved 3" numbits="2" />
        <bits name="Alpha Premult" numbits="1" />
        <bits name="Reserved 4" numbits="1" />
        <bits name="Luminance" numbits="1" />
        <bits name="Reserved 5" numbits="13" />
        <bits name="Normal" numbits="1" />
    </bitstruct>

    <bitstruct name="Caps1" numbytes="4" storage="uint">
        <bits name="Reserved 1" numbits="3" />
        <bits name="Complex" numbits="1" />
        <bits name="Reserved 2" numbits="8" />
        <bits name="Texture" numbits="1" default="1" />
        <bits name="Reserved 3" numbits="9" />
        <bits name="Mipmap" numbits="1" />
    </bitstruct>

    <bitstruct name="Caps2" numbytes="4" storage="uint" >
        <bits name="Reserved 1" numbits="9" />
        <bits name="Cubemap" numbits="1" />
        <bits name="Cubemap Pos X" numbits="1" />
        <bits name="Cubemap Neg X" numbits="1" />
        <bits name="Cubemap Pos Y" numbits="1" />
        <bits name="Cubemap Neg Y" numbits="1" />
        <bits name="Cubemap Pos Z" numbits="1" />
        <bits name="Cubemap Neg Z" numbits="1" />
        <bits name="Reserved 2" numbits="5" />
        <bits name="Volume" numbits="1" />
    </bitstruct>

    <!--
    ***************
    *** structs ***
    ***************
    -->

    <struct name="PixelFormat">
        <add name="Size" type="uint" default="32">Always 32.</add>
        <add name="Flags" type="PixelFormatFlags">Non-zero for DX9, zero for DX10.</add>
        <add name="FourCC" type="FourCC">Determines compression type. Zero means no compression.</add> 
        <add name="Bit Count" type="uint">For non-compressed types, this is either 24 or 32 depending on whether there is an alpha channel. For compressed types, this describes the number of bits per block, which can be either 256 or 512.</add>
        <add name="R Mask" type="uint">For non-compressed types, this determines the red mask. Usually 0x00FF0000. Is zero for compressed textures.</add>
        <add name="G Mask" type="uint">For non-compressed types, this determines
 the green mask. Usually 0x0000FF00. Is zero for compressed textures.</add>
        <add name="B Mask" type="uint">For non-compressed types, this determines
 the blue mask. Usually 0x00FF0000. Is zero for compressed textures.</add>
        <add name="A Mask" type="uint">For non-compressed types, this determines
 the alpha mask. Usually 0x00000000 if there is no alpha channel and 0xFF000000 if there is an alpha channel. Is zero for compressed textures.</add>
    </struct>

    <struct name="DXT10Header" numbytes="20">
        <add name="DxgiFormat" type="DxgiFormat" />
        <add name="Resource Dimension" type="D3D10 RESOURCE DIMENSION" />
        <add name="Misc Flag" type="uint" />
        <add name="num_tiles" type="uint" default="1" />
        <add name="Misc Flag 2" type="uint" />
    </struct>

    <struct name="Header">
        <add name="Header String" type="FixedString" arg="4">DDS </add>
        <add name="Size" type="uint" default="124">Always 124 + 4 bytes for headerstring, header ends at 128.</add>
        <add name="Flags" type="HeaderFlags" />
        <add name="Height" type="uint">The texture height.</add>
        <add name="Width" type="uint">The texture width.</add>
        <add name="Linear Size" type="uint" />
        <add name="Depth" type="uint" default="1"/>
        <add name="Mipmap Count" type="uint" />
        <add name="Reserved 1" type="uint" arr1="11" />
        <add name="Pixel Format" type="PixelFormat" />
        <add name="Caps 1" type="Caps1" />
        <add name="Caps 2" type="Caps2" />
        <add name="Caps 3" type="uint" />
        <add name="Caps 4" type="uint" />
        <add name="Unused" type="uint" />
		
        <!-- DX10 extensions, only if FourCC == "DX10", does not count into 'size' -->
        <add name="DX10" type="DXT10Header" cond="Pixel Format\FourCC == 808540228" />
    </struct>

</fileformat>

