<?xml version="1.0" encoding="UTF-8"?>
<!DOCTYPE niftoolsxml>
<niftoolsxml version="0.7.1.0">

	<xi:include href="../ovl_base/ovl_base.xml" xmlns:xi="http://www.w3.org/2001/XInclude" xpointer="xpointer(*/*)" />

    <compound name="IslandRoot" inherit="MemStruct">
        JWE2: 32 bytes
        <add name="path_name" type="Pointer" template="ZString"/>
        <add name="a" type="float"/>
        <add name="b" type="float"/>
        <add name="count" type="uint64"/>
        <add name="zero" type="uint64"/>
    </compound>

</niftoolsxml>
