<GameText>
  <Locale ID="en">
    <Line Key="TXT_ACTGOAL_BUILDPALACE_NAME" Note="Act goal for the player to build a palace">
      <Text>Build a /href:t:ImprovementType:imp_Palace/{TXT_IMP_PALACE}/Endhref/</Text>
    </Line>
	  <Line Key="TXT_ACTGOAL_POPULATIONGAIN_NAME" Note="Act goal for the player to gain X population">
		  <Text>Gain {0} {TXT_TRM_POPULATION}</Text>
	  </Line>
	  <Line Key="TXT_ACTGOAL_POPULATIONGAIN_DESC" Note="Act goal description to gain X population">
		  <Text>Gain {0} {TXT_TRM_POPULATION}. {1} {TXT_TRM_POPULATION} gained this {TXT_TRM_ACT}.</Text>
	  </Line>
    <!--SPECIFIC TRIUMPHS-->
    <Line Key="TXT_ACTGOAL_STONEHENGE_NAME" Note="The proper name of the Stonehenge monument in England">
      <Text>/href:t:ImprovementType:imp_Stonehenge/{TXT_IMP_STONEHENGE}/Endhref/</Text>
    </Line>
    <Line Key="TXT_ACTGOAL_GREAT_PYRAMIDS_OF_GIZA_NAME" Note="The proper name of the Great Pyramids of Giza">
      <Text>/href:t:ImprovementType:imp_GreatPyramids/{TXT_IMP_GREAT_PYRAMIDS_OF_GIZA}/Endhref/</Text>
    </Line>
    <Line Key="TXT_ACTGOAL_THE_HANGING_GARDENS_NAME" Note="The proper name of the Hanging Gardens of Nineveh">
      <Text>/href:t:ImprovementType:imp_HangingGardens/{TXT_IMP_HANGING_GARDENS_OF_NINEVEH}/Endhref/</Text>
    </Line>
    <Line Key="TXT_ACTGOAL_COLOSSEUM_NAME" Note="The proper name of the Roman Colosseum">
      <Text>/href:t:ImprovementType:imp_Colosseum/{TXT_IMP_COLOSSEUM}/Endhref/</Text>
    </Line>
    <Line Key="TXT_ACTGOAL_COLOSSUS_OF_RHODES_NAME" Note="The proper name of the Colossus of Rhodes">
      <Text>/href:t:ImprovementType:imp_ColossusofRhodes/{TXT_IMP_COLOSSUS_OF_RHODES}/Endhref/</Text>
    </Line>
    <Line Key="TXT_ACTGOAL_LIGHTHOUSE_AT_ALEXANDRIA_NAME" Note="The proper name of the Lighthouse of Alexandria">
      <Text>/href:t:ImprovementType:imp_LighthouseatAlexandria/{TXT_IMP_LIGHTHOUSE_AT_ALEXANDRIA}/Endhref/</Text>
    </Line>
    <Line Key="TXT_ACTGOAL_LIBRARY_OF_CELSUS_NAME" Note="The proper name of the Libary of Celsus">
      <Text>/href:t:ImprovementType:imp_LibraryofCelsus/{TXT_IMP_LIBRARY_OF_CELSUS}/Endhref/</Text>
    </Line>
    <Line Key="TXT_ACTGOAL_THE_ACROPOLIS_NAME" Note="The proper name of the Acropolis">
      <Text>/href:t:ImprovementType:imp_TheAcropolis/{TXT_IMP_THE_ACROPOLIS}/Endhref/</Text>
    </Line>
    <Line Key="TXT_ACTGOAL_TEMPLE_OF_BEL_NAME" Note="The proper name of the Temple of Bel">
      <Text>/href:t:ImprovementType:imp_TempleofBel/{TXT_IMP_TEMPLE_OF_BEL}/Endhref/</Text>
    </Line>
    <Line Key="TXT_ACTGOAL_OXFORD_UNIVERSITY_NAME" Note="The proper name of Oxford University">
      <Text>/href:t:ImprovementType:imp_OxfordUniversity/{TXT_IMP_OXFORD_UNIVERSITY}/Endhref/</Text>
    </Line>
    <Line Key="TXT_ACTGOAL_COLOGNE_CATHEDRAL_NAME" Note="The proper name of the Cologne Cathedral">
      <Text>/href:t:ImprovementType:imp_CologneCathedral/{TXT_IMP_COLOGNE_CATHEDRAL}/Endhref/</Text>
    </Line>
    <Line Key="TXT_ACTGOAL_MONASTERY_OF_BATALHA_NAME" Note="The proper name of the Monastery of Batalha">
      <Text>/href:t:ImprovementType:imp_MonasteryOfBatalha/{TXT_IMP_MONASTERY_OF_BATALHA}/Endhref/</Text>
    </Line>
    <Line Key="TXT_ACTGOAL_ANGKOR_WAT_NAME" Note="The proper name of Angkor Wat">
      <Text>/href:t:ImprovementType:imp_AngkorWat/{TXT_IMP_ANGKOR_WAT}/Endhref/</Text>
    </Line>
    <Line Key="TXT_ACTGOAL_THE_WHITE_COLUMN_NAME" Note="The proper name of the White Column">
      <Text>/href:t:ImprovementType:imp_WhiteColumn/{TXT_IMP_THE_WHITE_COLUMN}/Endhref/</Text>
    </Line>
    <Line Key="TXT_ACTGOAL_LA_GRAND_PLACE_NAME" Note="The proper name of the Le Grand-Place in Brussels">
      <Text>/href:t:ImprovementType:imp_LaGrandPlace/{TXT_IMP_LA_GRAND_PLACE}/Endhref/</Text>
    </Line>
    <Line Key="TXT_ACTGOAL_HIMEJI_JO" Note="The proper name of the Himeji-Jo castle in Japan">
      <Text>/href:t:ImprovementType:imp_Himeji_jo/{TXT_IMP_HIMEJI_JO}/Endhref/</Text>
    </Line>
    <Line Key="TXT_ACTGOAL_MINES_OF_RAMMLESBERG" Note="The proper name of the Mines of Rammlesberg">
      <Text>/href:t:ImprovementType:imp_MinesOfRammlesberg/{TXT_IMP_MINES_OF_RAMMLESBERG}/Endhref/</Text>
    </Line>
    <Line Key="TXT_ACTGOAL_ST_BASILS_CATHEDRAL_NAME" Note="The proper name of Saint Basils Cathedral">
      <Text>/href:t:ImprovementType:imp_StBasilsCathedral/{TXT_IMP_ST_BASILS_CATHEDRAL}/Endhref/</Text>
    </Line>
    <Line Key="TXT_ACTGOAL_CLASSICAL_GARDENS_OF_SUZHOU_NAME" Note="The proper name of the Classical Gardens of Suzhou in China">
      <Text>/href:t:ImprovementType:imp_ClassicalGardensOfSuzhou/{TXT_IMP_CLASSICAL_GARDENS_OF_SUZHOU}/Endhref/</Text>
    </Line>
    <Line Key="TXT_ACTGOAL_JOHNS_HOPKINS_HOSPITAL_NAME" Note="The proper name of John Hopkins Hospital">
      <Text>/href:t:ImprovementType:imp_JohnsHopkinsHospital/{TXT_IMP_JOHNS_HOPKINS_HOSPITAL}/Endhref/</Text>
    </Line>
    <Line Key="TXT_ACTGOAL_THE_SMITHSONIAN_NAME" Note="The proper name of the Smithsonian Institue">
      <Text>/href:t:ImprovementType:imp_TheSmithsonianInstitute/{TXT_IMP_THE_SMITHSONIAN_INSTITUTE}/Endhref/</Text>
    </Line>
    <Line Key="TXT_ACTGOAL_SAGRADA_FAMILIA_NAME" Note="The proper name of the Sagrada Familia church in Spain">
      <Text>/href:t:ImprovementType:imp_SagradaFamilia/{TXT_IMP_SAGRADA_FAMILIA}/Endhref/</Text>
    </Line>
    <Line Key="TXT_ACTGOAL_BRANDENBURG_GATE_NAME" Note="The proper name of the Brandenburg Gate in Germany">
      <Text>/href:t:ImprovementType:imp_BrandenburgGate/{TXT_IMP_BRANDENBURG_GATE}/Endhref/</Text>
    </Line>
    <Line Key="TXT_ACTGOAL_TAJ_MAHAL_NAME" Note="The proper name of the Taj Mahal in India">
      <Text>/href:t:ImprovementType:imp_TajMahal/{TXT_IMP_TAJ_MAHAL}/Endhref/</Text>
    </Line>
    <Line Key="TXT_ACTGOAL_STATUE_OF_LIBERTY_NAME" Note="The proper name of the Statue of Liberty in New York">
      <Text>/href:t:ImprovementType:imp_StatueOfLiberty/{TXT_IMP_STATUE_OF_LIBERTY}/Endhref/</Text>
    </Line>
    <Line Key="TXT_ACTGOAL_HWASEONG_FORTRESS_NAME" Note="The proper name of the Hwaseong Fortress in South Korea">
      <Text>/href:t:ImprovementType:imp_HwaseongFortress/{TXT_IMP_HWASEONG_FORTRESS}/Endhref/</Text>
    </Line>
    <Line Key="TXT_ACTGOAL_VOLKINGEN_IRONWORKS_NAME" Note="The proper name of the Volklingen Ironworks in Germany">
      <Text>/href:t:ImprovementType:imp_VolklingenIronworks/{TXT_IMP_VOLKLINGEN_IRONWORKS}/Endhref/</Text>
    </Line>
    <Line Key="TXT_ACTGOAL_EIFFEL_TOWER_NAME" Note="The proper name of the Eiffel Tower in France">
      <Text>/href:t:ImprovementType:imp_EiffelTower/{TXT_IMP_EIFFEL_TOWER}/Endhref/</Text>
    </Line>
    <Line Key="TXT_ACTGOAL_LONDON_EYE_NAME" Note="The proper name of the London Eye Bridge in London">
      <Text>/href:t:ImprovementType:imp_LondonEye/{TXT_IMP_LONDON_EYE}/Endhref/</Text>
    </Line>
    <Line Key="TXT_ACTGOAL_SYDNEY_OPERA_HOUSE_NAME" Note="The proper name of the Sydney Opera House in Australia">
      <Text>Deprecated</Text>
    </Line>
    <Line Key="TXT_ACTGOAL_LARGE_HADRON_COLLIDER_NAME" Note="The proper name of the Large Hadron Collider">
      <Text>/href:t:ImprovementType:imp_HadronCollider/{TXT_IMP_HADRON_COLLIDER}/Endhref/</Text>
    </Line>
    <Line Key="TXT_ACTGOAL_HELLISHEIDI_POWER_STATION_NAME" Note="The proper name of the Hellisheidi Power Station">
      <Text>Deprecated</Text>
    </Line>
    <Line Key="TXT_ACTGOAL_BURJ_KHALIFA_NAME" Note="The proper name of the Burj Khalifa Skyscraper in Dubai">
      <Text>/href:t:ImprovementType:imp_BurjKhalifa/{TXT_IMP_BURJ_KHALIFA}/Endhref/</Text>
    </Line>
    <Line Key="TXT_ACTGOAL_AIRFORCE_ACADEMY_CHAPEL_NAME" Note="The proper name of the Airforce Academy Cadet Chapel in Colorado">
    	<Text>/href:t:ImprovementType:imp_AirForceAcademyChapel/{TXT_IMP_AIR_FORCE_ACADEMY_CHAPEL}/Endhref</Text>
    </Line>
    <Line Key="TXT_ACTGOAL_BAGGER_293_NAME" Note="The proper name of the SRs 8000, which is a giant excavator made in Germany">
      <Text>/href:t:ImprovementType:imp_Bagger293/{TXT_IMP_BAGGER_293}/Endhref/</Text>
    </Line>
    <Line Key="TXT_ACTGOAL_GUGGENHEIM_MUSEUM_BILBAO_NAME" Note="The proper name of the Guggenheim Museum in Bilbao">
      <Text>/href:t:ImprovementType:imp_GuggenheimMuseumBilbao/{TXT_IMP_GUGGENHEIM_MUSEUM_BILBAO}/Endhref/</Text>
    </Line>
    <Line Key="TXT_ACTGOAL_THE_LOTUS_TEMPLE_NAME" Note="The proper name of the Lotus Temple in India">
      <Text>/href:t:ImprovementType:imp_TheLotusTemple/{TXT_IMP_THE_LOTUS_TEMPLE}/Endhref/</Text>
    </Line>
    <!--DESCRIPTIONS-->
    <Line Key="TXT_ACTGOAL_BUILDPALACE_DESC" Note="Act goal description to build X palace improvements">
      <Text>Build {0} {TXT_TRM_PALACE {0}}. You have built {1} this {TXT_TRM_ACT}.</Text>
    </Line>
    <Line Key="TXT_ACTGOAL_STONEHENGE_DESC" Note="Act goal description to be the first to build Stonehenge">
      <Text>Be the first to build /href:t:ImprovementType:imp_Stonehenge/{TXT_IMP_STONEHENGE}/Endhref/.</Text>
    </Line>
    <Line Key="TXT_ACTGOAL_GREAT_PYRAMIDS_OF_GIZA_DESC" Note="Act goal description to be the first to build the Great Pyramids of Giza">
      <Text>Be the first to build /href:t:ImprovementType:imp_GreatPyramids/{TXT_IMP_GREAT_PYRAMIDS_OF_GIZA}/Endhref/.</Text>
    </Line>
    <Line Key="TXT_ACTGOAL_THE_HANGING_GARDENS_DESC" Note="Act goal description to be the first to build the Hanging Gardens of Nineveh">
      <Text>Be the first to build /href:t:ImprovementType:imp_HangingGardens/{TXT_IMP_HANGING_GARDENS_OF_NINEVEH}/Endhref/.</Text>
    </Line>
    <Line Key="TXT_ACTGOAL_COLOSSEUM_DESC" Note="Act goal description to be the first to build the Colosseum">
      <Text>Be the first to build /href:t:ImprovementType:imp_Colosseum/{TXT_IMP_COLOSSEUM}/Endhref/</Text>
    </Line>
    <Line Key="TXT_ACTGOAL_COLOSSUS_OF_RHODES_DESC" Note="Act goal description to be the first to build the Colossus of Rhodes">
      <Text>Be the first to build /href:t:ImprovementType:imp_ColossusofRhodes/{TXT_IMP_COLOSSUS_OF_RHODES}/Endhref/.</Text>
    </Line>
    <Line Key="TXT_ACTGOAL_LIGHTHOUSE_AT_ALEXANDRIA_DESC" Note="Act goal description to be the first to build the Lighthouse at Alexandria">
      <Text>Be the first to build /href:t:ImprovementType:imp_LighthouseatAlexandria/{TXT_IMP_LIGHTHOUSE_AT_ALEXANDRIA}/Endhref/.</Text>
    </Line>
    <Line Key="TXT_ACTGOAL_LIBRARY_OF_CELSUS_DESC" Note="Act goal description to be the first to build the Library of Celsus">
      <Text>Be the first to build /href:t:ImprovementType:imp_LibraryofCelsus/{TXT_IMP_LIBRARY_OF_CELSUS}/Endhref/.</Text>
    </Line>
    <Line Key="TXT_ACTGOAL_THE_ACROPOLIS_DESC" Note="Act goal description to be the first to build the Acropolis">
      <Text>Be the first to build /href:t:ImprovementType:imp_TheAcropolis/{TXT_IMP_THE_ACROPOLIS}/Endhref/.</Text>
    </Line>
    <Line Key="TXT_ACTGOAL_TEMPLE_OF_BEL_DESC" Note="Act goal description to be the first to build the Temple of Bel">
      <Text>Be the first to build /href:t:ImprovementType:imp_TempleofBel/{TXT_IMP_TEMPLE_OF_BEL}/Endhref/.</Text>
    </Line>
    <Line Key="TXT_ACTGOAL_OXFORD_UNIVERSITY_DESC" Note="Act goal description to be the first to build Oxford University">
      <Text>Be the first to build /href:t:ImprovementType:imp_OxfordUniversity/{TXT_IMP_OXFORD_UNIVERSITY}/Endhref/.</Text>
    </Line>
    <Line Key="TXT_ACTGOAL_COLOGNE_CATHEDRAL_DESC" Note="Act goal description to be the first to build the Cologne Cathedral">
      <Text>Be the first to build /href:t:ImprovementType:imp_CologneCathedral/{TXT_IMP_COLOGNE_CATHEDRAL}/Endhref/.</Text>
    </Line>
    <Line Key="TXT_ACTGOAL_MONASTERY_OF_BATALHA_DESC" Note="Act goal description to be the first to build the Monastery of Batalha">
      <Text>Be the first to build /href:t:ImprovementType:imp_MonasteryOfBatalha/{TXT_IMP_MONASTERY_OF_BATALHA}/Endhref/.</Text>
    </Line>
    <Line Key="TXT_ACTGOAL_ANGKOR_WAT_DESC" Note="Act goal description to be the first to build Angkor Wat">
      <Text>Be the first to build /href:t:ImprovementType:imp_AngkorWat/{TXT_IMP_ANGKOR_WAT}/Endhref/.</Text>
    </Line>
    <Line Key="TXT_ACTGOAL_THE_WHITE_COLUMN_DESC" Note="Act goal description to be the first to build The White Column">
      <Text>Be the first to build /href:t:ImprovementType:imp_WhiteColumn/{TXT_IMP_THE_WHITE_COLUMN}/Endhref/.</Text>
    </Line>
    <Line Key="TXT_ACTGOAL_LA_GRAND_PLACE_DESC" Note="Act goal description to be the first to build Le Grand-Place">
      <Text>Be the first to build /href:t:ImprovementType:imp_LaGrandPlace/{TXT_IMP_LA_GRAND_PLACE}/Endhref/.</Text>
    </Line>
    <Line Key="TXT_ACTGOAL_HIMEJI_JO_DESC" Note="Act goal description to be the first to build the Himeji-Jo Temple">
      <Text>Be the first to build /href:t:ImprovementType:imp_Himeji_jo/{TXT_IMP_HIMEJI_JO}/Endhref/.</Text>
    </Line>
    <Line Key="TXT_ACTGOAL_MINES_OF_RAMMLESBERG_DESC" Note="Act goal description to be the first to build the Mines of Rammlesberg">
      <Text>Be the first to build /href:t:ImprovementType:imp_MinesOfRammlesberg/{TXT_IMP_MINES_OF_RAMMLESBERG}/Endhref/.</Text>
    </Line>
    <Line Key="TXT_ACTGOAL_ST_BASILS_CATHEDRAL_DESC" Note="Act goal description to be the first to build Saint Basils Cathedral">
      <Text>Be the first to build /href:t:ImprovementType:imp_StBasilsCathedral/{TXT_IMP_ST_BASILS_CATHEDRAL}/Endhref/.</Text>
    </Line>
    <Line Key="TXT_ACTGOAL_CLASSICAL_GARDENS_OF_SUZHOU_DESC" Note="Act goal description to be the first to build The Classical Gardens of Suzhou">
      <Text>Be the first to build /href:t:ImprovementType:imp_ClassicalGardensOfSuzhou/{TXT_IMP_CLASSICAL_GARDENS_OF_SUZHOU}/Endhref/.</Text>
    </Line>
    <Line Key="TXT_ACTGOAL_THE_SMITHSONIAN_DESC" Note="Act goal description to be the first to build the Smithsonian Institue">
      <Text>Be the first to build /href:t:ImprovementType:imp_TheSmithsonianInstitute/{TXT_IMP_THE_SMITHSONIAN_INSTITUTE}/Endhref/.</Text>
    </Line>
    <Line Key="TXT_ACTGOAL_SAGRADA_FAMILIA_DESC" Note="Act goal description to be the first to build the Sagrada Familia">
      <Text>Be the first to build /href:t:ImprovementType:imp_SagradaFamilia/{TXT_IMP_SAGRADA_FAMILIA}/Endhref/.</Text>
    </Line>
    <Line Key="TXT_ACTGOAL_BRANDENBURG_GATE_DESC" Note="Act goal description to be the first to build the Brandenburg Gate">
      <Text>Be the first to build /href:t:ImprovementType:imp_BrandenburgGate/{TXT_IMP_BRANDENBURG_GATE}/Endhref/.</Text>
    </Line>
    <Line Key="TXT_ACTGOAL_TAJ_MAHAL_DESC" Note="Act goal description to be the first to build the Taj Mahal">
      <Text>Be the first to build /href:t:ImprovementType:imp_TajMahal/{TXT_IMP_TAJ_MAHAL}/Endhref/.</Text>
    </Line>
    <Line Key="TXT_ACTGOAL_STATUE_OF_LIBERTY_DESC" Note="Act goal description to be the first to build the Statue of Liberty">
      <Text>Be the first to build /href:t:ImprovementType:imp_StatueOfLiberty/{TXT_IMP_STATUE_OF_LIBERTY}/Endhref/.</Text>
    </Line>
    <Line Key="TXT_ACTGOAL_HWASEONG_FORTRESS_DESC" Note="Act goal description to be the first to build Hwaseong Fortress">
      <Text>Be the first to build /href:t:ImprovementType:imp_HwaseongFortress/{TXT_IMP_HWASEONG_FORTRESS}/Endhref/.</Text>
    </Line>
    <Line Key="TXT_ACTGOAL_VOLKINGEN_IRONWORKS_DESC" Note="Act goal description to be the first to build the Volklingen Ironworks">
      <Text>Be the first to build /href:t:ImprovementType:imp_VolklingenIronworks/{TXT_IMP_VOLKLINGEN_IRONWORKS}/Endhref/.</Text>
    </Line>
    <Line Key="TXT_ACTGOAL_EIFFEL_TOWER_DESC" Note="Act goal description to be the first to build the Eiffel Tower">
      <Text>Be the first to build /href:t:ImprovementType:imp_EiffelTower/{TXT_IMP_EIFFEL_TOWER}/Endhref/.</Text>
    </Line>
    <Line Key="TXT_ACTGOAL_LONDON_EYE_DESC" Note="Act goal description to be the first to build the London Eye">
      <Text>Be the first to build /href:t:ImprovementType:imp_LondonEye/{TXT_IMP_LONDON_EYE}/Endhref/.</Text>
    </Line>
    <Line Key="TXT_ACTGOAL_SYDNEY_OPERA_HOUSE_DESC" Note="Act goal description to be the first to build the Sydney Opera House">
      <Text>Deprecated</Text>
    </Line>
    <Line Key="TXT_ACTGOAL_LARGE_HADRON_COLLIDER_DESC" Note="Act goal description to be the first to build the Large Hadron Collider">
      <Text>Be the first to build /href:t:ImprovementType:imp_HadronCollider/{TXT_IMP_HADRON_COLLIDER}/Endhref/.</Text>
    </Line>
    <Line Key="TXT_ACTGOAL_HELLISHEIDI_POWER_STATION_DESC" Note="Act goal description to be the first to build the Hellisheidi Power Station">
      <Text>Deprecated</Text>
    </Line>
    <Line Key="TXT_ACTGOAL_BURJ_KHALIFA_DESC" Note="Act goal description to be the first to build the Burj Khalifa">
      <Text>Be the first to build /href:t:ImprovementType:imp_BurjKhalifa/{TXT_IMP_BURJ_KHALIFA}/Endhref/.</Text>
    </Line>

    <Line Key="TXT_ACTGOAL_AIRFORCE_ACADEMY_CHAPEL_DESC" Note="Act goal description to be the first to build the Airforce Academy Chapel">
    	<Text>Be the first to build /href:t:ImprovementType:imp_AirForceAcademyChapel/{TXT_IMP_AIR_FORCE_ACADEMY_CHAPEL}/Endhref.</Text>
    </Line>

    <Line Key="TXT_ACTGOAL_BAGGER_293_DESC" Note="Act goal description to be the first to build the SRs 8000">
      <Text>Be the first to build /href:t:ImprovementType:imp_Bagger293/{TXT_IMP_BAGGER_293}/Endhref/.</Text>
    </Line>
    <Line Key="TXT_ACTGOAL_GUGGENHEIM_MUSEUM_BILBAO_DESC" Note="Act goal description to be the first to build the Guggenheim Museum Bilbao">
      <Text>Be the first to build /href:t:ImprovementType:imp_GuggenheimMuseumBilbao/{TXT_IMP_GUGGENHEIM_MUSEUM_BILBAO}/Endhref/.</Text>
    </Line>
    <Line Key="TXT_ACTGOAL_THE_LOTUS_TEMPLE_DESC" Note="Act goal description to be the first to build the Lotus Temple">
      <Text>Be the first to build /href:t:ImprovementType:imp_TheLotusTemple/{TXT_IMP_THE_LOTUS_TEMPLE}/Endhref/.</Text>
    </Line>
    <Line Key="TXT_ACTGOAL_JOHNS_HOPKINS_HOSPITAL_DESC" Note="Act goal description to be the first to build John Hopkins Hospital">
      <Text>Be the first to build /href:t:ImprovementType:imp_JohnsHopkinsHospital/{TXT_IMP_JOHNS_HOPKINS_HOSPITAL}/Endhref/.</Text>
    </Line>
  </Locale>
</GameText>