<GameText>
  <!--The Note attribute is a non game-facing field giving more context to the translator. -->
  <Locale ID="en">
    <!-- ................................................................................. -->
    <!-- ................................................................................. -->
    <!-- Main Paragraphs -->
    <!-- ................................................................................. -->
    <!-- ................................................................................. -->

    <!-- ................................................................................. -->
      
      <!-- You Lose Paragraph Tokens -->
      <!-- Symbols: {0_greeting}, {1_leader_name}, {2_title_name}, {3_people_name}, {4_prestige_score} -->

      <Line Key="TXT_ACT_RECAP_DEFEAT_NATION_CULLED_OPTION_1" Note="Recap of defeat due to nation being culled">
          <Text>/c:PrestigeGold/{0_greeting} {1_leader_name}/R/, fallen {2_title_name} of the benighted {3_people_name} people. Sadly, your Prestige score of {5_prestige_score} is too low to move into the next Act. This Ara journey ends here./n/nBut the next will be different. Victory lies in your grasp. Play again soon!</Text>
      </Line>


    <Line Key="TXT_ACT_RECAP_DEFEAT_NATION_KILLED_OPTION_1" Note="Recap of defeat due to leader being killed">
      <Text>/c:PrestigeGold/{0_greeting} {1_leader_name}/R/, fallen {2_title_name} of the benighted {3_people_name} people. Sadly, you were killed in the fields of battle. This Ara journey ends here./n/nBut the next will be different. Victory lies in your grasp. Play again soon!</Text>
    </Line>

    <Line Key="TXT_ACT_RECAP_DEFEAT_NATION_POP_DIED_OPTION_1" Note="Recap of defeat due to population dying out">
      <Text>/c:PrestigeGold/{0_greeting} {1_leader_name}/R/, fallen {2_title_name} of the benighted {3_people_name} people. Sadly, your population died out due to neglect . This Ara journey ends here./n/nBut the next will be different. Victory lies in your grasp. Play again soon!</Text>
    </Line>

    <Line Key="TXT_ACT_RECAP_DEFEAT_DEFAULT" Note="Recap of defeat">
      <Text>/c:PrestigeGold/{0_greeting} {1_leader_name}/R/, fallen {2_title_name} of the benighted {3_people_name} people. Sadly, you lost . This Ara journey ends here./n/nBut the next will be different. Victory lies in your grasp. Play again soon!</Text>
    </Line>

    <Line Key="TXT_ACT_RECAP_BETA_END" Note="Recap of game ending">
      <Text>/c:PrestigeGold/{0_greeting} {1_leader_name}/R/, {2_title_name} of the benighted {3_people_name} people. Sadly your time has ended. Play again soon!</Text>
    </Line>
    
    <!-- Intro Paragraph Tokens -->
    <!-- Symbols: {0_greeting}, {1_leader_name}, {2_title_name}, {3_people_name}, {4_year}, {5_prestige_amount} -->
    <!-- For Act 1 recap -->
    <Line Key="TXT_ACT_1_RECAP_INTRO_TIER_1" Note="Recap of act 1">
      <Text>/c:PrestigeGold/{0_greeting} {1_leader_name}/R/, illustrious {2_title_name} of the {3_people_name} people. It is year {4_year} of your enlightened rule. With {5_prestige_amount} Prestige, your Nation is among the world's most successful.</Text>
    </Line>
    
    <Line Key="TXT_ACT_1_RECAP_INTRO_TIER_2" Note="Recap of act 1">
      <Text>/c:PrestigeGold/{0_greeting} {1_leader_name}/R/, {2_title_name} of the {3_people_name} people. It is year {4_year} of your glorious rule. With {5_prestige_amount} Prestige, your Nation is seen as a middle power in the world.</Text>
    </Line>
    
    <Line Key="TXT_ACT_1_RECAP_INTRO_TIER_3" Note="Recap of act 1">
      <Text>/c:PrestigeGold/{0_greeting} {1_leader_name}/R/, beleaguered {2_title_name} of the {3_people_name} people. It is year {4_year} of your eventful rule. With just {5_prestige_amount} Prestige, your Nation teeters on the edge of extinction.</Text>
    </Line>

    <!-- For Act 2 Recap -->
    <Line Key="TXT_ACT_2_RECAP_INTRO_TIER_1" Note="Recap of act 2">
       <Text>/c:PrestigeGold/{0_greeting} {1_leader_name}/R/, illustrious {2_title_name} of the {3_people_name} people. It is year {4_year} of your enlightened rule. With {5_prestige_amount} Prestige, your Nation is among the world's most successful.</Text>
    </Line>

    <Line Key="TXT_ACT_2_RECAP_INTRO_TIER_2" Note="Recap of act 2">
      <Text>/c:PrestigeGold/{0_greeting} {1_leader_name}/R/, {2_title_name} of the {3_people_name} people. It is year {4_year} of your glorious rule. With {5_prestige_amount} Prestige, your Nation is seen as a middle power in the world.</Text>
    </Line>

    <Line Key="TXT_ACT_2_RECAP_INTRO_TIER_3" Note="Recap of act 2">
      <Text>/c:PrestigeGold/{0_greeting} {1_leader_name}/R/, beleaguered {2_title_name} of the {3_people_name} people. It is year {4_year} of your so-called rule. With just {5_prestige_amount} Prestige, your Nation teeters on the edge of extinction.</Text>
    </Line>

    <!-- For Act 3 Recap -->
    <Line Key="TXT_ACT_3_RECAP_INTRO_TIER_1" Note="Recap of act 3">
      <Text>/c:PrestigeGold/{0_greeting} {1_leader_name}/R/, illustrious {2_title_name} of the {3_people_name} people. It is year {4_year} of your enlightened rule. With {5_prestige_amount} Prestige, your Nation is among the world's most successful.</Text>
    </Line>

    <Line Key="TXT_ACT_3_RECAP_INTRO_TIER_2" Note="Recap of act 3">
     <Text>/c:PrestigeGold/{0_greeting} {1_leader_name}/R/, {2_title_name} of the {3_people_name} people. It is year {4_year} of your glorious rule. With {5_prestige_amount} Prestige, your Nation is seen as a middle power in the world.</Text>
    </Line>

    <Line Key="TXT_ACT_3_RECAP_INTRO_TIER_3" Note="Recap of act 3">
     <Text>/c:PrestigeGold/{0_greeting} {1_leader_name}/R/, illustrious {2_title_name} of the {3_people_name} people. It is year {4_year} of your enlightened rule. With {5_prestige_amount} Prestige, your Nation is among the world's most successful.</Text>
    </Line>
    <!-- ................................................................................. -->
    <!-- Military Paragraph Tokens -->
    <!-- Symbols: {0_nation_name}, {1_number_of_wars}, {2_number_of_winning_wars} , {3_numbers_of_Armies}, {4_number_of_enemy_Units_destroyed} -->
    
    <Line Key="TXT_ACT_1_RECAP_MILITARY_OPTION_1" Note="Recap of act 1 military">
      <Text>/c:PrestigeGold/Under your leadership/R/, {0_nation_name} has fought many battles and defeated many foes. Your conquests will forever stand as a monument to your martial fierceness!/n/nDuring Act I you fought in {1_number_of_wars}, winning {2_number_of_winning_wars} of them. You fielded {3_numbers_of_Armies}, and destroyed {4_number_of_enemy_Units_destroyed} enemy Units.
      </Text>
    </Line>

    <!-- For Act 2 to Act 3 -->
    <Line Key="TXT_ACT_2_RECAP_MILITARY_OPTION_1" Note="Recap of act 2 military">
      <Text>
        /c:PrestigeGold/Under your leadership/R/, {0_nation_name} has fought many battles and defeated many foes. Your conquests will forever stand as a monument to your martial fierceness!/n/nDuring Act I you fought in {1_number_of_wars}, winning {2_number_of_winning_wars} of them. You fielded {3_numbers_of_Armies}, and destroyed {4_number_of_enemy_Units_destroyed} enemy Units.
      </Text>
    </Line>

    <!-- For Act 3 -->
    <Line Key="TXT_ACT_3_RECAP_MILITARY_OPTION_1" Note="Recap of act 3 military">
      <Text>
         /c:PrestigeGold/Under your leadership/R/, {0_nation_name} has fought many battles and defeated many foes. Your conquests will forever stand as a monument to your martial fierceness!/n/nDuring Act I you fought in {1_number_of_wars}, winning {2_number_of_winning_wars} of them. You fielded {3_numbers_of_Armies}, and destroyed {4_number_of_enemy_Units_destroyed} enemy Units.
      </Text>
    </Line>
      
    <!-- ................................................................................. -->
    <!-- Commercial Paragraph Tokens -->
    <!-- Symbols: {0_nation_name}, {1_total_coins_earned}, {2_commercial_improvements_constructed}, {3_remaining_coins} (Coins in bank at end of Act.) -->
    
    <Line Key="TXT_ACT_1_RECAP_COMMERCE_OPTION_1" Note="Recap of act 1 commerce">
      <Text>/c:PrestigeGold/{0_nation_name} is becoming a world financial center/R/, and your thrifty people engage in all manner of commercial endeavors./n/nDuring Act I you earned {1_total_coins_earned} Wealth and constructed {2_commercial_improvements_constructed} Commercial Improvements. At the end of the Act you had {3_remaining_coins} in your Bank.</Text>
    </Line>

    <!-- For Act 2 to Act 3 -->
    <Line Key="TXT_ACT_2_RECAP_COMMERCE_OPTION_1" Note="Recap of act 2 commerce">
      <Text>/c:PrestigeGold/{0_nation_name} is becoming a world financial center/R/, and your thrifty people engage in all manner of commercial endeavors./n/nDuring Act I you earned {1_total_coins_earned} Wealth and constructed {2_commercial_improvements_constructed} Commercial Improvements. At the end of the Act you had {3_remaining_coins} in your Bank.</Text>
    </Line>

    <!-- For Act 3 -->
    <Line Key="TXT_ACT_3_RECAP_COMMERCE_OPTION_1" Note="Recap of act 3 commerce">
      <Text>/c:PrestigeGold/{0_nation_name} is becoming a world financial center/R/, and your thrifty people engage in all manner of commercial endeavors./n/nDuring Act I you earned {1_total_coins_earned} Wealth and constructed {2_commercial_improvements_constructed} Commercial Improvements. At the end of the Act you had {3_remaining_coins} in your Bank.</Text>
    </Line>
    <!-- ................................................................................. -->      
    <!-- Government Paragraph Tokens -->
    <!-- Symbols: {0_nation_name}, {1_number_of_regions}, {2_number_of_cities}, {3_number_of_regions_in_largest_city}, {4_number_of_governments_known}, {5_coins_earned_from_taxation} -->
    
    <Line Key="TXT_ACT_1_RECAP_GOVERNMENT_OPTION_1" Note="Recap of act 1 government">
      <Text>/c:PrestigeGold/{0_nation_name} has spread its political influence around the world/R/, and you have maintained firm control over the National Government./n/nDuring Act I you acquired {1_number_of_regions} Regions. You created {2_number_of_cities} Cities, the largest City consisting of {3_number_of_regions_in_largest_city} Regions. You know {4_number_of_governments_known} types of Government and have earned {5_coins_earned_from_taxation} in Taxes.
      </Text>
    </Line>
    
    <!-- For Act 2 to Act 3 -->
    <Line Key="TXT_ACT_2_RECAP_GOVERNMENT_OPTION_1" Note="Recap of act 2 government">
      <Text>
       /c:PrestigeGold/{0_nation_name} has spread its political influence around the world/R/, and you have maintained firm control over the National Government./n/nDuring Act I you acquired {1_number_of_regions} Regions. You created {2_number_of_cities} Cities, the largest City consisting of {3_number_of_regions_in_largest_city} Regions. You know {4_number_of_governments_known} types of Government and have earned {5_coins_earned_from_taxation} in Taxes.
      </Text>
    </Line>

    <!-- For Act 3 -->
    <Line Key="TXT_ACT_3_RECAP_GOVERNMENT_OPTION_1" Note="Recap of act 3 government">
      <Text>
       /c:PrestigeGold/{0_nation_name} has spread its political influence around the world/R/, and you have maintained firm control over the National Government./n/nDuring Act I you acquired {1_number_of_regions} Regions. You created {2_number_of_cities} Cities, the largest City consisting of {3_number_of_regions_in_largest_city} Regions. You know {4_number_of_governments_known} types of Government and have earned {5_coins_earned_from_taxation} in Taxes.
      </Text>
    </Line>
    <!-- ................................................................................. -->     
    <!-- Religion Paragraph Tokens -->
    <!-- Symbols: {0_nation_name}, {1_religion_name}, {2_number_of_religious_improvements}, {3_number_of_believers} -->
    
    <Line Key="TXT_ACT_1_RECAP_RELIGION_OPTION_1" Note="Recap of act 1 religion">
      <Text>/c:PrestigeGold/Religion is strong in {0_nation_name}/R/, and the faith of your people grows ever deeper. Surely Heaven will bless your efforts with success./n/nYou have spread {1_religion_name} far and wide. You have created {2_number_of_religious_improvements} Religious Improvements. At the end of Act I, your Religion has {3_number_of_believers} believers worldwide.
      </Text>
    </Line>

    <!-- For Act 2 to Act 3 -->
    <Line Key="TXT_ACT_2_RECAP_RELIGION_OPTION_1" Note="Recap of act 2 religion">
      <Text>
        /c:PrestigeGold/Religion is strong in {0_nation_name}/R/, and the faith of your people grows ever deeper. Surely Heaven will bless your efforts with success!/n/nYou have spread {1_religion_name} far and wide. You have created {2_number_of_religious_improvements} Religious Improvements. At the end of Act I, your Religion has {3_number_of_believers} believers worldwide.
      </Text>
    </Line>

    <!-- For Act 3 -->
    <Line Key="TXT_ACT_3_RECAP_RELIGION_OPTION_1" Note="Recap of act 3 religion">
      <Text>
       /c:PrestigeGold/Religion is strong in {0_nation_name}/R/, and the faith of your people grows ever deeper. Surely Heaven will bless your efforts with success!/n/nYou have spread {1_religion_name} far and wide. You have created {2_number_of_religious_improvements} Religious Improvements. At the end of Act I, your Religion has {3_number_of_believers} believers worldwide.
      </Text>
    </Line>
    <!-- ................................................................................. -->
    <!-- Culture Paragraph Tokens -->
    <!-- Symbols: {0_nation_name}, {1_number_of_masterpieces}, {2_number_of_triumphs}, {3_number_of_Cultural_Improvements} -->
    
    <Line Key="TXT_ACT_1_RECAP_CULTURE_OPTION_1" Note="Recap of act 1 culture">
      <Text>
          /c:PrestigeGold/Under your leadership/R/, {0_nation_name} has grown to be a force of Culture in the world. Everybody eats your street food!/n/nYou have built {1_number_of_masterpieces} Masterpieces,  {2_number_of_triumphs} Triumphs and {3_number_of_Cultural_Improvements} Cultural Improvements. Your Nation is beloved around the globe!
      </Text>
    </Line>

    <!-- For Act 2 to Act 3 -->
    <Line Key="TXT_ACT_2_RECAP_CULTURE_OPTION_1" Note="Recap of act 2 culture">
      <Text>
 /c:PrestigeGold/Under your leadership/R/, {0_nation_name} has grown to be a force of Culture in the world. Everybody eats your street food!/n/nYou have built {1_number_of_masterpieces} Masterpieces,  {2_number_of_triumphs} Triumphs and {3_number_of_Cultural_Improvements} Cultural Improvements. Your Nation is beloved around the globe!
      </Text>
    </Line>

    <!-- For Act 3 -->
    <Line Key="TXT_ACT_3_RECAP_CULTURE_OPTION_1" Note="Recap of act 3 culture">
      <Text>
        /c:PrestigeGold/Under your leadership/R/, {0_nation_name} has grown to be a force of Culture in the world. Everybody eats your street food!/n/nYou have built {1_number_of_masterpieces} Masterpieces,  {2_number_of_triumphs} Triumphs and {3_number_of_Cultural_Improvements} Cultural Improvements. Your Nation is beloved around the globe!
      </Text>
    </Line>
    <!-- ................................................................................. -->
    <!-- Science Paragraph Tokens -->
    <!-- Symbols: {0_nation_name}, {1_number_of_biomes}, {2_number_of_science_improvements}, {3_number_of_techs_known} -->

    <Line Key="TXT_ACT_1_RECAP_SCIENCE_OPTION_1" Note="Recap of act 1 science">
      <Text>/c:PrestigeGold/Following your enlightened guidance/R/, {0_nation_name} is one of the world leaders in science and education!/n/nYou have discovered {1_number_of_biomes} different biomes, constructed {2_number_of_science_improvements} Research and Educational Improvements, and learned {3_number_of_techs_known} Technologies. Keep on thinking!</Text>
    </Line>

    <!-- For Act 2 to Act 3 -->
    <Line Key="TXT_ACT_2_RECAP_SCIENCE_OPTION_1" Note="Recap of act 2 science">
      <Text>
        /c:PrestigeGold/Following your enlightened guidance/R/, {0_nation_name} is one of the world leaders in science and education!/n/nYou have discovered {1_number_of_biomes} different biomes, constructed {2_number_of_science_improvements} Research and Educational Improvements, and learned {3_number_of_techs_known} Technologies. Keep on thinking!
      </Text>
    </Line>

    <!-- For Act 3 -->
    <Line Key="TXT_ACT_3_RECAP_SCIENCE_OPTION_1" Note="Recap of act 3 science">
      <Text>
        /c:PrestigeGold/Following your enlightened guidance/R/, {0_nation_name} is one of the world leaders in science and education!/n/nYou have discovered {1_number_of_biomes} different biomes, constructed {2_number_of_science_improvements} Research and Educational Improvements, and learned {3_number_of_techs_known} Technologies. Keep on thinking!.
      </Text>
    </Line>
    <!-- ................................................................................. -->
    <!-- Industrial Paragraph Tokens -->
    <!-- Symbols: {0_nation_name}, {1_number_of_harvesting_improvements}, {2_number_of_crafting_improvements}, {3_number_of_crafted_items} -->
    
    <Line Key="TXT_ACT_1_RECAP_INDUSTRIAL_OPTION_1" Note="Recap of act 1 industry">
      <Text>
          /c:PrestigeGold/{0_nation_name} has a strong industrial base/R/. Your people are busy and productive!/n/nYou have made {1_number_of_harvesting_improvements} Resource-gathering Improvements and {2_number_of_crafting_improvements} Crafting Improvements. During the Act you Crafted {3_number_of_crafted_items} different items!
      </Text>
    </Line>

    <!-- For Act 2 to Act 3 -->
    <Line Key="TXT_ACT_2_RECAP_INDUSTRIAL_OPTION_1" Note="Recap of act 2 industry">
      <Text>
        /c:PrestigeGold/{0_nation_name} has a strong industrial base/R/. Your people are busy and productive!/n/nYou have made {1_number_of_harvesting_improvements} Resource-gathering Improvements and {2_number_of_crafting_improvements} Crafting Improvements. During the Act you Crafted {3_number_of_crafted_items} different items!
      </Text>
    </Line>

    <!-- For Act 3 -->
    <Line Key="TXT_ACT_3_RECAP_INDUSTRIAL_OPTION_1" Note="Recap of act 3 industry">
      <Text>
        /c:PrestigeGold/{0_nation_name} has a strong industrial base/R/. Your people are busy and productive!/n/nYou have made {1_number_of_harvesting_improvements} Resource-gathering Improvements and {2_number_of_crafting_improvements} Crafting Improvements. During the Act you Crafted {3_number_of_crafted_items} different items!
      </Text>
    </Line>
    <!-- ................................................................................. -->
    <!-- Closing Paragraph Tokens -->
    <!-- Symbols: {0_nation_name}, {1_leader_name}-->
    
    <Line Key="TXT_ACT_1_RECAP_CLOSING_TIER_1" Note="Recap of act 1 nation ranking">
      <Text>/c:PrestigeGold/While Act II has many challenges/R/, as a Tier I Nation, {0_nation_name} is well-positioned to survive and thrive – as long as you do not succumb to complacency Good luck, {1_leader_name}. </Text>
    </Line>

    <Line Key="TXT_ACT_1_RECAP_CLOSING_TIER_2" Note="Recap of act 1 nation ranking">
       <Text>/c:PrestigeGold/{0_nation_name} is in Tier II/R/. You are not in immediate danger of extinction, but you must improve your position in Act II if you are to achieve ultimate victory. Good luck, {1_leader_name}!</Text>
      </Line>

      <Line Key="TXT_ACT_1_RECAP_CLOSING_TIER_3" Note="Recap of act 1 nation ranking">
          <Text>/c:PrestigeGold/Tier III is a difficult place to be/R/, {1_leader_name}. You will need courage and luck if you are to survive Act II. The loyal people of {0_nation_name} look to you to bring home the win!</Text>
      </Line>

    <Line Key="TXT_ACT_2_RECAP_CLOSING_TIER_1" Note="Recap of act 2 nation ranking">
      <Text>/c:PrestigeGold/While Act II has many challenges/R/, as a Tier I Nation, {0_nation_name} is well-positioned to survive and thrive – as long as you do not succumb to complacency. Good luck, {1_leader_name}. </Text>
    </Line>

    <Line Key="TXT_ACT_2_RECAP_CLOSING_TIER_2" Note="Recap of act 2 nation ranking">
       <Text>/c:PrestigeGold/{0_nation_name} is in Tier II/R/. You are not in immediate danger of extinction, but you must improve your position in Act II if you are to achieve ultimate victory. Good luck, {1_leader_name}!</Text>
      </Line>

      <Line Key="TXT_ACT_2_RECAP_CLOSING_TIER_3" Note="Recap of act 2 nation ranking">
          <Text>/c:PrestigeGold/Tier III is a difficult place to be/R/, {1_leader_name}. You will need courage and luck if you are to survive Act II. The loyal people of {0_nation_name} look to you to bring home the win!</Text>
      </Line>

          <Line Key="TXT_ACT_3_RECAP_CLOSING_TIER_1" Note="Recap of act 3 nation ranking">
      <Text>/c:PrestigeGold/While Act II has many challenges/R/, as a Tier I Nation, {0_nation_name} is well-positioned to survive and thrive – as long as you do not succumb to complacency. Good luck, {1_leader_name}. </Text>
    </Line>

    <Line Key="TXT_ACT_3_RECAP_CLOSING_TIER_2" Note="Recap of act 3 nation ranking">
       <Text>/c:PrestigeGold/{0_nation_name} is in Tier II/R/. You are not in immediate danger of extinction, but you must improve your position in Act II if you are to achieve ultimate victory. Good luck, {1_leader_name}!</Text>
      </Line>

      <Line Key="TXT_ACT_3_RECAP_CLOSING_TIER_3" Note="Recap of act 3 nation ranking">
          <Text>/c:PrestigeGold/Tier III is a difficult place to be/R/, {1_leader_name}. You will need courage and luck if you are to survive Act II. The loyal people of {0_nation_name} look to you to bring home the win!</Text>
      </Line>

    
    <!-- ................................................................................. -->
    <!-- ................................................................................. -->
    <!-- Other Descriptors -->
    <!-- ................................................................................. -->
    <!-- ................................................................................. -->
    <Line Key="TXT_ACT_RECAP_ANNOUNCEMENT_1" Note="Recap of the Act Announcement 1">
      <Text>Action Recap Announcement 1</Text>
  </Line>
  
  <Line Key="TXT_ACT_RECAP_ANNOUNCEMENT_2" Note="Recap of the Act Announcement 2">
      <Text>Action Recap Announcement 2</Text>
  </Line>
    
    <Line Key="TXT_ACT_RECAP_COUNTRY_COMPLIMENT_1" Note="Recap of the Act Compliment">
      <Text>Great job! Your strategic actions have greatly improved the prosperity of your nation.</Text>
  </Line>

  <Line Key="TXT_ACT_RECAP_COUNTRY_COMPLIMENT_2" Note="Recap of the Act">
      <Text>Great job! Your strategic decisions have significantly improved the condition of this nation.</Text>
  </Line>

    <Line Key="TXT_ACT_RECAP_PEOPLE_DESC_1" Note="Description of recap of the Act Number of People Involved">
      <Text>Act Recap: Number of People Involved</Text>
  </Line>

  <Line Key="TXT_ACT_RECAP_PEOPLE_DESC_2" Note="Description of recap of the Act Description of People">
      <Text>Action Recap: People Description 2</Text>
  </Line>

    <!-- ................................................................................. -->
    <!-- Greetings Tokens -->

    <Line Key="TXT_ACT_RECAP_GREETINGS_OPTION_1" Note="Act recap greeting">
      <Text>Greetings</Text>
    </Line>

    <Line Key="TXT_ACT_RECAP_GREETINGS_OPTION_2" Note="Act recap greeting, hail as in hello">
      <Text>Hail</Text>
    </Line>

    <Line Key="TXT_ACT_RECAP_SALUTATIONS_1" Note="Recap of the Act Salutations 1">
      <Text>Recap Salutations 1</Text>
  </Line>

  <Line Key="TXT_ACT_RECAP_SALUTATIONS_2" Note="Recap of the Act Salutations 2">
      <Text>Recap Salutations 2</Text>
  </Line>

  </Locale>
</GameText>
