<?xml version="1.0" encoding="UTF-8"?>
<GameText>
<!--The Note attribute is a non game-facing field giving more context to the translator. Don't parse it. -->
  <Locale ID="en">
    
   <!--*******************************************************************************************
   ...............................     Article Grammar Rules    .............................
   *********************************************************************************************-->
    <Line Key="TXT_KEY_ARTICLE_GRAMMAR" Note="Indefinite article parsing for nested nouns">
      <Text>an {0}|a {0}|some {0}</Text>
      <Vowel>y|other|other</Vowel>
      <Plurality>1|1|other</Plurality>
    </Line>
    
    <Line Key="TXT_KEY_ARTICLE_GRAMMAR_UPPERCASE" Note="Indefinite article parsing for nested nouns, uppercase">
      <Text>An {0}|A {0}|Some {0}</Text>
      <Vowel>y|other|other</Vowel>
      <Plurality>1|1|other</Plurality>
    </Line>
    
    <Line Key="TRUNCATE_DEFAULT" Note="Default truncation string to add to the end of truncated text">
      <Text>...</Text>
    </Line>

  </Locale>
</GameText>
