<?xml version="1.0" encoding="UTF-8"?>
<GameText>
<!--The Note attribute is a non game-facing field giving more context to the translator. -->
  <Locale ID="en">
    <!--*******************************************************************************************
   .......................................     Biome Names   .......................................
   *********************************************************************************************-->
      <Line Key="TXT_BIO_POLAR_DESERT" Note="Name for Polar Desert Biome" Gender="other">
          <Text>Polar Desert|Polar Deserts</Text>
          <Plurality>1|other</Plurality>
      </Line>

      <Line Key="TXT_BIO_TUNDRA" Note="Name for Tundra Biome" Gender="other">
          <Text>Tundra|Tundras</Text>
          <Plurality>1|other</Plurality>
      </Line>

      <Line Key="TXT_BIO_TAIGA" Note="Name for Taiga Biome" Gender="other">
          <Text>Taiga|Taigas</Text>
          <Plurality>1|other</Plurality>
      </Line>

      <Line Key="TXT_BIO_COLD_DESERT" Note="Name for Cold Desert Biome" Gender="other">
          <Text>Cold Desert|Cold Deserts</Text>
          <Plurality>1|other</Plurality>
      </Line>

      <Line Key="TXT_BIO_TEMPERATE_GRASSLAND" Note="Name for Temperate Grassland Biome" Gender="other">
          <Text>Temperate Grassland|Temperate Grasslands</Text>
          <Plurality>1|other</Plurality>
      </Line>
      
      <Line Key="TXT_BIO_TEMPERATE_FOREST" Note="Name for Temperate Forest Biome" Gender="other">
          <Text>Temperate Forest|Temperate Forests</Text>
          <Plurality>1|other</Plurality>
      </Line>

      <Line Key="TXT_BIO_TEMPERATE_RAINFOREST" Note="Name for Temperate Rainforest Biome" Gender="other">
          <Text>Temperate Rainforest|Temperate Rainforests</Text>
          <Plurality>1|other</Plurality>
      </Line>

      <Line Key="TXT_BIO_XERIC_SHRUBLAND" Note="Name for Xeric Shrubland Biome" Gender="other">
          <Text>Xeric Shrubland|Xeric Shrublands</Text>
          <Plurality>1|other</Plurality>
      </Line>

      <Line Key="TXT_BIO_ARID_DESERT" vowel="y" Note="Name for Arid Desert Biome" Gender="other">
          <Text>Arid Desert|Arid Deserts</Text>
          <Plurality>1|other</Plurality>
      </Line>

      <Line Key="TXT_BIO_MEDITERRANEAN" Note="Name for Mediterranean Biome" Gender="other">
          <Text>Mediterranean|Mediterraneans</Text>
          <Plurality>1|other</Plurality>
      </Line>

      <Line Key="TXT_BIO_SAVANNA" Note="Name for Savanna Biome" Gender="other">
          <Text>Savanna|Savannas</Text>
          <Plurality>1|other</Plurality>
      </Line>

      <Line Key="TXT_BIO_TROPICAL_FOREST" Note="Name for Tropical Forest Biome" Gender="other">
          <Text>Tropical Forest|Tropical Forests</Text>
          <Plurality>1|other</Plurality>
      </Line>

      <Line Key="TXT_BIO_TROPICAL_RAINFOREST" Note="Name for TropicalRainforest Biome" Gender="other">
          <Text>Tropical Rainforest|Tropical Rainforests</Text>
          <Plurality>1|other</Plurality>
      </Line>

      <Line Key="TXT_BIO_OCEAN" vowel="y" Note="Name for Ocean Biome" Gender="other">
          <Text>Ocean|Oceans</Text>
          <Plurality>1|other</Plurality>
      </Line>

      <Line Key="TXT_BIO_COASTAL_WATER" Note="Name for Coastal Water Biome" Gender="other">
          <Text>Coastal Water|Coastal Waters</Text>
          <Plurality>1|other</Plurality>
      </Line>
      

   
    <!--*******************************************************************************************
   ...............................          Sea Names             .............................
   *********************************************************************************************-->
    <Line Key="TXT_NAME_WATER_1" Note="a proper name for a large body of water" Gender="other">
      <Text>Adriatic Sea</Text>
    </Line>
    
    <Line Key="TXT_NAME_WATER_2" Note="a proper name for a large body of water" Gender="other">
      <Text>Tasman Sea</Text>
    </Line>
    
    <Line Key="TXT_NAME_WATER_3" Note="a proper name for a large body of water" Gender="other">
      <Text>Bering Sea</Text>
    </Line>
    
    <Line Key="TXT_NAME_WATER_4" Note="a proper name for a large body of water" Gender="other">
      <Text>Salish Sea</Text>
    </Line>
    
    <Line Key="TXT_NAME_WATER_5" Note="a proper name for a large body of water" Gender="other">
      <Text>Caribbean Sea</Text>
    </Line>

    <Line Key="TXT_NAME_WATER_6" Note="a proper name for a large body of water" Gender="other">
      <Text>Sargasso Sea</Text>
    </Line>

    <Line Key="TXT_NAME_WATER_7" Note="a proper name for a large body of water" Gender="other">
      <Text>Coral Sea</Text>
    </Line>

    <Line Key="TXT_NAME_WATER_8" Note="a proper name for a large body of water" Gender="other">
      <Text>Baltic Sea</Text>
    </Line>
    
    <Line Key="TXT_NAME_WATER_9" Note="a proper name for a large body of water" Gender="other">
      <Text>Red Sea</Text>
    </Line>

    <Line Key="TXT_NAME_WATER_10" Note="a proper name for a large body of water" Gender="other">
      <Text>Aegean Sea</Text>
    </Line>

    <Line Key="TXT_NAME_WATER_11" Note="a proper name for a large body of water" Gender="other">
      <Text>Mediterranean Sea</Text>
    </Line>

    <Line Key="TXT_NAME_WATER_12" Note="a proper name for a large body of water" Gender="other">
      <Text>Chukchi Sea</Text>
    </Line>

    <Line Key="TXT_NAME_WATER_13" Note="a proper name for a large body of water" Gender="other">
      <Text>Yellow Sea</Text>
    </Line>

    <Line Key="TXT_NAME_WATER_14" Note="a proper name for a large body of water" Gender="other">
      <Text>Black Sea</Text>
    </Line>

    <Line Key="TXT_NAME_WATER_15" Note="a proper name for a large body of water" Gender="other">
      <Text>White Sea</Text>
    </Line>

    <Line Key="TXT_NAME_WATER_16" Note="a proper name for a large body of water" Gender="other">
      <Text>Myrtoan Sea</Text>
    </Line>
    
    <Line Key="TXT_NAME_WATER_17" Note="a proper name for a large body of water" Gender="other">
      <Text>Ionian Sea</Text>
    </Line>

    <Line Key="TXT_NAME_WATER_18" Note="a proper name for a large body of water" Gender="other">
      <Text>Laccadive Sea</Text>
    </Line>
    
    <Line Key="TXT_NAME_WATER_19" Note="a proper name for a large body of water" Gender="other">
      <Text>Kara Sea</Text>
    </Line>
    
    <Line Key="TXT_NAME_WATER_20" Note="a proper name for a large body of water" Gender="other">
      <Text>Pechora Sea</Text>
    </Line>


    <!--*******************************************************************************************
   ...............................          River Names             .............................
   *********************************************************************************************-->
    <Line Key="TXT_NAME_RIVER_1" Note="a proper name for a river" Gender="other">
      <Text>Congo River</Text>
    </Line>
    <Line Key="TXT_NAME_RIVER_2" Note="a proper name for a river" Gender="other">
      <Text>Ganges River</Text>
    </Line>
    <Line Key="TXT_NAME_RIVER_3" Note="a proper name for a river" Gender="other">
      <Text>Mississippi River</Text>
    </Line>
    <Line Key="TXT_NAME_RIVER_4" Note="a proper name for a river" Gender="other">
      <Text>Orinoco River</Text>
    </Line>
    <Line Key="TXT_NAME_RIVER_5" Note="a proper name for a river" Gender="other">
      <Text>Madeira River</Text>
    </Line>
    <Line Key="TXT_NAME_RIVER_6" Note="a proper name for a river" Gender="other">
      <Text>Río de la Plata</Text>
    </Line>
    <Line Key="TXT_NAME_RIVER_7" Note="a proper name for a river" Gender="other">
      <Text>Yenisei River</Text>
    </Line>
    <Line Key="TXT_NAME_RIVER_8" Note="a proper name for a river" Gender="other">
      <Text>Niger River</Text>
    </Line>
    <Line Key="TXT_NAME_RIVER_9" Note="a proper name for a river" Gender="other">
      <Text>Mekong River</Text>
    </Line>
    <Line Key="TXT_NAME_RIVER_10" Note="a proper name for a river" Gender="other">
      <Text>Danube River</Text>
    </Line>
    <Line Key="TXT_NAME_RIVER_11" Note="a proper name for a river" Gender="other">
      <Text>Indus River</Text>
    </Line>
    <Line Key="TXT_NAME_RIVER_12" Note="a proper name for a river" Gender="other">
      <Text>Yukon River</Text>
    </Line>
    <Line Key="TXT_NAME_RIVER_13" Note="a proper name for a river" Gender="other">
      <Text>Missouri River</Text>
    </Line>
    <Line Key="TXT_NAME_RIVER_14" Note="a proper name for a river" Gender="other">
      <Text>Rio Grande</Text>
    </Line>
    <Line Key="TXT_NAME_RIVER_15" Note="a proper name for a river" Gender="other">
      <Text>Caura River</Text>
    </Line>
    <Line Key="TXT_NAME_RIVER_16" Note="a proper name for a river" Gender="other">
      <Text>Sepik River</Text>
    </Line>
    <Line Key="TXT_NAME_RIVER_17" Note="a proper name for a river" Gender="other">
      <Text>Kikori River</Text>
    </Line>
    <Line Key="TXT_NAME_RIVER_18" Note="a proper name for a river" Gender="other">
      <Text>Rhine River</Text>
    </Line>
    <Line Key="TXT_NAME_RIVER_19" Note="a proper name for a river" Gender="other">
      <Text>Xiang River</Text>
    </Line>
    <Line Key="TXT_NAME_RIVER_20" Note="a proper name for a river" Gender="other">
      <Text>Goldavari River</Text>
    </Line>
    <Line Key="TXT_NAME_RIVER_21" Note="a proper name for a river" Gender="other">
      <Text>Kasai River</Text>
    </Line>
    <Line Key="TXT_NAME_RIVER_22" Note="a proper name for a river" Gender="other">
      <Text>Kwango River</Text>
    </Line>
    <Line Key="TXT_NAME_RIVER_23" Note="a proper name for a river" Gender="other">
      <Text>Brahmaputra River</Text>
    </Line>
    <Line Key="TXT_NAME_RIVER_24" Note="a proper name for a river" Gender="other">
      <Text>Volga River</Text>
    </Line>
    <Line Key="TXT_NAME_RIVER_25" Note="a proper name for a river" Gender="other">
      <Text>Xi River</Text>
    </Line>
    <Line Key="TXT_NAME_RIVER_26" Note="a proper name for a river" Gender="other">
      <Text>Chindwin River</Text>
    </Line>
    <Line Key="TXT_NAME_RIVER_27" Note="a proper name for a river" Gender="other">
      <Text>Pyasina River</Text>
    </Line>
    <Line Key="TXT_NAME_RIVER_28" Note="a proper name for a river" Gender="other">
      <Text>Columbia River</Text>
    </Line>
    <Line Key="TXT_NAME_RIVER_29" Note="a proper name for a river" Gender="other">
      <Text>Purus River</Text>
    </Line>
    <Line Key="TXT_NAME_RIVER_30" Note="a proper name for a river" Gender="other">
      <Text>Vichada River</Text>
    </Line>

    <!--*******************************************************************************************
   ...............................          Mountain Names             .............................
   *********************************************************************************************-->
    <Line Key="TXT_NAME_MTN_1" Note="a proper name for a river" Gender="other">
      <Text>Atlas</Text>
    </Line>
    <Line Key="TXT_NAME_MTN_2" Note="a proper name for a river" Gender="other">
      <Text>Sierra Morena</Text>
    </Line>
    <Line Key="TXT_NAME_MTN_3" Note="a proper name for a river" Gender="other">
      <Text>Catskill</Text>
    </Line>



  </Locale>
</GameText>
