<?xml version="1.0" encoding="UTF-8"?>
<GameText>
    <!--The Note attribute is a non game-facing field giving more context to the translator. -->
    <Locale ID="en">
        <Line Key="TXT_CITY_TIER" Note="Name for City Tier">
            <Text>City Tier|City Tiers</Text>
            <Plurality>1|other</Plurality>
        </Line>
        
        <Line Key="TXT_CITY_UNIT_PROJECT_TRACKER_ENTRY" Note="Unit project in a particular city">
            <Text>{0_city_name} Unit Project</Text>
        </Line>
        
        <Line Key="TXT_CITY_SPECIAL_PROJECT_TRACKER_ENTRY" Note="Special project in a particular city">
            <Text>{0_city_name} Special Project</Text>
        </Line>
        
        <!--*******************************************************************************************
        .......................................     Special Project Names   ............................
        *********************************************************************************************-->
        <Line Key="TXT_CITY_SPECIAL_PROJECT_FOOD" Note="Name for City special project that converts production to food">
            <Text>Gathering Food</Text>
        </Line>
        <Line Key="TXT_CITY_SPECIAL_PROJECT_WOOD" Note="Name for City special project that converts production to wood">
            <Text>Gathering Timber</Text>
        </Line>
        <Line Key="TXT_CITY_SPECIAL_PROJECT_STONE" Note="Name for City special project that converts production to stone">
            <Text>Gathering Materials</Text>
        </Line>
        <Line Key="TXT_CITY_SPECIAL_PROJECT_COIN" Note="Name for City special project that converts production to coin">
            <Text>Gather Wealth</Text>
        </Line>
        <Line Key="TXT_CITY_SPECIAL_PROJECT_RESEARCH" Note="Name for City special project that converts production to Research">
            <Text>Gather Knowledge</Text>
        </Line>
        <Line Key="TXT_CITY_SPECIAL_PROJECT_FOOD_DESC" Note="Description for City special project that converts production to food">
            <Text>A project that can be undertaken at a {TXT_TRM_CITY {#1}} to invest {TXT_TRM_PRODUCTION} into generating additional {TXT_TRM_FOOD}.</Text>
        </Line>
        <Line Key="TXT_CITY_SPECIAL_PROJECT_WOOD_DESC" Note="Description for City special project that converts production to wood">
            <Text>A project that can be undertaken at a {TXT_TRM_CITY {#1}} to invest {TXT_TRM_PRODUCTION} into generating additional {TXT_TRM_WOOD}.</Text>
        </Line>
        <Line Key="TXT_CITY_SPECIAL_PROJECT_STONE_DESC" Note="Description for City special project that converts production to stone">
            <Text>A project that can be undertaken at a {TXT_TRM_CITY {#1}} to invest {TXT_TRM_PRODUCTION} into generating additional {TXT_TRM_STONE}.</Text>
        </Line>
        <Line Key="TXT_CITY_SPECIAL_PROJECT_COIN_DESC" Note="Description for City special project that converts production to coin">
            <Text>A project that can be undertaken at a {TXT_TRM_CITY {#1}} to invest {TXT_TRM_PRODUCTION} into generating additional {TXT_TRM_COIN}.</Text>
        </Line>
        <Line Key="TXT_CITY_SPECIAL_PROJECT_RESEARCH_DESC" Note="Description for City special project that converts production to Research">
            <Text>A project that can be undertaken at a {TXT_TRM_CITY {#1}} to invest {TXT_TRM_PRODUCTION} into generating additional {TXT_TRM_RESEARCH}.</Text>
        </Line>

    </Locale>
</GameText>
