<?xml version="1.0" encoding="UTF-8"?>
<GameText>
<!--The Note attribute is a non game-facing field giving more context to the translator. -->
  <Locale ID="en">

  <!--*******************************************************************************************
   ...............................     City Panel    .............................
   *********************************************************************************************-->

      <Line Key="TXT_CST_CITIZENSTAT" Note="A label used in the game's UI. Denotes that the following UI is a stat measuring quality of life." Gender="other">
          <Text>Quality of Life Stat|Quality of Life Stats</Text>
          <Plurality>1|other</Plurality>
      </Line>

   <!--*******************************************************************************************
   ...............................     Citizen Stat Modifiers    .............................
   *********************************************************************************************-->

 
      <Line Key="TXT_CST_REGION_MODIFIERS" Note="A label used in the game's UI. Denotes that the following UI lists game-modifying effects that are coming from a region on the map." Gender="other">
          <Text>{TXT_TRM_REGION} Modifiers</Text>
      </Line>

      <Line Key="TXT_CST_CITY_MODIFIERS" Note="A label used in the game's UI. Denotes that the following UI lists game-modifying effects that are coming from a city." Gender="other">
          <Text>{TXT_TRM_CITY} Modifiers</Text>
      </Line>

  <Line Key="TXT_CST_DIFFICULTY" Note="A label used in the game's UI. Denotes that the following UI is describing the game's difficulty setting." Gender="other">
          <Text>Current {TXT_TRM_DIFFICULTY}</Text>
      </Line>

    <Line Key="TXT_CST_NO_EFFECT" Note="A label used in the game's UI. Denotes that there are no game-modifying effects to display within a particular UI context.">
      <Text>No Effect</Text>
    </Line>
  </Locale>
</GameText>
