<?xml version="1.0" encoding="UTF-8"?>
<GameText>
<!--The Note attribute is a non game-facing field giving more context to the translator. -->
<!--Oxide Credit Headers -->
  <Locale ID="en">
    <Line Key="TXT_HEADER_GAME_NAME">
      <Text>Ara: History Untold</Text>
    </Line>
    <Line Key="TXT_HEADER_CREATED_BY">
      <Text>Created By:</Text>
    </Line>
    <Line Key="TXT_HEADER_OXIDE_GAMES">
      <Text>Oxide Games</Text>
    </Line>
    <Line Key="TXT_HEADER_OXIDE_STUDIO_MANAGEMENT">
      <Text>Studio Management</Text>
    </Line>
    <Line Key="TXT_HEADER_OXIDE_CEO">
      <Text>CEO</Text>
    </Line>
    <Line Key="TXT_HEADER_OXIDE_PRESIDENT">
      <Text>President</Text>
    </Line>
    <Line Key="TXT_HEADER_OXIDE_GENERAL_MANAGER">
      <Text>General Manager</Text>
    </Line>
    <Line Key="TXT_HEADER_OXIDE_SYSTEMS_ARCHITECT">
      <Text>Systems Architect</Text>
    </Line>
    <Line Key="TXT_HEADER_OXIDE_GRAPHICS_ARCHITECT">
      <Text>Graphics Architect</Text>
    </Line>
    <Line Key="TXT_HEADER_OXIDE_CREATIVE_DIRECTOR">
      <Text>Creative Director</Text>
    </Line>
    <Line Key="TXT_HEADER_OXIDE_CHIEF_OPERATING_OFFICER">
      <Text>Chief Operating Officer</Text>
    </Line>
    <Line Key="TXT_HEADER_OXIDE_DIRECTOR_PRODUCTION">
      <Text>Director of Production</Text>
    </Line>
    <Line Key="TXT_HEADER_OXIDE_ART_DIRECTOR">
      <Text>Art Director</Text>
    </Line>
    <Line Key="TXT_HEADER_OXIDE_AUDIO_DIRECTOR">
      <Text>Audio Director</Text>
    </Line>
    <Line Key="TXT_HEADER_OXIDE_DIRECTOR_IT">
      <Text>Director of IT</Text>
    </Line>
    <Line Key="TXT_HEADER_OXIDE_COMMUNITY_MANAGER">
      <Text>Community Manager</Text>
    </Line>
    <Line Key="TXT_HEADER_OXIDE_OFFICE_MANAGER">
      <Text>Office Manager</Text>
    </Line>
    <Line Key="TXT_HEADER_OXIDE_OFFICE_ASSISTANT">
      <Text>Office Assistant</Text>
    </Line>
    <Line Key="TXT_HEADER_OXIDE_HR_CONSULTANT">
      <Text>HR Consultant</Text>
    </Line>
    <Line Key="TXT_HEADER_OXIDE_ENGINEERING">
      <Text>Engineering</Text>
    </Line>
    <Line Key="TXT_HEADER_OXIDE_GAME_DIRECTOR">
      <Text>Game Director</Text>
    </Line>
    <Line Key="TXT_HEADER_OXIDE_TECHNICAL_DIRECTOR">
      <Text>Technical Director</Text>
    </Line>
    <Line Key="TXT_HEADER_OXIDE_LEAD_GRAPHICS_ENGINEER">
      <Text>Lead Graphics Engineer</Text>
    </Line>
    <Line Key="TXT_HEADER_OXIDE_GRAPHICS_ENGINEERS">
      <Text>Graphics Engineers</Text>
    </Line>
    <Line Key="TXT_HEADER_OXIDE_LEAD_UI_ENGINEER">
      <Text>Lead UI Engineer</Text>
    </Line>
    <Line Key="TXT_HEADER_OXIDE_SENIOR_UI_ENGINEER">
      <Text>Senior UI Engineer</Text>
    </Line>
    <Line Key="TXT_HEADER_OXIDE_UI_ENGINEERS">
      <Text>UI Engineers</Text>
    </Line>
    <Line Key="TXT_HEADER_OXIDE_LEAD_TOOLS_ENGINEER">
      <Text>Lead Tools Engineer</Text>
    </Line>
    <Line Key="TXT_HEADER_OXIDE_TOOLS_ENGINEERS">
      <Text>Tools Engineer</Text>
    </Line>
    <Line Key="TXT_HEADER_OXIDE_LEAD_AI_ENGINEER">
      <Text>Lead AI Engineer</Text>
    </Line>
    <Line Key="TXT_HEADER_OXIDE_SENIOR_GAMEPLAY_ENGINEERS">
      <Text>Senior Gameplay Engineers</Text>
    </Line>
    <Line Key="TXT_HEADER_OXIDE_GAMEPLAY_ENGINEERS">
      <Text>Gameplay Engineers</Text>
    </Line>
    <Line Key="TXT_HEADER_OXIDE_LEAD_SYSTEMS_ENGINEER">
      <Text>Lead Systems Engineer</Text>
    </Line>
    <Line Key="TXT_HEADER_OXIDE_SENIOR_SYSTEM_ENGINEER">
      <Text>Senior Systems Engineer</Text>
    </Line>
    <Line Key="TXT_HEADER_OXIDE_SYSTEMS_ENGINEERS">
      <Text>Systems Engineer</Text>
    </Line>
    <Line Key="TXT_HEADER_OXIDE_SENIOR_DEVOPS_ENGINEER">
      <Text>Senior DevOps Engineer</Text>
    </Line>
    <Line Key="TXT_HEADER_OXIDE_NETWORK_ENGINEER">
      <Text>Network Engineer</Text>
    </Line>
    <Line Key="TXT_HEADER_OXIDE_SOFTWARE_ENGINEERS">
      <Text>Software Engineers</Text>
    </Line>
    <Line Key="TXT_HEADER_OXIDE_AUDIO_ENGINEERS">
      <Text>Audio Engineer</Text>
    </Line>
    <Line Key="TXT_HEADER_OXIDE_LEAD_TECHNICAL_ARTISTS">
      <Text>Lead Technical Artists</Text>
    </Line>
    <Line Key="TXT_HEADER_OXIDE_TECHNICAL_ARTISTS">
      <Text>Technical Artists</Text>
    </Line>
    <Line Key="TXT_HEADER_OXIDE_PRODUCTION">
      <Text>Production</Text>
    </Line>
    <Line Key="TXT_HEADER_OXIDE_EXECUTIVE_PRODUCER">
      <Text>Executive Producer</Text>
    </Line>
    <Line Key="TXT_HEADER_OXIDE_LEAD_PRODUCER">
      <Text>Lead Producer</Text>
    </Line>
    <Line Key="TXT_HEADER_OXIDE_LEAD_PRODUCER_PRE_PRODUCTION1">
      <Text>Lead Producer</Text>
    </Line>
    <Line Key="TXT_HEADER_OXIDE_LEAD_PRODUCER_PRE_PRODUCTION2">
      <Text>Pre Production</Text>
    </Line>
    <Line Key="TXT_HEADER_OXIDE_SENIOR_PRODUCERS">
      <Text>Senior Producers</Text>
    </Line>
    <Line Key="TXT_HEADER_OXIDE_ART_OUTSOURCE_PRODUCER">
      <Text>Art and Outsource Producer</Text>
    </Line>
    <Line Key="TXT_HEADER_OXIDE_ASSOCIATE_PRODUCERS">
      <Text>Associate Producers</Text>
    </Line>
    <Line Key="TXT_HEADER_OXIDE_ADDITIONAL_PRODUCERS">
      <Text>Additional Production</Text>
    </Line>
    <Line Key="TXT_HEADER_OXIDE_DESIGN">
      <Text>Design</Text>
    </Line>
    <Line Key="TXT_HEADER_OXIDE_LEAD_DESIGNERS">
      <Text>Lead Designers</Text>
    </Line>
    <Line Key="TXT_HEADER_OXIDE_SYSTEMS_DESIGNERS">
      <Text>Systems Designers</Text>
    </Line>
    <Line Key="TXT_HEADER_OXIDE_LEAD_NARRATIVE_DESIGNER">
      <Text>Lead Narrative Designer</Text>
    </Line>
    <Line Key="TXT_HEADER_OXIDE_LEAD_EXPERIENCE_DESIGNER">
      <Text>Lead Experience Designer</Text>
    </Line>
    <Line Key="TXT_HEADER_OXIDE_NARRATIVE_DESIGNERS">
      <Text>Narrative Designers</Text>
    </Line>
    <Line Key="TXT_HEADER_OXIDE_UI_DESIGNERS">
      <Text>UI/UX Designers</Text>
    </Line>
    <Line Key="TXT_HEADER_OXIDE_SENIOR_DATA_SCIENTIST">
      <Text>Senior Data Scientist</Text>
    </Line>
    <Line Key="TXT_HEADER_OXIDE_JUNIOR_TECHNICAL_DESIGNER">
      <Text>Junior Technical Designer</Text>
    </Line>
    <Line Key="TXT_HEADER_OXIDE_ART">
      <Text>Art</Text>
    </Line>
    <Line Key="TXT_HEADER_OXIDE_ART_DIRECTOR_PRE_PRODUCTION1">
      <Text>Art Director</Text>
    </Line>
    <Line Key="TXT_HEADER_OXIDE_ART_DIRECTOR_PRE_PRODUCTION2">
      <Text>Pre Production</Text>
    </Line>
    <Line Key="TXT_HEADER_OXIDE_LEAD_MODELER">
      <Text>Lead Modeler</Text>
    </Line>
    <Line Key="TXT_HEADER_OXIDE_LEAD_ENVIORNMENT_ARTIST">
      <Text>Lead Enviornment Artist</Text>
    </Line>
    <Line Key="TXT_HEADER_OXIDE_ARCHITECTURAL_ENVIRONMENT_ARTIST">
      <Text>Architectural Environment Artist</Text>
    </Line>
    <Line Key="TXT_HEADER_OXIDE_HARD_SURFACE_ENVIRONMENT_ARTIST">
      <Text>Hard Surface Environment Artist</Text>
    </Line>
    <Line Key="TXT_HEADER_OXIDE_ORGANIC_ENVIRONMENT_ARTIST">
      <Text>Organic Environment Artist</Text>
    </Line>
    <Line Key="TXT_HEADER_OXIDE_SENIOR_ENVIRONMENT_ARTISTS">
      <Text>Senior Enviornment Artist</Text>
    </Line>
    <Line Key="TXT_HEADER_OXIDE_ENVIRONMENT_ARTISTS">
      <Text>Enviornment Artist</Text>
    </Line>
    <Line Key="TXT_HEADER_OXIDE_LEAD_CHARACTER_ARTIST">
      <Text>Lead Character Artists</Text>
    </Line>
    <Line Key="TXT_HEADER_OXIDE_PRINCIPAL_CHARACTER_ARTIST">
      <Text>Principal Character Artist</Text>
    </Line>
    <Line Key="TXT_HEADER_OXIDE_CHARACTER_ARTISTS">
      <Text>Character Artists</Text>
    </Line>
    <Line Key="TXT_HEADER_OXIDE_LEAD_CONCEPT_ARTIST">
      <Text>Lead Concept Artist</Text>
    </Line>
    <Line Key="TXT_HEADER_OXIDE_SENIOR_CONCEPT_ARTIST">
      <Text>Senior Concept Artists</Text>
    </Line>
    <Line Key="TXT_HEADER_OXIDE_SENIOR_UI_ARTIST">
      <Text>Senior UI Artist</Text>
    </Line>
    <Line Key="TXT_HEADER_OXIDE_SENIOR_ANIMATOR">
      <Text>Senior Animators</Text>
    </Line>
    <Line Key="TXT_HEADER_OXIDE_LEAD_ANIMATOR_PRE_PRODUCTION1">
      <Text>Lead Animator</Text>
    </Line>
    <Line Key="TXT_HEADER_OXIDE_LEAD_ANIMATOR_PRE_PRODUCTION2">
      <Text>Pre Production</Text>
    </Line>
    <Line Key="TXT_HEADER_OXIDE_TECHNICAL_ANIMATOR">
      <Text>Technical Animator</Text>
    </Line>
    <Line Key="TXT_HEADER_OXIDE_LEAD_VFX_ARTIST">
      <Text>Lead VFX Artist</Text>
    </Line>
    <Line Key="TXT_HEADER_OXIDE_3D_ARTISTS">
      <Text>3D Artists</Text>
    </Line>
    <Line Key="TXT_HEADER_OXIDE_JUNIOR_3D_ARTIST">
      <Text>Junior 3D Artist</Text>
    </Line>
    <Line Key="TXT_HEADER_OXIDE_OUTSOURCE_MANAGER">
      <Text>Outsource Manager</Text>
    </Line>
    <Line Key="TXT_HEADER_OXIDE_AUDIO">
      <Text>Audio</Text>
    </Line>
    <Line Key="TXT_HEADER_OXIDE_SENIOR_SOUND_DESIGNERS">
      <Text>Senior Sound Designers</Text>
    </Line>
    <Line Key="TXT_HEADER_OXIDE_SOUND_DESIGNERS">
      <Text>Sound Designers</Text>
    </Line>
    <Line Key="TXT_HEADER_OXIDE_QA">
      <Text>QA</Text>
    </Line>
    <Line Key="TXT_HEADER_OXIDE_LEAD_QA_ANALYST">
      <Text>Lead QA Analysts</Text>
    </Line>
    <Line Key="TXT_HEADER_OXIDE_QA_ANALYSTS">
      <Text>QA Analysts</Text>
    </Line>
    <Line Key="TXT_HEADER_OXIDE_INTERNS">
      <Text>Interns</Text>
    </Line>
    <Line Key="TXT_HEADER_OXIDE_IN_MEMORY_OF">
      <Text>In Memory Of</Text>
    </Line>
    <!--Stardock Credit Headers -->    
    <Line Key="TXT_HEADER_STARDOCK">
      <Text>Stardock</Text>
    </Line>
    <Line Key="TXT_HEADER_STARDOCK_DESIGN">
      <Text>Design</Text>
    </Line>
    <Line Key="TXT_HEADER_STARDOCK_CREATIVE_DIRECTOR">
      <Text>Creative Director</Text>
    </Line>
    <Line Key="TXT_HEADER_STARDOCK_SENIOR_GAME_DESIGNER">
      <Text>Senior Game Designer</Text>
    </Line>
    <Line Key="TXT_HEADER_STARDOCK_PRODUCTION">
      <Text>Production</Text>
    </Line>
    <Line Key="TXT_HEADER_STARDOCK_DIRECTOR_OF_PRODUCTION">
      <Text>Director of Production</Text>
    </Line>
    <Line Key="TXT_HEADER_STARDOCK_PRODUCER">
      <Text>Producer</Text>
    </Line>
    <Line Key="TXT_HEADER_STARDOCK_ENGINEERING">
      <Text>Engineering</Text>
    </Line>
    <Line Key="TXT_HEADER_STARDOCK_LEAD_DEVELOPER">
      <Text>Lead Developer</Text>
    </Line>
    <Line Key="TXT_HEADER_STARDOCK_SENIOR_GAME_DEVELOPER">
      <Text>Senior Game Developer</Text>
    </Line>
    <Line Key="TXT_HEADER_STARDOCK_SENIOR_GRAPHICS_DEVELOPER">
      <Text>Senior Graphics Developer</Text>
    </Line>
    <Line Key="TXT_HEADER_STARDOCK_GAME_DEVELOPERS">
      <Text>Game Developers</Text>
    </Line>
    <Line Key="TXT_HEADER_STARDOCK_INFORMATION_TECHNOLOGY1">
      <Text>Information</Text>
    </Line>
    <Line Key="TXT_HEADER_STARDOCK_INFORMATION_TECHNOLOGY2">
      <Text>Technology</Text>
    </Line>
    <Line Key="TXT_HEADER_STARDOCK_INFORMATION_TECHNOLOGY_MANAGER1">
      <Text>Information Technology</Text>
    </Line>
    <Line Key="TXT_HEADER_STARDOCK_INFORMATION_TECHNOLOGY_MANAGER2">
      <Text>Manager</Text>
    </Line>
    <Line Key="TXT_HEADER_STARDOCK_OPERATIONS">
      <Text>Operations</Text>
    </Line>
    <Line Key="TXT_HEADER_STARDOCK_HR_OPERATIONS_DIRECTOR">
      <Text>HR Operations Director</Text>
    </Line>
    <Line Key="TXT_HEADER_STARDOCK_HR_OPERATIONS_MANAGER">
      <Text>HR Operations Manager</Text>
    </Line>
    <Line Key="TXT_HEADER_STARDOCK_BIZDEV">
      <Text>BizDev</Text>
    </Line>
    <Line Key="TXT_HEADER_STARDOCK_VICE_PRESIDENT_OF_GLOBAL_BUSINESS_DEVELOPMENT1">
      <Text>Vice President of</Text>
    </Line>
    <Line Key="TXT_HEADER_STARDOCK_VICE_PRESIDENT_OF_GLOBAL_BUSINESS_DEVELOPMENT2">
      <Text>Global Business Development</Text>
    </Line>
    <!--Microsoft Credit Headers -->    
    <Line Key="TXT_HEADER_PUBLISHING_ARA_HISTORY_UNTOLD_PROJECT_LEADS1">
      <Text>Ara: History Untold</Text>
    </Line>
    <Line Key="TXT_HEADER_PUBLISHING_ARA_HISTORY_UNTOLD_PROJECT_LEADS2">
      <Text>Project Leads</Text>
    </Line>
    <Line Key="TXT_HEADER_PUBLISHING_PUBLISHING_HEAD_OF_ENGINEERING">
      <Text>Publishing Head of Engineering</Text>
    </Line>
    <Line Key="TXT_HEADER_PUBLISHING_EXECUTIVE_PRODUCER">
      <Text>Executive Producer</Text>
    </Line>
    <Line Key="TXT_HEADER_PUBLISHING_EXECUTIVE_PRODUCER_MULTIPLAYER">
      <Text>Executive Producer (Multiplayer)</Text>
    </Line>
    <Line Key="TXT_HEADER_PUBLISHING_PRODUCER">
      <Text>Producer</Text>
    </Line>
    <Line Key="TXT_HEADER_PUBLISHING_FLIGHT_PRODUCER">
      <Text>Flight Producer</Text>
    </Line>
    <Line Key="TXT_HEADER_PUBLISHING_PRINCIPAL_DESIGN_DIRECTOR">
      <Text>Principal Design Director</Text>
    </Line>
    <Line Key="TXT_HEADER_PUBLISHING_DESIGN_DIRECTOR">
      <Text>Design Director</Text>
    </Line>
    <Line Key="TXT_HEADER_PUBLISHING_PRINCIPAL_TECHNICAL_DIRECTOR">
      <Text>Principal Technical Director</Text>
    </Line>
    <Line Key="TXT_HEADER_PUBLISHING_GAMEPLAY_ENGINEER">
      <Text>Gameplay Engineer</Text>
    </Line>
    <Line Key="TXT_HEADER_PUBLISHING_PRINCIPAL_ART_DIRECTOR">
      <Text>Principal Art Director</Text>
    </Line>
    <Line Key="TXT_HEADER_PUBLISHING_PRINCIPAL_TECHNICAL_ART_DIRECTOR">
      <Text>Principal Technical Art Director</Text>
    </Line>
    <Line Key="TXT_HEADER_PUBLISHING_NARRATIVE_DESIGNER">
      <Text>Narrative Designer</Text>
    </Line>
    <Line Key="TXT_HEADER_PUBLISHING_COMMUNITY_DIRECTOR">
      <Text>Community Director</Text>
    </Line>
    <Line Key="TXT_HEADER_PUBLISHING_ADDITIONAL_DESIGN">
      <Text>Additional Design</Text>
    </Line>
    <Line Key="TXT_HEADER_PUBLISHING_ADDITIONAL_PRODUCTION">
      <Text>Additional Production</Text>
    </Line>
    <Line Key="TXT_HEADER_PUBLISHING_PUBLISHING_CORE_TEAM">
      <Text>Publishing Core Team</Text>
    </Line>
    <Line Key="TXT_HEADER_PUBLISHING_GENERAL_MANAGER_XBOX_PUBLISHING1">
      <Text>General Manager</Text>
    </Line>
    <Line Key="TXT_HEADER_PUBLISHING_GENERAL_MANAGER_XBOX_PUBLISHING2">
      <Text>Xbox Publishing</Text>
    </Line>
    <Line Key="TXT_HEADER_PUBLISHING_DIRECTOR_OF_PUBLISHING">
      <Text>Director of Publishing</Text>
    </Line>
    <Line Key="TXT_HEADER_PUBLISHING_DIRECTOR_OF_BUSINESS_STRATEGY">
      <Text>Director of Business Strategy</Text>
    </Line>
    <Line Key="TXT_HEADER_PUBLISHING_HEAD_OF_CREATIVE">
      <Text>Head of Creative</Text>
    </Line>
    <Line Key="TXT_HEADER_PUBLISHING_HEAD_OF_ENGINEERING">
      <Text>Head of Engineering</Text>
    </Line>
    <Line Key="TXT_HEADER_PUBLISHING_DIRECTOR_OF_BUSINESS_MANAGEMENT">
      <Text>Director of Business Management</Text>
    </Line>
    <Line Key="TXT_HEADER_PUBLISHING_BUSINESS_MANAGER">
      <Text>Business Manager</Text>
    </Line>
    <Line Key="TXT_HEADER_PUBLISHING_DATA_AND_TELEMETRY_ANALYST">
      <Text>Data and Telemetry Analyst</Text>
    </Line>
    <Line Key="TXT_HEADER_PUBLISHING_EXECUTIVE_BUSINESS_ADMINISTRATOR1">
      <Text>Executive</Text>
    </Line>
    <Line Key="TXT_HEADER_PUBLISHING_EXECUTIVE_BUSINESS_ADMINISTRATOR2">
      <Text>Business Administrator</Text>
    </Line>
    <Line Key="TXT_HEADER_PUBLISHING_PUBLISHING_SERVICES_TEAM1">
      <Text>Publishing</Text>
    </Line>
    <Line Key="TXT_HEADER_PUBLISHING_PUBLISHING_SERVICES_TEAM2">
      <Text>Services Team</Text>
    </Line>
    <Line Key="TXT_HEADER_PUBLISHING_SR_DIRECTOR_PUBLISHING_SERVICES">
      <Text>Sr. Director, Publishing Services</Text>
    </Line>
    <Line Key="TXT_HEADER_PUBLISHING_SR_TECHNICAL_PROGRAM_MANAGER">
      <Text>Sr. Technical Program Manager</Text>
    </Line>
    <Line Key="TXT_HEADER_PUBLISHING_TECHNICAL_DIRECTOR_CLOUD_ENGINEERING1">
      <Text>Technical Director,</Text>
    </Line>
    <Line Key="TXT_HEADER_PUBLISHING_TECHNICAL_DIRECTOR_CLOUD_ENGINEERING2">
      <Text>Cloud Engineering</Text>
    </Line>
    <Line Key="TXT_HEADER_PUBLISHING_ADDITIONAL_CLOUD_SERVICES_ENGINEERING1">
      <Text>Additional</Text>
    </Line>
    <Line Key="TXT_HEADER_PUBLISHING_ADDITIONAL_CLOUD_SERVICES_ENGINEERING2">
      <Text>Cloud Services Engineering</Text>
    </Line>
    <Line Key="TXT_HEADER_PUBLISHING_PLATFORM_ENGINEERING">
      <Text>Platform Engineering</Text>
    </Line>
    <Line Key="TXT_HEADER_PUBLISHING_WEB_DEVELOPMENT_LEAD">
      <Text>Web Development Lead</Text>
    </Line>
    <Line Key="TXT_HEADER_PUBLISHING_WEB_DESIGNER">
      <Text>Web Designer</Text>
    </Line>
    <Line Key="TXT_HEADER_PUBLISHING_WEB_DEVELOPMENT">
      <Text>Web Development</Text>
    </Line>
    <Line Key="TXT_HEADER_PUBLISHING_CLOUD_PIPELINE_ENGINEERING">
      <Text>Cloud Pipeline Engineering</Text>
    </Line>
    <Line Key="TXT_HEADER_PUBLISHING_DATA_PIPELINE_ENGINEERING">
      <Text>Data Pipeline Engineering</Text>
    </Line>
    <Line Key="TXT_HEADER_MSFT_STUDIO_QUALITY">
      <Text>Studio Quality</Text>
    </Line>
    <Line Key="TXT_HEADER_MSFT_MICROSOFT">
      <Text>Microsoft</Text>
    </Line>
    <Line Key="TXT_HEADER_MSFT_HEAD_OF_QUALITY">
      <Text>Head of Quality</Text>
    </Line>
    <Line Key="TXT_HEADER_MSFT_QUALITY_DIRECTOR">
      <Text>Quality Director</Text>
    </Line>
    <Line Key="TXT_HEADER_MSFT_QUALITY_MANAGER">
      <Text>Quality Manager</Text>
    </Line>
    <Line Key="TXT_HEADER_MSFT_QUALITY_LEAD">
      <Text>Quality Lead</Text>
    </Line>
    <Line Key="TXT_HEADER_MSFT_QUALITY_ENGINEERS">
      <Text>Quality Engineers</Text>
    </Line>
    <Line Key="TXT_HEADER_MSFT_SOFTWARE_ENGINEERING_MANAGER">
      <Text>Software Engineering Manager</Text>
    </Line>
    <Line Key="TXT_HEADER_MSFT_SOFTWARE_ENGINEERING_LEAD">
      <Text>Software Engineering Leads</Text>
    </Line>
    <Line Key="TXT_HEADER_MSFT_SOFTWARE_ENGINEERS">
      <Text>Software Engineers</Text>
    </Line>
    <Line Key="TXT_HEADER_MSFT_PROGRAM_MANAGEMENT">
      <Text>Program Management</Text>
    </Line>
    <Line Key="TXT_HEADER_MSFT_STRATEGY_OPERATIONS_MANAGER">
      <Text>Strategy &amp; Operations Manager</Text>
    </Line>
    <Line Key="TXT_HEADER_MSFT_SQ_ACCESSIBILITY_LEAD">
      <Text>Accessibility Lead</Text>
    </Line>
    <Line Key="TXT_HEADER_MSFT_ACCESSIBILITY">
      <Text>Accessibility</Text>
    </Line>
    <Line Key="TXT_HEADER_MSFT_EXPERIS">
      <Text>Experis</Text>
    </Line>
    <Line Key="TXT_HEADER_MSFT_TEST_DIRECTOR">
      <Text>Test Director</Text>
    </Line>
    <Line Key="TXT_HEADER_MSFT_TEST_MANAGER">
      <Text>Test Managers</Text>
    </Line>
    <Line Key="TXT_HEADER_MSFT_TEST_LEAD">
      <Text>Test Leads</Text>
    </Line>
    <Line Key="TXT_HEADER_MSFT_SOFTWARE_TEST_ENGINEERS">
      <Text>Software Test Engineers</Text>
    </Line>
    <Line Key="TXT_HEADER_MSFT_DATA_SOFTWARE_TEST_ENGINEERING">
      <Text>Data Software Test Engineering</Text>
    </Line>
    <Line Key="TXT_HEADER_MSFT_TEST_ASSOCIATES">
      <Text>Test Associates</Text>
    </Line>
    <Line Key="TXT_HEADER_MSFT_ACCESSIBILITY_TEST_SUPERVISOR">
      <Text>Accessibility Test Supervisor</Text>
    </Line>
    <Line Key="TXT_HEADER_MSFT_ACCESSIBILITY_SOFTWARE_TEST_ENGINEERS1">
      <Text>Accessibility</Text>
    </Line>
    <Line Key="TXT_HEADER_MSFT_ACCESSIBILITY_SOFTWARE_TEST_ENGINEERS2">
      <Text>Software Test Engineers</Text>
    </Line>
    <Line Key="TXT_HEADER_MSFT_ACCESSIBILITY_TEST_ASSOCIATES">
      <Text>Accessibility Test Associates</Text>
    </Line>
    <Line Key="TXT_HEADER_MSFT_SPECIAL_THANKS">
      <Text>Special Thanks</Text>
    </Line>
    <Line Key="TXT_HEADER_MSFT_SHIELD_LAB">
      <Text>Shield Lab</Text>
    </Line>
    <Line Key="TXT_HEADER_MSFT_PROGRAM_MANAGER">
      <Text>Program Manager</Text>
    </Line>
    <Line Key="TXT_HEADER_MSFT_ASSISTANT_MANAGER">
      <Text>Assistant Managers</Text>
    </Line>
    <Line Key="TXT_HEADER_MSFT_TEST_LEADS">
      <Text>Test Leads</Text>
    </Line>
    <Line Key="TXT_HEADER_MSFT_RD_SOFTWARE_ENGINEER">
      <Text>R&amp;D Software Engineer</Text>
    </Line>
    <Line Key="TXT_HEADER_MSFT_TECHNICAL_TESTERS">
      <Text>Technical Testers</Text>
    </Line>
    <Line Key="TXT_HEADER_MSFT_LAB_TECHNICIAN">
      <Text>Lab Technician</Text>
    </Line>
    <Line Key="TXT_HEADER_MSFT_HARDWARE_COORDINATOR">
      <Text>Hardware Coordinator</Text>
    </Line>
    <Line Key="TXT_HEADER_MSFT_XBOX_GAME_STUDIOS_SPECIAL_THANKS1">
      <Text>Xbox Game Studios</Text>
    </Line>
    <Line Key="TXT_HEADER_MSFT_XBOX_GAME_STUDIOS_SPECIAL_THANKS2">
      <Text>Special Thanks</Text>
    </Line>
    <Line Key="TXT_HEADER_MSFT_EXTERNAL_CONSULTING_PARTNERS1">
      <Text>External Consulting</Text>
    </Line>
    <Line Key="TXT_HEADER_MSFT_EXTERNAL_CONSULTING_PARTNERS2">
      <Text>Partner</Text>
    </Line>
    <Line Key="TXT_HEADER_MSFT_LOCALIZATION">
      <Text>Localization</Text>
    </Line>
    <Line Key="TXT_HEADER_MSFT_LOCALIZATION_PRODUCER">
      <Text>Localization Producer</Text>
    </Line>
    <Line Key="TXT_HEADER_MSFT_LOCALIZATION_AUDIO_PRODUCTION">
      <Text>Localization Audio Production</Text>
    </Line>
    <Line Key="TXT_HEADER_MSFT_LOCALIZATION_ENGINEERING">
      <Text>Localization Engineering</Text>
    </Line>
    <Line Key="TXT_HEADER_MSFT_LOCALIZATION_QUALITY">
      <Text>Localization Quality</Text>
    </Line>
    <Line Key="TXT_HEADER_MSFT_LOCALIZATION_SERVICES">
      <Text>Localization Services</Text>
    </Line>
    <Line Key="TXT_HEADER_MSFT_LOCALIZATION_LINGUISTIC_QUALITY">
      <Text>Localization Linguistic Quality </Text>
    </Line>
    <Line Key="TXT_HEADER_MSFT_LOCALIZATION_GROUP_PM_MANAGER">
      <Text>Localization Group PM Manager</Text>
    </Line>
    <Line Key="TXT_HEADER_MSFT_USER_RESEARCH">
      <Text>User Research</Text>
    </Line>
    <Line Key="TXT_HEADER_MSFT_USER_RESEARCH_PROJECT_LEAD">
      <Text>User Research Project Lead</Text>
    </Line>
    <Line Key="TXT_HEADER_MSFT_USER_RESEARCH_LEADS">
      <Text>User Research Leads</Text>
    </Line>
    <Line Key="TXT_HEADER_MSFT_USER_RESEARCHER_SPECIALIST">
      <Text>User Researcher Specialists</Text>
    </Line>
    <Line Key="TXT_HEADER_MSFT_USER_RESEARCH_ASSOCIATE">
      <Text>User Research Associates</Text>
    </Line>
    <Line Key="TXT_HEADER_MSFT_PRODUCT_MARKETING">
      <Text>Product Marketing</Text>
    </Line>
    <Line Key="TXT_HEADER_MSFT_VP_GAMES_MARKETING">
      <Text>VP, Games Marketing</Text>
    </Line>
    <Line Key="TXT_HEADER_MSFT_SR_DIRECTOR_PRODUCT_MARKETING">
      <Text>Sr. Director Product Marketing</Text>
    </Line>
    <Line Key="TXT_HEADER_MSFT_SENIOR_PRODUCT_MAGANGER">
      <Text>Senior Product Maganger</Text>
    </Line>
    <Line Key="TXT_HEADER_MSFT_DIRECTOR_BUSINESS_PLANNING">
      <Text>Director, Business Planning</Text>
    </Line>
    <Line Key="TXT_HEADER_MSFT_DIRECTOR_OF_INSIGHTS">
      <Text>Director of Insights</Text>
    </Line>
    <Line Key="TXT_HEADER_MSFT_MARCOM">
      <Text>Marcom</Text>
    </Line>
    <Line Key="TXT_HEADER_MSFT_SR_DIRECTOR_MARCOM">
      <Text>Sr. Director, Marcom</Text>
    </Line>
    <Line Key="TXT_HEADER_MSFT_DIRECTOR_MARCOM">
      <Text>Director, Marcom</Text>
    </Line>
    <Line Key="TXT_HEADER_MSFT_INTEGRATED_MARKETING_LEAD">
      <Text>Integrated Marketing Lead</Text>
    </Line>
    <Line Key="TXT_HEADER_MSFT_COMMUNICATIONS">
      <Text>Communications</Text>
    </Line>
    <Line Key="TXT_HEADER_MSFT_SENIOR_COMMUNICATIONS_MANAGER">
      <Text>Senior Communications Managers</Text>
    </Line>
    <Line Key="TXT_HEADER_MSFT_ASSMBLY_MEDIA_INC">
      <Text>Assmbly Media Inc</Text>
    </Line>
    <Line Key="TXT_HEADER_MSFT_BUSINESS_DEVELOPMENT">
      <Text>Business Development</Text>
    </Line>
    <Line Key="TXT_HEADER_MSFT_BUSINESS_DEVELOPMENT_DIRECTOR">
      <Text>Business Development Director</Text>
    </Line>
    <Line Key="TXT_HEADER_MSFT_SENIOR_BUSINESS_DEVELOPMENT_MANAGER1">
      <Text>Senior Business</Text>
    </Line>
    <Line Key="TXT_HEADER_MSFT_SENIOR_BUSINESS_DEVELOPMENT_MANAGER2">
      <Text>Development Manager</Text>
    </Line>
    <Line Key="TXT_HEADER_MSFT_DIRECTOR_BUSINESS_DEVELOPMENT_MUSIC_TALENT1">
      <Text>Director of Business Development,</Text>
    </Line>
    <Line Key="TXT_HEADER_MSFT_DIRECTOR_BUSINESS_DEVELOPMENT_MUSIC_TALENT2">
      <Text>Music and Talent</Text>
    </Line>
    <Line Key="TXT_HEADER_MSFT_XBOX_STUDIO_SERVICES">
      <Text>Xbox Studio Services</Text>
    </Line>
    <Line Key="TXT_HEADER_MSFT_SENIOR_DIRECTOR_XBOX_STUDIOS_SERVICES1">
      <Text>Senior Director of</Text>
    </Line>
    <Line Key="TXT_HEADER_MSFT_SENIOR_DIRECTOR_XBOX_STUDIOS_SERVICES2">
      <Text>Xbox Studios Services</Text>
    </Line>
    <Line Key="TXT_HEADER_MSFT_SENIOR_DIRECTOR_XBOX_GAME_STUDIOS_DEVELOPER_SERVICES1">
      <Text>Senior Director of</Text>
    </Line>
    <Line Key="TXT_HEADER_MSFT_SENIOR_DIRECTOR_XBOX_GAME_STUDIOS_DEVELOPER_SERVICES2">
      <Text>Developer Services</Text>
    </Line>
    <Line Key="TXT_HEADER_MSFT_PRINCIPAL_DEVELOPER_ACCOUNT_MANAGER_LEAD1">
      <Text>Principal Developers</Text>
    </Line>
    <Line Key="TXT_HEADER_MSFT_PRINCIPAL_DEVELOPER_ACCOUNT_MANAGER_LEAD2">
      <Text>Account Manager Lead</Text>
    </Line>
    <Line Key="TXT_HEADER_MSFT_SENIOR_DEVELOPER_ACCOUNT_MANAGER1">
      <Text>Senior Developer</Text>
    </Line>
    <Line Key="TXT_HEADER_MSFT_SENIOR_DEVELOPER_ACCOUNT_MANAGER2">
      <Text>Account Manager</Text>
    </Line>
    <Line Key="TXT_HEADER_MSFT_DIRECTOR_OF_FIRST_PARTY_RELEASE_MANAGEMENT1">
      <Text>Director of First Party</Text>
    </Line>
    <Line Key="TXT_HEADER_MSFT_DIRECTOR_OF_FIRST_PARTY_RELEASE_MANAGEMENT2">
      <Text>Release Management</Text>
    </Line>
    <Line Key="TXT_HEADER_MSFT_SENIOR_RELEASE_MANAGER_LEAD">
      <Text>Senior Release Manager Lead</Text>
    </Line>
    <Line Key="TXT_HEADER_MSFT_RELEASE_MANAGER">
      <Text>Release Manager</Text>
    </Line>
    <Line Key="TXT_HEADER_MSFT_SS_ACCESSIBILITY_LEAD">
      <Text>Accessibility Lead</Text>
    </Line>
    <Line Key="TXT_HEADER_MSFT_SECONDARY_CHANNEL_MANAGER">
      <Text>Secondary Channel Manager</Text>
    </Line>
    <Line Key="TXT_HEADER_MSFT_DIRECTOR_EXTERNAL_TECHNOLOGY1">
      <Text>Director, External Technology,</Text>
    </Line>
    <Line Key="TXT_HEADER_MSFT_DIRECTOR_EXTERNAL_TECHNOLOGY2">
      <Text>Development, and Music PGMs</Text>
    </Line>
    <Line Key="TXT_HEADER_MSFT_SENIOR_LICENSING_MANAGER">
      <Text>Senior Licensing Managers</Text>
    </Line>
    <Line Key="TXT_HEADER_MSFT_XBOX_GAME_STUDIOS_SECURITY_LEAD1">
      <Text>Xbox Game Studios Security Lead,</Text>
    </Line>
    <Line Key="TXT_HEADER_MSFT_XBOX_GAME_STUDIOS_SECURITY_LEAD2">
      <Text>Principal Security TPM Manager</Text>
    </Line>
    <Line Key="TXT_HEADER_MSFT_SENIOR_SECURITY_SOFTWARE_ENGINEER">
      <Text>Senior Security Software Engineer</Text>
    </Line>
    <Line Key="TXT_HEADER_MSFT_PRINCIPAL_SECURITY_TECHNICAL_PROGRAM_MANAGER1">
      <Text>Principal Security</Text>
    </Line>
    <Line Key="TXT_HEADER_MSFT_PRINCIPAL_SECURITY_TECHNICAL_PROGRAM_MANAGER2">
      <Text>Technical Program Managers</Text>
    </Line>
    <Line Key="TXT_HEADER_MSFT_SENIOR_SECURITY_TECHNICAL_PROGRAM_MANAGER1">
      <Text>Senior Security</Text>
    </Line>
    <Line Key="TXT_HEADER_MSFT_SENIOR_SECURITY_TECHNICAL_PROGRAM_MANAGER2">
      <Text>Technical Program Manager</Text>
    </Line>
    <Line Key="TXT_HEADER_MSFT_CENTRAL_DATA_LEAD">
      <Text>Central Data Lead</Text>
    </Line>
    <Line Key="TXT_HEADER_MSFT_CENTRAL_DATA_SENIOR_SCIENTIST">
      <Text>Central Data Senior Scientist</Text>
    </Line>
    <Line Key="TXT_HEADER_MSFT_CENTRAL_DATA_SENIOR_ENGINEER">
      <Text>Central Data Senior Engineers</Text>
    </Line>
    <Line Key="TXT_HEADER_MSFT_CENTRAL_DATA_SENIOR_TECHNICAL_PROGRAM_MANAGER1">
      <Text>Central Data</Text>
    </Line>
    <Line Key="TXT_HEADER_MSFT_CENTRAL_DATA_SENIOR_TECHNICAL_PROGRAM_MANAGER2">
      <Text>Senior Technical Program Managers</Text>
    </Line>
    <Line Key="TXT_HEADER_MSFT_ESRB_AGE_RATINGS_SAFETY_LEAD1">
      <Text>ESRB Age Ratings</Text>
    </Line>
    <Line Key="TXT_HEADER_MSFT_ESRB_AGE_RATINGS_SAFETY_LEAD2">
      <Text>&amp; Safety Lead</Text>
    </Line>
    <Line Key="TXT_HEADER_MSFT_INTERNATIONAL_AGE_RATINGS_LEAD">
      <Text>International Age Ratings Lead</Text>
    </Line>
    <Line Key="TXT_HEADER_MSFT_COMPLIANCE_LEAD">
      <Text>Compliance Lead</Text>
    </Line>
    <Line Key="TXT_HEADER_MSFT_COMPLIANCE_PROGRAM_MANAGER">
      <Text>Compliance Program Manager</Text>
    </Line>
    <Line Key="TXT_HEADER_MSFT_STUDIOS_PRIVACY_LEAD">
      <Text>Studios Privacy Lead</Text>
    </Line>
    <Line Key="TXT_HEADER_MSFT_SR_GLOBAL_READINESS_LEAD">
      <Text>Sr. Global Readiness Lead</Text>
    </Line>
    <Line Key="TXT_HEADER_MSFT_GLOBAL_READINES_CHAMPION">
      <Text>Global Readiness Champion</Text>
    </Line>
    <Line Key="TXT_HEADER_MSFT_IT_DIRECTOR">
      <Text>IT Director</Text>
    </Line>
    <Line Key="TXT_HEADER_MSFT_SR_TECHNICAL_PROGRAM_MANAGER">
      <Text>Sr. Technical Program Managers</Text>
    </Line>
    <Line Key="TXT_HEADER_MSFT_SR_NETWORK_ENGINEER">
      <Text>Sr. Network Engineer</Text>
    </Line>
    <Line Key="TXT_HEADER_MSFT_NETWORK_ENGINEER">
      <Text>Network Engineer</Text>
    </Line>
    <Line Key="TXT_HEADER_MSFT_TECHNICAL_PROGRAM_MANAGER">
      <Text>Technical Program Managers</Text>
    </Line>
    <Line Key="TXT_HEADER_MSFT_SERVICE_ENGINEER">
      <Text>Service Engineers</Text>
    </Line>
    <Line Key="TXT_HEADER_MSFT_SENIOR_SOFTWARE_ENGINEER">
      <Text>Senior Software Engineers</Text>
    </Line>
    <Line Key="TXT_HEADER_MSFT_PRINCIPAL_SOFTWARE_ENGINEER">
      <Text>Principal Software Engineers</Text>
    </Line>
    <Line Key="TXT_HEADER_MSFT_PRINCIPAL_ENGINEERING_PM_LEAD">
      <Text>Principal Engineering PM Lead</Text>
    </Line>
    <Line Key="TXT_HEADER_MSFT_SOFTWARE_ENGINEER">
      <Text>Software Engineer</Text>
    </Line>
    <Line Key="TXT_HEADER_MSFT_LEGAL">
      <Text>Legal</Text>
    </Line>
    <Line Key="TXT_HEADER_MSFT_SENIOR_CORPORATE_COUNSEL">
      <Text>Senior Corporate Counsel</Text>
    </Line>
    <Line Key="TXT_HEADER_MSFT_ASSISTANT_GENERAL_COUNSEL">
      <Text>Assistant General Counsel</Text>
    </Line>
    <Line Key="TXT_HEADER_MSFT_PARALEGAL">
      <Text>Paralegal</Text>
    </Line>
    <!--Outsource Credit Headers -->
    <Line Key="TXT_HEADER_OUTSOURCE_OUTSOURCE">
      <Text>Outsource</Text>
    </Line>
    <Line Key="TXT_HEADER_OUTSOURCE_ART_OUTSOURCE">
      <Text>Art Outsource</Text>
    </Line>
    <Line Key="TXT_HEADER_OUTSOURCE_LIMITED_SLIP_STUDIOS">
      <Text>Limited Slip Studios</Text>
    </Line>
    <Line Key="TXT_HEADER_OUTSOURCE_STARDOCK">
      <Text>Stardock</Text>
    </Line>
    <Line Key="TXT_HEADER_OUTSOURCE_DESIGN_OUTSOURCE">
      <Text>Design Outsource</Text>
    </Line>
    <!--Pipeworks Credit Headers -->
    <Line Key="TXT_HEADER_PIPEWORKS_PIPEWORKS_STUDIOS_MANAGEMENT_SUPPORT_ROLES1">
      <Text>Pipeworks Studios</Text>
    </Line>
    <Line Key="TXT_HEADER_PIPEWORKS_PIPEWORKS_STUDIOS_MANAGEMENT_SUPPORT_ROLES2">
      <Text>Management &amp;</Text>
    </Line>
    <Line Key="TXT_HEADER_PIPEWORKS_PIPEWORKS_STUDIOS_MANAGEMENT_SUPPORT_ROLES3">
      <Text>Support Roles</Text>
    </Line>
    <Line Key="TXT_HEADER_PIPEWORKS_STUDIO_MANAGEMENT">
      <Text>Studio Management</Text>
    </Line>
    <Line Key="TXT_HEADER_PIPEWORKS_CEO">
      <Text>CEO</Text>
    </Line>
    <Line Key="TXT_HEADER_PIPEWORKS_CTO">
      <Text>CTO</Text>
    </Line>
    <Line Key="TXT_HEADER_PIPEWORKS_VP_OF_DEVELOPMENT">
      <Text>VP of Development</Text>
    </Line>
    <Line Key="TXT_HEADER_PIPEWORKS_STUDIO_PRODUCTION_DIRECTOR">
      <Text>Studio Production Director</Text>
    </Line>
    <Line Key="TXT_HEADER_PIPEWORKS_STUDIO_ART_DIRECTOR">
      <Text>Studio Art Director</Text>
    </Line>
    <Line Key="TXT_HEADER_PIPEWORKS_STUDIO_DESIGN_DIRECTOR">
      <Text>Studio Design Director</Text>
    </Line>
    <Line Key="TXT_HEADER_PIPEWORKS_STUDIO_ENGINEERING_DIRECTOR">
      <Text>Studio Engineering Director</Text>
    </Line>
    <Line Key="TXT_HEADER_PIPEWORKS_STUDIO_DIRECTOR_OF_QUALITY_ASSURANCE1">
      <Text>Studio Director</Text>
    </Line>
    <Line Key="TXT_HEADER_PIPEWORKS_STUDIO_DIRECTOR_OF_QUALITY_ASSURANCE2">
      <Text>of Quality Assurance</Text>
    </Line>
    <Line Key="TXT_HEADER_PIPEWORKS_SR_PROJECT_ART_DIRECTOR">
      <Text>Sr. Project Art Director</Text>
    </Line>
    <Line Key="TXT_HEADER_PIPEWORKS_VP_OF_FINANCE">
      <Text>VP of Finance</Text>
    </Line>
    <Line Key="TXT_HEADER_PIPEWORKS_FINANCIAL_ANALYST">
      <Text>Financial Analyst</Text>
    </Line>
    <Line Key="TXT_HEADER_PIPEWORKS_ACCOUNTING">
      <Text>Accounting</Text>
    </Line>
    <Line Key="TXT_HEADER_PIPEWORKS_PAYROLL_SPECIALIST">
      <Text>Payroll Specialist</Text>
    </Line>
    <Line Key="TXT_HEADER_PIPEWORKS_PURCHASING_AGENT">
      <Text>Purchasing Agent</Text>
    </Line>
    <Line Key="TXT_HEADER_PIPEWORKS_PEOPLE_OPERATIONS_DIRECTOR">
      <Text>People Operations Director</Text>
    </Line>
    <Line Key="TXT_HEADER_PIPEWORKS_PEOPLE_OPERATIONS_BUSINESS_PARTNER1">
      <Text>People Operations</Text>
    </Line>
    <Line Key="TXT_HEADER_PIPEWORKS_PEOPLE_OPERATIONS_BUSINESS_PARTNER2">
      <Text>Business Partner</Text>
    </Line>
    <Line Key="TXT_HEADER_PIPEWORKS_PEOPLE_OPERATIONS_ASSISTANT">
      <Text>People Operations Assistant</Text>
    </Line>
    <Line Key="TXT_HEADER_PIPEWORKS_VP_OF_BUSINESS_DEVELOPMENT_STRATEGIC_PARTNERSHIPS1">
      <Text>VP of Business Development</Text>
    </Line>
    <Line Key="TXT_HEADER_PIPEWORKS_VP_OF_BUSINESS_DEVELOPMENT_STRATEGIC_PARTNERSHIPS2">
      <Text>&amp; Strategic Partnerships</Text>
    </Line>
    <Line Key="TXT_HEADER_PIPEWORKS_BUSINESS_DEVELOPMENT_MANAGER">
      <Text>Business Development Manager</Text>
    </Line>
    <Line Key="TXT_HEADER_PIPEWORKS_COMMUNITY_SPECIALIST">
      <Text>Community Specialist</Text>
    </Line>
    <Line Key="TXT_HEADER_PIPEWORKS_GRAPHIC_DESIGNER">
      <Text>Graphic Designer</Text>
    </Line>
    <Line Key="TXT_HEADER_PIPEWORKS_COMMUNITY_MANAGER">
      <Text>Community Manager</Text>
    </Line>
    <Line Key="TXT_HEADER_PIPEWORKS_OFFICE_MANAGER">
      <Text>Office Manager</Text>
    </Line>
    <Line Key="TXT_HEADER_PIPEWORKS_FACILITIES_ASSISTANT">
      <Text>Facilities Assistant</Text>
    </Line>
    <Line Key="TXT_HEADER_PIPEWORKS_STUDIO_IT_MANAGER">
      <Text>Studio IT Manager</Text>
    </Line>
    <Line Key="TXT_HEADER_PIPEWORKS_LEAD_HELPDESK_TECHNICIAN">
      <Text>Lead HelpDesk Technician</Text>
    </Line>
    <Line Key="TXT_HEADER_PIPEWORKS_IT_OPERATIONS_SECURITY_ENGINEER">
      <Text>IT Operations Security Engineer</Text>
    </Line>
    <Line Key="TXT_HEADER_PIPEWORKS_HELP_DESK_TECHNICIAN">
      <Text>Help Desk Technician</Text>
    </Line>
    <Line Key="TXT_HEADER_PIPEWORKS_HARDWARE_SUPPORT_TECHNICIAN">
      <Text>Hardware Support Technician</Text>
    </Line>
    <Line Key="TXT_HEADER_PIPEWORKS_SR_IT_ENGINEER">
      <Text>Sr. IT Engineer</Text>
    </Line>
    <Line Key="TXT_HEADER_PIPEWORKS_PIPEWORKS_STUDIOS_DEVELOPMENT_TEAM1">
      <Text>Pipeworks Studios</Text>
    </Line>
    <Line Key="TXT_HEADER_PIPEWORKS_PIPEWORKS_STUDIOS_DEVELOPMENT_TEAM2">
      <Text>Development Team</Text>
    </Line>
    <Line Key="TXT_HEADER_PIPEWORKS_PRODUCTION">
      <Text>Production</Text>
    </Line>
    <Line Key="TXT_HEADER_PIPEWORKS_LEAD_PRODUCER">
      <Text>Lead Producer</Text>
    </Line>
    <Line Key="TXT_HEADER_PIPEWORKS_EXECUTIVE_PRODUCERS">
      <Text>Executive Producers</Text>
    </Line>
    <Line Key="TXT_HEADER_PIPEWORKS_PRODUCERS">
      <Text>Producers</Text>
    </Line>
    <Line Key="TXT_HEADER_PIPEWORKS_ASSISTANT_PRODUCER">
      <Text>Assistant Producer</Text>
    </Line>
    <Line Key="TXT_HEADER_PIPEWORKS_DESIGN">
      <Text>Design</Text>
    </Line>
    <Line Key="TXT_HEADER_PIPEWORKS_LEAD_DESIGNER">
      <Text>Lead Designer</Text>
    </Line>
    <Line Key="TXT_HEADER_PIPEWORKS_GAME_DESIGNERS">
      <Text>Game Designers</Text>
    </Line>
    <Line Key="TXT_HEADER_PIPEWORKS_ENGINEERING">
      <Text>Engineering</Text>
    </Line>
    <Line Key="TXT_HEADER_PIPEWORKS_LEAD_ENGINEERS">
      <Text>Lead Engineers</Text>
    </Line>
    <Line Key="TXT_HEADER_PIPEWORKS_ENGINEERS">
      <Text>Engineers</Text>
    </Line>
    <Line Key="TXT_HEADER_PIPEWORKS_ART">
      <Text>Art</Text>
    </Line>
    <Line Key="TXT_HEADER_PIPEWORKS_CHARACTER_ARTISTS">
      <Text>Character Artists</Text>
    </Line>
    <Line Key="TXT_HEADER_PIPEWORKS_TECHNICAL_ARTISTS">
      <Text>Technical Artists</Text>
    </Line>
    <Line Key="TXT_HEADER_PIPEWORKS_UI_ARTISTS">
      <Text>UI Artists</Text>
    </Line>
    <Line Key="TXT_HEADER_PIPEWORKS_QUALITY_ASSURANCE">
      <Text>Quality Assurance</Text>
    </Line>
    <Line Key="TXT_HEADER_PIPEWORKS_QA_LEADS">
      <Text>QA Leads</Text>
    </Line>
    <Line Key="TXT_HEADER_PIPEWORKS_QA_TESTERS">
      <Text>QA Tester</Text>
    </Line>
    <!--Soundtrack Credit Headers -->
    <Line Key="TXT_HEADER_SOUNDTRACK_SOUNDTRACK">
      <Text>Soundtrack</Text>
    </Line>
    <Line Key="TXT_HEADER_SOUNDTRACK_PRODUCED_AND_MIXED_BY">
      <Text>Produced and Mixed By</Text>
    </Line>
    <Line Key="TXT_HEADER_SOUNDTRACK_MASTERING">
      <Text>Mastering</Text>
    </Line>
    <Line Key="TXT_HEADER_SOUNDTRACK_COMPOSERS">
      <Text>Composers</Text>
    </Line>
    <Line Key="TXT_HEADER_SOUNDTRACK_ORCHESTRATOR">
      <Text>Orchestrator</Text>
    </Line>
    <Line Key="TXT_HEADER_SOUNDTRACK_FILMHARMONIC_ORCHESTRA_PRAGUE1">
      <Text>FILMharmonic</Text>
    </Line>
    <Line Key="TXT_HEADER_SOUNDTRACK_FILMHARMONIC_ORCHESTRA_PRAGUE2">
      <Text>Orchestra Prague</Text>
    </Line>
    <Line Key="TXT_HEADER_SOUNDTRACK_CONDUCTOR">
      <Text>Conductor</Text>
    </Line>
    <Line Key="TXT_HEADER_SOUNDTRACK_FILMHARMONIC_CHOIR_PRAGUE1">
      <Text>FILMharmonic Choir</Text>
    </Line>
    <Line Key="TXT_HEADER_SOUNDTRACK_FILMHARMONIC_CHOIR_PRAGUE2">
      <Text>Choir Prague</Text>
    </Line>
    <Line Key="TXT_HEADER_SOUNDTRACK_FILMHARMONIC_CHOIR_MASTER">
      <Text>Choir Master</Text>
    </Line>
    <Line Key="TXT_HEADER_SOUNDTRACK_BOY_SOPRANO">
      <Text>Boy Soprano</Text>
    </Line>
    <Line Key="TXT_HEADER_SOUNDTRACK_FILMHARMONIC_RECORDING_ENGINEER">
      <Text>Recording Engineer</Text>
    </Line>
    <Line Key="TXT_HEADER_SOUNDTRACK_ASSISTANT_ENGINEER">
      <Text>Assistant Engineer</Text>
    </Line>
    <Line Key="TXT_HEADER_SOUNDTRACK_ORCHESTRA_AND_CHOIR_CONTRACTOR_AND_RECORDING_MANAGER1">
      <Text>Orchestra and Choir</Text>
    </Line>
    <Line Key="TXT_HEADER_SOUNDTRACK_ORCHESTRA_AND_CHOIR_CONTRACTOR_AND_RECORDING_MANAGER2">
      <Text>Contractor and</Text>
    </Line>
    <Line Key="TXT_HEADER_SOUNDTRACK_ORCHESTRA_AND_CHOIR_CONTRACTOR_AND_RECORDING_MANAGER3">
      <Text>Recording Manager</Text>
    </Line>
    <Line Key="TXT_HEADER_SOUNDTRACK_LIBRARIAN">
      <Text>Librarian</Text>
    </Line>
    <Line Key="TXT_HEADER_SOUNDTRACK_SESSIONS_RECORDED_IN_SMECKY_MUSIC_STUDIOS_PRAGUE_CZECH_REPUBLIC1">
      <Text>Sessions recorded in</Text>
    </Line>
    <Line Key="TXT_HEADER_SOUNDTRACK_SESSIONS_RECORDED_IN_SMECKY_MUSIC_STUDIOS_PRAGUE_CZECH_REPUBLIC2">
      <Text>Smečky Music Studios,</Text>
    </Line>
    <Line Key="TXT_HEADER_SOUNDTRACK_SESSIONS_RECORDED_IN_SMECKY_MUSIC_STUDIOS_PRAGUE_CZECH_REPUBLIC3">
      <Text>Prague, Czech Republic</Text>
    </Line>
    <Line Key="TXT_HEADER_SOUNDTRACK_LATIN_LYRIC_TRANSLATION">
      <Text>Latin Lyric Translation</Text>
    </Line>
    <Line Key="TXT_HEADER_SOUNDTRACK_MONGOLIAN_STATE_MORIN_KHUUR_ENSEMBLE1">
      <Text>Mongolian State</Text>
    </Line>
    <Line Key="TXT_HEADER_SOUNDTRACK_MONGOLIAN_STATE_MORIN_KHUUR_ENSEMBLE2">
      <Text>Morin Khuur Ensemble</Text>
    </Line>
    <Line Key="TXT_HEADER_SOUNDTRACK_CONDUCTOR_SOLOIST">
      <Text>Conductor, Soloist</Text>
    </Line>
    <Line Key="TXT_HEADER_SOUNDTRACK_DYNAMEDION">
      <Text>Dynamedion</Text>
    </Line>
    <Line Key="TXT_HEADER_SOUNDTRACK_DYNAMEDION_SESSION_PRODUCER">
      <Text>Session Producer</Text>
    </Line>
    <Line Key="TXT_HEADER_SOUNDTRACK_ASSISTANT_TO_SESSION_PRODUCER">
      <Text>Assistant to Session Producer</Text>
    </Line>
    <Line Key="TXT_HEADER_SOUNDTRACK_SESSIONS_RECORDED_AT_WHITE_ARCH_STUDIOS_ULAANBATAAR_MONGOLIA1">
      <Text>Sessions recorded at</Text>
    </Line>
    <Line Key="TXT_HEADER_SOUNDTRACK_SESSIONS_RECORDED_AT_WHITE_ARCH_STUDIOS_ULAANBATAAR_MONGOLIA2">
      <Text>White Arch Studios,</Text>
    </Line>
    <Line Key="TXT_HEADER_SOUNDTRACK_SESSIONS_RECORDED_AT_WHITE_ARCH_STUDIOS_ULAANBATAAR_MONGOLIA3">
      <Text>Ulaanbataar, Mongolia</Text>
    </Line>
    <Line Key="TXT_HEADER_SOUNDTRACK_PHILADELPHIA_BOYS_CHOIR1">
      <Text>Philadelphia</Text>
    </Line>
    <Line Key="TXT_HEADER_SOUNDTRACK_PHILADELPHIA_BOYS_CHOIR2">
      <Text>Boys Choir</Text>
    </Line>
    <Line Key="TXT_HEADER_SOUNDTRACK_BOYS_CHOIR_SESSION_PRODUCER">
      <Text>Session Producer</Text>
    </Line>
    <Line Key="TXT_HEADER_SOUNDTRACK_ARTISTIC_DIRECTOR">
      <Text>Artistic Director</Text>
    </Line>
    <Line Key="TXT_HEADER_SOUNDTRACK_BOY_SOPRANO_SOLOISTS">
      <Text>Boy Soprano Soloists</Text>
    </Line>
    <Line Key="TXT_HEADER_SOUNDTRACK_PEABODY_STUDENT_CHOIR1">
      <Text>Members of the</Text>
    </Line>
    <Line Key="TXT_HEADER_SOUNDTRACK_PEABODY_STUDENT_CHOIR2">
      <Text>Peabody Conservatory</Text>
    </Line>
    <Line Key="TXT_HEADER_SOUNDTRACK_PEABODY_STUDENT_CHOIR3">
      <Text>Vocal Ensemble</Text>
    </Line>
    <Line Key="TXT_HEADER_SOUNDTRACK_PEABODY_CHOIR_MASTER">
      <Text>Conductor</Text>
    </Line>
    <Line Key="TXT_HEADER_SOUNDTRACK_PEABODY_RECORDING_ENGINEER">
      <Text>Recording Engineer</Text>
    </Line>
    <Line Key="TXT_HEADER_SOUNDTRACK_SOPRANOS">
      <Text>Sopranos</Text>
    </Line>
    <Line Key="TXT_HEADER_SOUNDTRACK_ALTOS">
      <Text>Altos</Text>
    </Line>
    <Line Key="TXT_HEADER_SOUNDTRACK_TENORS">
      <Text>Tenors</Text>
    </Line>
    <Line Key="TXT_HEADER_SOUNDTRACK_BASSES">
      <Text>Basses</Text>
    </Line>
    <Line Key="TXT_HEADER_SOUNDTRACK_SESSIONS_RECORDED_AT_PEABODY_CONSERVATORY1">
      <Text>Sessions recorded at</Text>
    </Line>
    <Line Key="TXT_HEADER_SOUNDTRACK_SESSIONS_RECORDED_AT_PEABODY_CONSERVATORY2">
      <Text>Peabody Conservatory</Text>
    </Line>
    <Line Key="TXT_HEADER_SOUNDTRACK_LA_HACIENDA_CREATIVE_MONTREAL1">
      <Text>La Hacienda Creative,</Text>
    </Line>
    <Line Key="TXT_HEADER_SOUNDTRACK_LA_HACIENDA_CREATIVE_MONTREAL2">
      <Text>Montreal</Text>
    </Line>
    <Line Key="TXT_HEADER_SOUNDTRACK_30_BELOW_STUDIO_NYC">
      <Text>30 Below Studio, NYC</Text>
    </Line>
    <Line Key="TXT_HEADER_SOUNDTRACK_30_BELOW_RECORDING_ENGINEER">
      <Text>Recording Engineer</Text>
    </Line>
    <Line Key="TXT_HEADER_SOUNDTRACK_THE_WOOD_AND_STONE_ROOM1">
      <Text>The Wood</Text>
    </Line>
    <Line Key="TXT_HEADER_SOUNDTRACK_THE_WOOD_AND_STONE_ROOM2">
      <Text>and Stone Room</Text>
    </Line>
    <Line Key="TXT_HEADER_SOUNDTRACK_WOOD_AND_STONE_RECORDING_ENGINEER">
      <Text>Recording Engineer</Text>
    </Line>
    <Line Key="TXT_HEADER_SOUNDTRACK_SOLOIST">
      <Text>Soloists</Text>
    </Line>
    <!--Halp Credit Headers -->
    <Line Key="TXT_HEADER_HALP_DIALOGUE_SERVICES_BY_THE_HALP_NETWORK1">
      <Text>Dialogue Services</Text>
    </Line>
    <Line Key="TXT_HEADER_HALP_DIALOGUE_SERVICES_BY_THE_HALP_NETWORK2">
      <Text>By The</Text>
    </Line>
    <Line Key="TXT_HEADER_HALP_DIALOGUE_SERVICES_BY_THE_HALP_NETWORK3">
      <Text>Halp Network</Text>
    </Line>
    <Line Key="TXT_HEADER_HALP_CEO">
      <Text>CEO</Text>
    </Line>
    <Line Key="TXT_HEADER_HALP_COO">
      <Text>COO</Text>
    </Line>
    <Line Key="TXT_HEADER_HALP_PRODUCER">
      <Text>Producers</Text>
    </Line>
    <Line Key="TXT_HEADER_HALP_CASTING_SERVICES_BY_THE_HALP_NETWORK1">
      <Text>Casting Services</Text>
    </Line>
    <Line Key="TXT_HEADER_HALP_CASTING_SERVICES_BY_THE_HALP_NETWORK2">
      <Text>By The</Text>
    </Line>
    <Line Key="TXT_HEADER_HALP_CASTING_SERVICES_BY_THE_HALP_NETWORK3">
      <Text>Halp Network</Text>
    </Line>
    <Line Key="TXT_HEADER_HALP_CASTING_DIRECTOR">
      <Text>Casting Directors</Text>
    </Line>
    <Line Key="TXT_HEADER_HALP_CASTING_ASSOCIATE">
      <Text>Casting Associate</Text>
    </Line>
    <Line Key="TXT_HEADER_HALP_WITH_HELP_FROM_THE_FOLLOWING_PARTNERS1">
      <Text>With Help</Text>
    </Line>
    <Line Key="TXT_HEADER_HALP_WITH_HELP_FROM_THE_FOLLOWING_PARTNERS2">
      <Text>From the</Text>
    </Line>
    <Line Key="TXT_HEADER_HALP_WITH_HELP_FROM_THE_FOLLOWING_PARTNERS3">
      <Text>Following Partners:</Text>
    </Line>
    <Line Key="TXT_HEADER_HALP_VOICE_DIRECTOR">
      <Text>Voice Director</Text>
    </Line>
    <Line Key="TXT_HEADER_HALP_ASSISTANT_ENGINEER">
      <Text>Assistant Engineers</Text>
    </Line>
    <Line Key="TXT_HEADER_HALP_RECORDING_SERVICES_BY_REALVOICELA1">
      <Text>Recording Services By:</Text>
    </Line>
    <Line Key="TXT_HEADER_HALP_RECORDING_SERVICES_BY_REALVOICELA2">
      <Text>RealVoiceLA</Text>
    </Line>
    <Line Key="TXT_HEADER_HALP_RECORDING_ENGINEER">
      <Text>Recording Engineer</Text>
    </Line>
    <Line Key="TXT_HEADER_HALP_RECORDING_SERVICES_BY_ROCKET_SOUND_A_LIONBRIDGE_GAMES_STUDIO1">
      <Text>Recording Services By:</Text>
    </Line>
    <Line Key="TXT_HEADER_HALP_RECORDING_SERVICES_BY_ROCKET_SOUND_A_LIONBRIDGE_GAMES_STUDIO2">
      <Text>Rocket Sound,</Text>
    </Line>
    <Line Key="TXT_HEADER_HALP_RECORDING_SERVICES_BY_ROCKET_SOUND_A_LIONBRIDGE_GAMES_STUDIO3">
      <Text>a Lionbridge</Text>
    </Line>
    <Line Key="TXT_HEADER_HALP_RECORDING_SERVICES_BY_ROCKET_SOUND_A_LIONBRIDGE_GAMES_STUDIO4">
      <Text>Games Studio</Text>
    </Line>
    <Line Key="TXT_HEADER_HALP_SR_DIRECTOR_NORTH_AMERICAN_AUDIO">
      <Text>Sr. Director North American Audio</Text>
    </Line>
    <Line Key="TXT_HEADER_HALP_SR_PROJECT_MANAGER">
      <Text>Sr. Project Manager</Text>
    </Line>
    <Line Key="TXT_HEADER_HALP_PRODUCTION_MANAGER">
      <Text>Production Manager</Text>
    </Line>
    <Line Key="TXT_HEADER_HALP_COORDINATOR">
      <Text>Coordinators</Text>
    </Line>
    <Line Key="TXT_HEADER_HALP_LIONBRIDGE_RECORDING_ENGINEER">
      <Text>Recording Engineer</Text>
    </Line>
    <Line Key="TXT_HEADER_HALP_SESSION_ASSISTANT">
      <Text>Session Assistant</Text>
    </Line>
    <Line Key="TXT_HEADER_HALP_VOICE_OVER_EDITORIAL_PROVIDED_BY_EMPTY_SEA_AUDIO_LOS_ANGELES_SAN_FRANCISCO1">
      <Text>Voice Over Editorial</Text>
    </Line>
    <Line Key="TXT_HEADER_HALP_VOICE_OVER_EDITORIAL_PROVIDED_BY_EMPTY_SEA_AUDIO_LOS_ANGELES_SAN_FRANCISCO2">
      <Text>Provided By:</Text>
    </Line>
    <Line Key="TXT_HEADER_HALP_VOICE_OVER_EDITORIAL_PROVIDED_BY_EMPTY_SEA_AUDIO_LOS_ANGELES_SAN_FRANCISCO3">
      <Text>Empty Sea Audio,</Text>
    </Line>
    <Line Key="TXT_HEADER_HALP_VOICE_OVER_EDITORIAL_PROVIDED_BY_EMPTY_SEA_AUDIO_LOS_ANGELES_SAN_FRANCISCO4">
      <Text>Los Angeles</Text>
    </Line>
    <Line Key="TXT_HEADER_HALP_VOICE_OVER_EDITORIAL_PROVIDED_BY_EMPTY_SEA_AUDIO_LOS_ANGELES_SAN_FRANCISCO5">
      <Text>+ San Francisco</Text>
    </Line>
    <Line Key="TXT_HEADER_HALP_SUPERVISING_DIALOGUE_EDITOR">
      <Text>Supervising Dialogue Editor</Text>
    </Line>
    <Line Key="TXT_HEADER_HALP_DIALOGUE_EDITOR">
      <Text>Dialogue Editors</Text>
    </Line>
    <Line Key="TXT_HEADER_HALP_CULTURAL_CONSULTING_SUPPORT_BY_THE_CULTURAL_CONSULTANTS1">
      <Text>Cultural Consulting</Text>
    </Line>
    <Line Key="TXT_HEADER_HALP_CULTURAL_CONSULTING_SUPPORT_BY_THE_CULTURAL_CONSULTANTS2">
      <Text>Support By: The</Text>
    </Line>
    <Line Key="TXT_HEADER_HALP_CULTURAL_CONSULTING_SUPPORT_BY_THE_CULTURAL_CONSULTANTS3">
      <Text>Cultural Consultants</Text>
    </Line>
    <Line Key="TXT_HEADER_HALP_TALENT">
      <Text>Talent</Text>
    </Line>
    <Line Key="TXT_HEADER_HALP_NARRATOR">
      <Text>Narrator</Text>
    </Line>
    <Line Key="TXT_HEADER_HALP_CITIZEN">
      <Text>Citizens</Text>
    </Line>
    <Line Key="TXT_HEADER_HALP_OPENING_CINEMATIC">
      <Text>Opening Cinematic</Text>
    </Line>
    <Line Key="TXT_HEADER_HALP_ADDITIONAL_VOICES">
      <Text>Additional Voices</Text>
    </Line>
    <!--Lionbridge Audio Headers -->
    <Line Key="TXT_HEADER_LIONBRIDGE_LIONBRIDGE_AUDIO_LOCALIZATION1">
      <Text>Lionbridge</Text>
    </Line>
    <Line Key="TXT_HEADER_LIONBRIDGE_LIONBRIDGE_AUDIO_LOCALIZATION2">
      <Text>Audio Localization</Text>
    </Line>
    <Line Key="TXT_HEADER_LIONBRIDGE_LOCALIZATION_PROJECT_MANAGER">
      <Text>Localization Project Manager</Text>
    </Line>
    <Line Key="TXT_HEADER_LIONBRIDGE_FRENCH">
      <Text>French</Text>
    </Line>
    <Line Key="TXT_HEADER_LIONBRIDGE_AUDIO_LEAD_FRENCH">
      <Text>Audio Leads</Text>
    </Line>
    <Line Key="TXT_HEADER_LIONBRIDGE_AUDIO_PROJECT_MANAGER_FRENCH">
      <Text>Audio Project Manager</Text>
    </Line>
    <Line Key="TXT_HEADER_LIONBRIDGE_ARTISTIC_DIRECTOR_FRENCH">
      <Text>Artistic Director</Text>
    </Line>
    <Line Key="TXT_HEADER_LIONBRIDGE_SOUND_ENGINEER_FRENCH">
      <Text>Sound Engineers</Text>
    </Line>
    <Line Key="TXT_HEADER_LIONBRIDGE_ITALIAN">
      <Text>Italian</Text>
    </Line>
    <Line Key="TXT_HEADER_LIONBRIDGE_AUDIO_LEAD_ITALIAN">
      <Text>Audio Lead</Text>
    </Line>
    <Line Key="TXT_HEADER_LIONBRIDGE_JAPANESE">
      <Text>Japanese</Text>
    </Line>
    <Line Key="TXT_HEADER_LIONBRIDGE_AUDIO_LEAD_JAPANESE">
      <Text>Audio Lead</Text>
    </Line>
    <Line Key="TXT_HEADER_LIONBRIDGE_ARTISTIC_DIRECTOR_JAPANESE">
      <Text>Artistic Director</Text>
    </Line>
    <Line Key="TXT_HEADER_LIONBRIDGE_KOREAN">
      <Text>Korean</Text>
    </Line>
    <Line Key="TXT_HEADER_LIONBRIDGE_PROJECT_MANAGER_KOREAN">
      <Text>Project Manager</Text>
    </Line>
    <Line Key="TXT_HEADER_LIONBRIDGE_VOICE_DIRECTOR_KOREAN">
      <Text>Voice Director</Text>
    </Line>
    <Line Key="TXT_HEADER_LIONBRIDGE_SCRIPT_ADAPTER_KOREAN">
      <Text>Script Adapters</Text>
    </Line>
    <Line Key="TXT_HEADER_LIONBRIDGE_AUDIO_ENGINEER_KOREAN">
      <Text>Audio Engineers</Text>
    </Line>
    <Line Key="TXT_HEADER_LIONBRIDGE_MEXICAN">
      <Text>Mexican</Text>
    </Line>
    <Line Key="TXT_HEADER_LIONBRIDGE_LOCALIZATION_PROJECT_MANAGER_MEXICAN">
      <Text>Localization Project Manager</Text>
    </Line>
    <Line Key="TXT_HEADER_LIONBRIDGE_AUDIO_LEAD_MEXICAN">
      <Text>Audio Lead</Text>
    </Line>
    <Line Key="TXT_HEADER_LIONBRIDGE_SPANISH">
      <Text>Spanish</Text>
    </Line>
    <Line Key="TXT_HEADER_LIONBRIDGE_AUDIO_LEAD_SPANISH">
      <Text>Audio Lead</Text>
    </Line>
    <Line Key="TXT_HEADER_LIONBRIDGE_AUDIO_PRODUCTION_ASSISTANT_SPANISH">
      <Text>Audio Production Assistant</Text>
    </Line>
    <Line Key="TXT_HEADER_LIONBRIDGE_AUDIO_ENGINEER_SPANISH">
      <Text>Audio Engineer</Text>
    </Line>
    <Line Key="TXT_HEADER_LIONBRIDGE_BRAZILIAN">
      <Text>Brazilian</Text>
    </Line>
    <Line Key="TXT_HEADER_LIONBRIDGE_STUDIO_MANAGER_BRAZILIAN">
      <Text>Studio Manager</Text>
    </Line>
    <Line Key="TXT_HEADER_LIONBRIDGE_AUDIO_PROJECT_MANAGER_BRAZILIAN">
      <Text>Audio Project Manager</Text>
    </Line>
    <Line Key="TXT_HEADER_LIONBRIDGE_AUDIO_LEAD_BRAZILIAN">
      <Text>Audio Lead</Text>
    </Line>
    <Line Key="TXT_HEADER_LIONBRIDGE_ARTISTIC_DIRECTOR_BRAZILIAN">
      <Text>Artistic Director</Text>
    </Line>
    <Line Key="TXT_HEADER_LIONBRIDGE_STUDIO_ASSISTANT_BRAZILIAN">
      <Text>Studio Assistant</Text>
    </Line>
    <Line Key="TXT_HEADER_LIONBRIDGE_PRODUCER_BRAZILIAN">
      <Text>Producer</Text>
    </Line>
    <Line Key="TXT_HEADER_LIONBRIDGE_DATA_MANAGER_BRAZILIAN">
      <Text>Data Manager</Text>
    </Line>
    <Line Key="TXT_HEADER_LIONBRIDGE_AUDIO_ENGINEER_BRAZILIAN">
      <Text>Audio Engineers</Text>
    </Line>
    <Line Key="TXT_HEADER_LIONBRIDGE_AUDIO_EDITOR_BRAZILIAN">
      <Text>Audio Editors</Text>
    </Line>
    <Line Key="TXT_HEADER_LIONBRIDGE_AUDIO_QA_BRAZILIAN">
      <Text>Audio QA</Text>
    </Line>
    <Line Key="TXT_HEADER_LIONBRIDGE_GERMAN">
      <Text>German</Text>
    </Line>
    <Line Key="TXT_HEADER_LIONBRIDGE_AUDIO_LEAD_GERMAN">
      <Text>Audio Lead</Text>
    </Line>
    <!--Lionbridge Engineering Headers -->
    <Line Key="TXT_HEADER_LIONBRIDGEENG_LIONBRIDGELOCALIZATION_ENGINEERING_TEAM1">
      <Text>Lionbridge</Text>
    </Line>
    <Line Key="TXT_HEADER_LIONBRIDGEENG_LIONBRIDGELOCALIZATION_ENGINEERING_TEAM2">
      <Text>Localization</Text>
    </Line>
    <Line Key="TXT_HEADER_LIONBRIDGEENG_LIONBRIDGELOCALIZATION_ENGINEERING_TEAM3">
      <Text>Engineering</Text>
    </Line>
    <Line Key="TXT_HEADER_LIONBRIDGEENG_SENIOR_ENGINEER">
      <Text>Senior Engineers</Text>
    </Line>
    <Line Key="TXT_HEADER_LIONBRIDGEENG_TECHNICAL_SERVICE_TEAM_LEADER">
      <Text>Technical Service Team Leader</Text>
    </Line>
    <Line Key="TXT_HEADER_LIONBRIDGEENG_ENGINEER">
      <Text>Engineers</Text>
    </Line>
    <Line Key="TXT_HEADER_LIONBRIDGEENG_TECHNICAL_SERVICES_LEAD">
      <Text>Technical Services Lead</Text>
    </Line>
    <Line Key="TXT_HEADER_LIONBRIDGEENG_TECHNICAL_SERVICES_MANAGER">
      <Text>Technical Services Manager</Text>
    </Line>
    <!--RWS Games Headers -->
    <Line Key="TXT_HEADER_RWS_GAMES_LINGUISTIC_QA1">
      <Text>RWS Games</Text>
    </Line>
    <Line Key="TXT_HEADER_RWS_GAMES_LINGUISTIC_QA2">
      <Text>Linguistic QA</Text>
    </Line>
    <Line Key="TXT_HEADER_RWS_PROGRAM_MANAGER">
      <Text>Program Manager</Text>
    </Line>
    <Line Key="TXT_HEADER_RWS_LOCALIZATION_PROJECT_MANAGER">
      <Text>Localization Project Managers</Text>
    </Line>
    <Line Key="TXT_HEADER_RWS_TERMINOLOGIST">
      <Text>Terminologist</Text>
    </Line>
    <Line Key="TXT_HEADER_RWS_LINGUIST_CHINESE_SIMPLIFIED">
      <Text>Linguist - Simplified Chinese</Text>
    </Line>
    <Line Key="TXT_HEADER_RWS_LINGUIST_CHINESE_TRADITIONAL">
      <Text>Linguists - Traditional Chinese</Text>
    </Line>
    <Line Key="TXT_HEADER_RWS_LINGUIST_DANISH">
      <Text>Linguist - Danish</Text>
    </Line>
    <Line Key="TXT_HEADER_RWS_LINGUIST_DUTCH">
      <Text>Linguist - Dutch</Text>
    </Line>
    <Line Key="TXT_HEADER_RWS_LINGUIST_FRENCH">
      <Text>Linguists - French</Text>
    </Line>
    <Line Key="TXT_HEADER_RWS_LINGUIST_GERMAN">
      <Text>Linguists - German</Text>
    </Line>
    <Line Key="TXT_HEADER_RWS_LINGUIST_HUNGARIAN">
      <Text>Linguist - Hungarian</Text>
    </Line>
    <Line Key="TXT_HEADER_RWS_LINGUIST_ITALIAN">
      <Text>Linguist - Italian</Text>
    </Line>
    <Line Key="TXT_HEADER_RWS_LINGUIST_JAPANESE">
      <Text>Linguist - Japanese</Text>
    </Line>
    <Line Key="TXT_HEADER_RWS_LINGUIST_KOREAN">
      <Text>Linguist - Korean</Text>
    </Line>
    <Line Key="TXT_HEADER_RWS_LINGUIST_MALAY">
      <Text>Linguists - Malay</Text>
    </Line>
    <Line Key="TXT_HEADER_RWS_LINGUIST_PORTUGUESE_PORTUGAL">
      <Text>Linguists - Portuguese (Portugal)</Text>
    </Line>
    <Line Key="TXT_HEADER_RWS_LINGUIST_RUSSIAN">
      <Text>Linguist - Russian</Text>
    </Line>
    <Line Key="TXT_HEADER_RWS_LINGUIST_SPANISH_MEXICO">
      <Text>Linguist - Spanish (Mexico)</Text>
    </Line>
    <Line Key="TXT_HEADER_RWS_LINGUIST_SPANISH_SPAIN">
      <Text>Linguist - Spanish (Spain)</Text>
    </Line>
    <Line Key="TXT_HEADER_RWS_LINGUIST_TURKISH">
      <Text>Linguist - Turkish</Text>
    </Line>
    <Line Key="TXT_HEADER_RWS_LINGUIST_VIETNAMESE">
      <Text>Linguist - Vietnamese</Text>
    </Line>
    <!--Keywords Headers -->
    <Line Key="TXT_HEADER_KEYWORDS_STUDIOS_LOCALIZATION1">
      <Text>Keyword Studios</Text>
    </Line>
    <Line Key="TXT_HEADER_KEYWORDS_STUDIOS_LOCALIZATION2">
      <Text>Localization</Text>
    </Line>
    <Line Key="TXT_HEADER_KEYWORDS_LOCALIZATION_SERVICE_LINE_DIRECTOR">
      <Text>Localization Service Line Director</Text>
    </Line>
    <Line Key="TXT_HEADER_KEYWORDS_TEXT_LOCALIZATION_HEAD_OF_DIVISION">
      <Text>Text Localization Head of Division</Text>
    </Line>
    <Line Key="TXT_HEADER_KEYWORDS_LOC_AND_LQA_SERVICE_LINE_OPERATIONS_DIRECTOR1">
      <Text>Loc and LQA Service</Text>
    </Line>
    <Line Key="TXT_HEADER_KEYWORDS_LOC_AND_LQA_SERVICE_LINE_OPERATIONS_DIRECTOR2">
      <Text>Line Operations Director</Text>
    </Line>
    <Line Key="TXT_HEADER_KEYWORDS_SENIOR_WORKFLOW_OPTIMIZATION_MANAGER1">
      <Text>Senior Workflow</Text>
    </Line>
    <Line Key="TXT_HEADER_KEYWORDS_SENIOR_WORKFLOW_OPTIMIZATION_MANAGER2">
      <Text>Optimization Manager</Text>
    </Line>
    <Line Key="TXT_HEADER_KEYWORDS_PORTFOLIO_DIRECTOR">
      <Text>Portfolio Director</Text>
    </Line>
    <Line Key="TXT_HEADER_KEYWORDS_SENIOR_PRODUCTION_MANAGER">
      <Text>Senior Production Manager</Text>
    </Line>
    <Line Key="TXT_HEADER_KEYWORDS_SENIOR_PROJECT_MANAGER">
      <Text>Senior Project Manager</Text>
    </Line>
    <Line Key="TXT_HEADER_KEYWORDS_PROJECT_MANAGER">
      <Text>Project Manager</Text>
    </Line>
    <Line Key="TXT_HEADER_KEYWORDS_ASSOCIATE_PROJECT_MANAGER">
      <Text>Associate Project Manager</Text>
    </Line>
    <Line Key="TXT_HEADER_KEYWORDS_JUNIOR_PROJECT_MANAGER">
      <Text>Junior Project Manager</Text>
    </Line>
    <Line Key="TXT_HEADER_KEYWORDS_RESOURCE_MANAGER">
      <Text>Resource Manager</Text>
    </Line>
    <Line Key="TXT_HEADER_KEYWORDS_QUALITY_LEAD">
      <Text>Quality Lead</Text>
    </Line>
    <Line Key="TXT_HEADER_KEYWORDS_KANTANAI_GENERAL_MANAGER">
      <Text>KantanAI General Manager</Text>
    </Line>
    <Line Key="TXT_HEADER_KEYWORDS_KANTANAI_TECHNICAL_PROJECT_MANAGER1">
      <Text>KantanAI</Text>
    </Line>
    <Line Key="TXT_HEADER_KEYWORDS_KANTANAI_TECHNICAL_PROJECT_MANAGER2">
      <Text>Technical Project Managers</Text>
    </Line>
    <Line Key="TXT_HEADER_KEYWORDS_KANTANAI_PRINCIPAL_DEVELOPMENT_ENGINEER1">
      <Text>KantanAI</Text>
    </Line>
    <Line Key="TXT_HEADER_KEYWORDS_KANTANAI_PRINCIPAL_DEVELOPMENT_ENGINEER2">
      <Text>Principal Development Engineer</Text>
    </Line>
    <Line Key="TXT_HEADER_KEYWORDS_KANTANAI_SOFTWARE_DEVELOPMENT_ENGINEER_TEAM_LEAD1">
      <Text>KantanAI</Text>
    </Line>
    <Line Key="TXT_HEADER_KEYWORDS_KANTANAI_SOFTWARE_DEVELOPMENT_ENGINEER_TEAM_LEAD2">
      <Text>Software Development Engineer</Text>
    </Line>
    <Line Key="TXT_HEADER_KEYWORDS_KANTANAI_SOFTWARE_DEVELOPMENT_ENGINEER_TEAM_LEAD3">
      <Text>Team Leads</Text>
    </Line>
    <Line Key="TXT_HEADER_KEYWORDS_KANTANAI_SOFTWARE_DEVELOPMENT_ENGINEER_QA_TEAM_LEAD1">
      <Text>KantanAI</Text>
    </Line>
    <Line Key="TXT_HEADER_KEYWORDS_KANTANAI_SOFTWARE_DEVELOPMENT_ENGINEER_QA_TEAM_LEAD2">
      <Text>Software Development Engineer</Text>
    </Line>
    <Line Key="TXT_HEADER_KEYWORDS_KANTANAI_SOFTWARE_DEVELOPMENT_ENGINEER_QA_TEAM_LEAD3">
      <Text>QA Team Lead</Text>
    </Line>
    <Line Key="TXT_HEADER_KEYWORDS_KANTANAI_SOFTWARE_DEVELOPMENT_ENGINEER1">
      <Text>KantanAI</Text>
    </Line>
    <Line Key="TXT_HEADER_KEYWORDS_KANTANAI_SOFTWARE_DEVELOPMENT_ENGINEER2">
      <Text>Software Development Engineers</Text>
    </Line>
    <Line Key="TXT_HEADER_KEYWORDS_KANTANAI_ASSOCIATE_SOFTWARE_DEVELOPMENT_ENGINEER1">
      <Text>KantanAI</Text>
    </Line>
    <Line Key="TXT_HEADER_KEYWORDS_KANTANAI_ASSOCIATE_SOFTWARE_DEVELOPMENT_ENGINEER2">
      <Text>Associate Software</Text>
    </Line>
    <Line Key="TXT_HEADER_KEYWORDS_KANTANAI_ASSOCIATE_SOFTWARE_DEVELOPMENT_ENGINEER3">
      <Text>Development Engineer</Text>
    </Line>
    <Line Key="TXT_HEADER_KEYWORDS_KANTANAI_QA_AUTOMATION_ENGINEER1">
      <Text>KantanAI QA</Text>
    </Line>
    <Line Key="TXT_HEADER_KEYWORDS_KANTANAI_QA_AUTOMATION_ENGINEER2">
      <Text>Automation Engineer</Text>
    </Line>
    <Line Key="TXT_HEADER_KEYWORDS_CHINESE_SIMPLIFIED">
      <Text>Chinese (Simplified)</Text>
    </Line>
    <Line Key="TXT_HEADER_KEYWORDS_CHINESE_TRADITIONAL">
      <Text>Chinese (Traditional)</Text>
    </Line>
    <Line Key="TXT_HEADER_KEYWORDS_CZECH">
      <Text>Czech</Text>
    </Line>
    <Line Key="TXT_HEADER_KEYWORDS_DANISH">
      <Text>Danish</Text>
    </Line>
    <Line Key="TXT_HEADER_KEYWORDS_DUTCH_NETHERLANDS">
      <Text>Dutch (Netherlands)</Text>
    </Line>
    <Line Key="TXT_HEADER_KEYWORDS_FINNISH">
      <Text>Finnish</Text>
    </Line>
    <Line Key="TXT_HEADER_KEYWORDS_FRENCH_FRANCE">
      <Text>French (France)</Text>
    </Line>
    <Line Key="TXT_HEADER_KEYWORDS_GERMAN_GERMANY">
      <Text>German (Germany)</Text>
    </Line>
    <Line Key="TXT_HEADER_KEYWORDS_GREEK">
      <Text>Greek</Text>
    </Line>
    <Line Key="TXT_HEADER_KEYWORDS_HUNGARIAN">
      <Text>Hungarian</Text>
    </Line>
    <Line Key="TXT_HEADER_KEYWORDS_ITALIAN_ITALY">
      <Text>Italian (Italy)</Text>
    </Line>
    <Line Key="TXT_HEADER_KEYWORDS_JAPANESE">
      <Text>Japanese</Text>
    </Line>
    <Line Key="TXT_HEADER_KEYWORDS_KOREAN">
      <Text>Korean</Text>
    </Line>
    <Line Key="TXT_HEADER_KEYWORDS_MALAY_MALAYSIA">
      <Text>Malay (Malaysia)</Text>
    </Line>
    <Line Key="TXT_HEADER_KEYWORDS_POLISH_POLAND">
      <Text>Polish (Poland)</Text>
    </Line>
    <Line Key="TXT_HEADER_KEYWORDS_PORTUGUESE_BRAZIL">
      <Text>Portuguese (Brazil)</Text>
    </Line>
    <Line Key="TXT_HEADER_KEYWORDS_PORTUGUESE_PORTUGAL">
      <Text>Portuguese (Portugal)</Text>
    </Line>
    <Line Key="TXT_HEADER_KEYWORDS_RUSSIAN">
      <Text>Russian</Text>
    </Line>
    <Line Key="TXT_HEADER_KEYWORDS_SPANISH_MEXICO">
      <Text>Spanish (Mexico)</Text>
    </Line>
    <Line Key="TXT_HEADER_KEYWORDS_SPANISH_SPAIN">
      <Text>Spanish (Spain)</Text>
    </Line>
    <Line Key="TXT_HEADER_KEYWORDS_TURKISH">
      <Text>Turkish</Text>
    </Line>
    <Line Key="TXT_HEADER_KEYWORDS_VIETNAMESE">
      <Text>Vietnamese</Text>
    </Line>
    <!--Lionbridge Localization Testing Headers -->
    <Line Key="TXT_HEADER_LIONBRIDGELOC_LIONBRIDGE_LOCALIZATION_TESTING1">
      <Text>Lionbridge</Text>
    </Line>
    <Line Key="TXT_HEADER_LIONBRIDGELOC_LIONBRIDGE_LOCALIZATION_TESTING2">
      <Text>Localization Testing</Text>
    </Line>
    <Line Key="TXT_HEADER_LIONBRIDGELOC_TEST_MANAGER">
      <Text>Test Manager</Text>
    </Line>
    <Line Key="TXT_HEADER_LIONBRIDGELOC_TEST_LEAD">
      <Text>Test Leads</Text>
    </Line>
    <Line Key="TXT_HEADER_LIONBRIDGELOC_SENIOR_LOCALIZATION_TEST_ASSOCIATE_FRENCH1">
      <Text>Senior Localization</Text>
    </Line>
    <Line Key="TXT_HEADER_LIONBRIDGELOC_SENIOR_LOCALIZATION_TEST_ASSOCIATE_FRENCH2">
      <Text>Test Associate (French)</Text>
    </Line>
    <Line Key="TXT_HEADER_LIONBRIDGELOC_LOCALIZATION_TEST_ASSOCIATE_ITALIAN1">
      <Text>Localization</Text>
    </Line>
    <Line Key="TXT_HEADER_LIONBRIDGELOC_LOCALIZATION_TEST_ASSOCIATE_ITALIAN2">
      <Text>Test Associate (Italian)</Text>
    </Line>
    <Line Key="TXT_HEADER_LIONBRIDGELOC_SENIOR_LOCALIZATION_TEST_ASSOCIATE_GERMAN1">
      <Text>Senior Localization</Text>
    </Line>
    <Line Key="TXT_HEADER_LIONBRIDGELOC_SENIOR_LOCALIZATION_TEST_ASSOCIATE_GERMAN2">
      <Text>Test Associate (German)</Text>
    </Line>
    <Line Key="TXT_HEADER_LIONBRIDGELOC_LOCALIZATION_TEST_ASSOCIATE_GERMAN1">
      <Text>Localization</Text>
    </Line>
    <Line Key="TXT_HEADER_LIONBRIDGELOC_LOCALIZATION_TEST_ASSOCIATE_GERMAN2">
      <Text>Test Associate (German)</Text>
    </Line>
    <Line Key="TXT_HEADER_LIONBRIDGELOC_LOCALIZATION_TEST_ASSOCIATE_SPANISH_SPAIN1">
      <Text>Localization</Text>
    </Line>
    <Line Key="TXT_HEADER_LIONBRIDGELOC_LOCALIZATION_TEST_ASSOCIATE_SPANISH_SPAIN2">
      <Text>Test Associates (Spanish - Spain)</Text>
    </Line>
    <Line Key="TXT_HEADER_LIONBRIDGELOC_SENIOR_LOCALIZATION_TEST_ASSOCIATE_SPANISH_MEXICAN1">
      <Text>Senior Localization</Text>
    </Line>
    <Line Key="TXT_HEADER_LIONBRIDGELOC_SENIOR_LOCALIZATION_TEST_ASSOCIATE_SPANISH_MEXICAN2">
      <Text>Test Associate (Spanish - Mexican)</Text>
    </Line>
    <Line Key="TXT_HEADER_LIONBRIDGELOC_LOCALIZATION_TEST_ASSOCIATE_PORTUGUESE_BRAZILIAN1">
      <Text>Localization</Text>
    </Line>
    <Line Key="TXT_HEADER_LIONBRIDGELOC_LOCALIZATION_TEST_ASSOCIATE_PORTUGUESE_BRAZILIAN2">
      <Text>Test Associates</Text>
    </Line>
    <Line Key="TXT_HEADER_LIONBRIDGELOC_LOCALIZATION_TEST_ASSOCIATE_PORTUGUESE_BRAZILIAN3">
      <Text>(Portuguese - Brazilian)</Text>
    </Line>
    <Line Key="TXT_HEADER_LIONBRIDGELOC_LOCALIZATION_TEST_ASSOCIATE_PORTUGUESE1">
      <Text>Localization</Text>
    </Line>
    <Line Key="TXT_HEADER_LIONBRIDGELOC_LOCALIZATION_TEST_ASSOCIATE_PORTUGUESE2">
      <Text>Test Associate (Portuguese)</Text>
    </Line>
    <Line Key="TXT_HEADER_LIONBRIDGELOC_LOCALIZATION_TEST_ASSOCIATE_RUSSIAN1">
      <Text>Localization</Text>
    </Line>
    <Line Key="TXT_HEADER_LIONBRIDGELOC_LOCALIZATION_TEST_ASSOCIATE_RUSSIAN2">
      <Text>Test Associates (Russian)</Text>
    </Line>
    <Line Key="TXT_HEADER_LIONBRIDGELOC_LOCALIZATION_TEST_ASSOCIATE_POLISH1">
      <Text>Localization</Text>
    </Line>
    <Line Key="TXT_HEADER_LIONBRIDGELOC_LOCALIZATION_TEST_ASSOCIATE_POLISH2">
      <Text>Test Associates (Polish)</Text>
    </Line>
    <Line Key="TXT_HEADER_LIONBRIDGELOC_LOCALIZATION_TEST_ASSOCIATE_DANISH1">
      <Text>Localization</Text>
    </Line>
    <Line Key="TXT_HEADER_LIONBRIDGELOC_LOCALIZATION_TEST_ASSOCIATE_DANISH2">
      <Text>Test Associate (Danish)</Text>
    </Line>
    <Line Key="TXT_HEADER_LIONBRIDGELOC_LOCALIZATION_TEST_ASSOCIATE_HUNGARIAN1">
      <Text>Localization</Text>
    </Line>
    <Line Key="TXT_HEADER_LIONBRIDGELOC_LOCALIZATION_TEST_ASSOCIATE_HUNGARIAN2">
      <Text>Test Associate (Hungarian)</Text>
    </Line>
    <Line Key="TXT_HEADER_LIONBRIDGELOC_LOCALIZATION_TEST_ASSOCIATE_SWEDISH1">
      <Text>Localization</Text>
    </Line>
    <Line Key="TXT_HEADER_LIONBRIDGELOC_LOCALIZATION_TEST_ASSOCIATE_SWEDISH2">
      <Text>Test Associate (Swedish)</Text>
    </Line>
    <Line Key="TXT_HEADER_LIONBRIDGELOC_LOCALIZATION_TEST_ASSOCIATE_DUTCH1">
      <Text>Localization</Text>
    </Line>
    <Line Key="TXT_HEADER_LIONBRIDGELOC_LOCALIZATION_TEST_ASSOCIATE_DUTCH2">
      <Text>Test Associate (Dutch)</Text>
    </Line>
    <Line Key="TXT_HEADER_LIONBRIDGELOC_LOCALIZATION_TEST_ASSOCIATE_NORWEGIAN1">
      <Text>Localization</Text>
    </Line>
    <Line Key="TXT_HEADER_LIONBRIDGELOC_LOCALIZATION_TEST_ASSOCIATE_NORWEGIAN2">
      <Text>Test Associate (Norwegian)</Text>
    </Line>
    <Line Key="TXT_HEADER_LIONBRIDGELOC_LOCALIZATION_TEST_ASSOCIATE_FINNISH1">
      <Text>Localization</Text>
    </Line>
    <Line Key="TXT_HEADER_LIONBRIDGELOC_LOCALIZATION_TEST_ASSOCIATE_FINNISH2">
      <Text>Test Associate (Finnish)</Text>
    </Line>
    <Line Key="TXT_HEADER_LIONBRIDGELOC_LOCALIZATION_TEST_ASSOCIATE_CHINESE_SIMPLIFIED1">
      <Text>Localization</Text>
    </Line>
    <Line Key="TXT_HEADER_LIONBRIDGELOC_LOCALIZATION_TEST_ASSOCIATE_CHINESE_SIMPLIFIED2">
      <Text>Test Associate (Chinese Simplified)</Text>
    </Line>
    <Line Key="TXT_HEADER_LIONBRIDGELOC_LOCALIZATION_TEST_ASSOCIATE_CHINESE_TRADITIONAL1">
      <Text>Localization</Text>
    </Line>
    <Line Key="TXT_HEADER_LIONBRIDGELOC_LOCALIZATION_TEST_ASSOCIATE_CHINESE_TRADITIONAL2">
      <Text>Test Associates (Chinese Traditional)</Text>
    </Line>
    <Line Key="TXT_HEADER_LIONBRIDGELOC_LOCALIZATION_TEST_ASSOCIATE_JAPANESE1">
      <Text>Localization</Text>
    </Line>
    <Line Key="TXT_HEADER_LIONBRIDGELOC_LOCALIZATION_TEST_ASSOCIATE_JAPANESE2">
      <Text>Test Associates (Japanese)</Text>
    </Line>
    <Line Key="TXT_HEADER_LIONBRIDGELOC_LOCALIZATION_TEST_ASSOCIATE_KOREAN1">
      <Text>Localization</Text>
    </Line>
    <Line Key="TXT_HEADER_LIONBRIDGELOC_LOCALIZATION_TEST_ASSOCIATE_KOREAN2">
      <Text>Test Associates (Korean)</Text>
    </Line>
    <Line Key="TXT_HEADER_LIONBRIDGELOC_LOCALIZATION_TEST_ASSOCIATE_THAI1">
      <Text>Localization</Text>
    </Line>
    <Line Key="TXT_HEADER_LIONBRIDGELOC_LOCALIZATION_TEST_ASSOCIATE_THAI2">
      <Text>Test Associate (Thai)</Text>
    </Line>
    <Line Key="TXT_HEADER_LIONBRIDGELOC_LOCALIZATION_TEST_ASSOCIATE_TURKISH1">
      <Text>Localization</Text>
    </Line>
    <Line Key="TXT_HEADER_LIONBRIDGELOC_LOCALIZATION_TEST_ASSOCIATE_TURKISH2">
      <Text>Test Associate (Turkish)</Text>
    </Line>
    <Line Key="TXT_HEADER_LIONBRIDGELOC_LOCALIZATION_TEST_ASSOCIATE_GREEK1">
      <Text>Localization</Text>
    </Line>
    <Line Key="TXT_HEADER_LIONBRIDGELOC_LOCALIZATION_TEST_ASSOCIATE_GREEK2">
      <Text>Test Associate (Greek)</Text>
    </Line>
    <Line Key="TXT_HEADER_LIONBRIDGELOC_LOCALIZATION_TEST_ASSOCIATE_INDONESIAN1">
      <Text>Localization</Text>
    </Line>
    <Line Key="TXT_HEADER_LIONBRIDGELOC_LOCALIZATION_TEST_ASSOCIATE_INDONESIAN2">
      <Text>Test Associate (Indonesian)</Text>
    </Line>
    <Line Key="TXT_HEADER_LIONBRIDGELOC_LOCALIZATION_TEST_ASSOCIATE_VIETNAMESE1">
      <Text>Localization</Text>
    </Line>
    <Line Key="TXT_HEADER_LIONBRIDGELOC_LOCALIZATION_TEST_ASSOCIATE_VIETNAMESE2">
      <Text>Test Associate (Vietnamese)</Text>
    </Line>
    <Line Key="HEADER_ZEBRA_PARTNERS">
      <Text>Zebra Partners</Text>
    </Line>
    <Line Key="HEADER_SPECIAL_THANKS">
      <Text>Special Thanks </Text>
    </Line>
    <Line Key="HEADER_SPECIAL_THANKS_PARTNERS1">
      <Text>Special Thanks to</Text>
    </Line>
    <Line Key="HEADER_SPECIAL_THANKS_PARTNERS2">
      <Text>Our Partners at:</Text>
    </Line>
    <Line Key="HEADER_SPECIAL_THANKS_TAKRAF">
      <Text>TAKRAF GmbH</Text>
    </Line>
    <Line Key="HEADER_SPECIAL_THANKS_TAKRAF_COPY1">
      <Text>The TAKRAF GmbH  names, emblems, and logos</Text>
    </Line>
    <Line Key="HEADER_SPECIAL_THANKS_TAKRAF_COPY2">
      <Text>are trademarks and intellectual property of TAKRAF GmbH</Text>
    </Line>
    <Line Key="HEADER_SPECIAL_THANKS_TAKRAF_COPY3">
      <Text>and are used under license to Microsoft Corporation.</Text>
    </Line>
    <Line Key="HEADER_SPECIAL_THANKS_WILMA1">
      <Text>Representatives of the</Text>
    </Line>
    <Line Key="HEADER_SPECIAL_THANKS_WILMA2">
      <Text>Estate of Wilma Mankiller</Text>
    </Line>
    <Line Key="HEADER_SPECIAL_THANKS_CLEAR">
      <Text>Clear Rights, Inc</Text>
    </Line>
    <Line Key="HEADER_SPECIAL_THANKS_GUARDIT">
      <Text>Guardit (Arxan)</Text>
    </Line>
    <Line Key="HEADER_SPECIAL_THANKS_SHA256">
      <Text>Sha 256</Text>
    </Line>
    <Line Key="HEADER_SPECIAL_THANKS_PLAYFAB">
      <Text>Portions of this program © 2024 Microsoft Azure PlayFab</Text>
    </Line>
    <Line Key="HEADER_SPECIAL_THANKS_WWISE1">
      <Text>Powered by Wwise © 2006 – 2024 Audiokinetic Inc.</Text>
    </Line>
    <Line Key="HEADER_SPECIAL_THANKS_WWISE2">
      <Text>All rights reserved.</Text>
    </Line>
    <Line Key="HEADER_SPECIAL_THANKS_SPEEDTREE1">
      <Text>Portions of this software utilize SpeedTree technology.</Text>
    </Line>
    <Line Key="HEADER_SPECIAL_THANKS_SPEEDTREE2">
      <Text>©2024 Unity Technologies SF, Inc. All rights reserved.</Text>
    </Line>
    <Line Key="HEADER_SPECIAL_THANKS_SIMPLYGON">
      <Text>© 2024 Microsoft. All rights reserved.</Text>
    </Line>
  </Locale>
</GameText>
