<?xml version="1.0" encoding="UTF-8"?>
<GameText>
    <!--The Note attribute is a non game-facing field giving more context to the translator. -->
    <Locale ID="en">


        <!-- LEADER GREETING FORM -->
<!--
        <Line Key="TEXT_DIPLO_GREET__HAPPY" Note="Greeting from Leader the first time they meet the player.">
            <Text></Text>
        </Line>

        <Line Key="TEXT_DIPLO_GREET__NEUTRAL" Note="Greeting from Leader the first time they meet the player.">
            <Text></Text>
        </Line>

        <Line Key="TEXT_DIPLO_GREET__DISCONTENT" Note="Greeting from Leader the first time they meet the player.">
            <Text></Text>
        </Line>

-->

        <!--*******************************************************************************************
        ...............................       Prestige bucket info         .............................
        *********************************************************************************************-->       
        
        <Line Key="TXT_CURRENT_STANDING" Note="Label to show the current standing of the nation">
            <Text>Current Standing</Text>
        </Line>
        <Line Key="TXT_PRESTIGE_BUCKET_INFO" Note="Label to show the current standing of the nation in form of buckets">
            <Text>{0_LowPercent}-{1_HighPercent}%/nCurrent nation standing that shows how well a {TXT_TRM_NATION} is doing compared to others where higher percentage implies higher standing</Text>
        </Line>

        <!--*******************************************************************************************
        ...............................       War types and War Resolution Screen Stuff         .............................
        *********************************************************************************************-->       
        <Line Key="TXT_WAR_TYPE_SKIRMISH" Note="Label for war type">
            <Text>Skirmish</Text>
        </Line>

        <Line Key="TXT_WAR_TYPE_RELIGIOUS" Note="Label for war type">
            <Text>Religious War</Text>
        </Line>
        
        <Line Key="TXT_WAR_TYPE_EXPANSION" Note="Label for war type">
            <Text>War of Expansion</Text>
        </Line>
        
        <Line Key="TXT_WAR_TYPE_RETALIATION" Note="Label for war type">
            <Text>War of Retaliation</Text>
        </Line>
        
        <Line Key="TXT_WAR_TYPE_ANNIHILATION" Note="Label for war type">
            <Text>War of Annihilation</Text>
        </Line>
        
        <Line Key="TXT_WAR_TYPE_UNLOCK_ANNIHILATION" Note="Label to show that a given trait or government allows this war type">
            <Text>Unlocks {TXT_WAR_TYPE_ANNIHILATION} War Type</Text>
        </Line>

        <Line Key="TXT_WAR_CHEST_TARGET" Note="Label for war type">
            <Text>Target City:  {0_Province}</Text>
        </Line>
        <Line Key="TXT_WAR_CHEST" Note="Label for war type">
            <Text>War Chest</Text>
        </Line>
        <Line Key="TXT_WIN_WAR_CHEST" Note="Label for war type">
            <Text>Get Everything in the WAR CHEST.</Text>
        </Line>
        <Line Key="TXT_LOSE_WAR_CHEST" Note="Label for war type">
            <Text>Forfeit Eveything in the WAR CHEST.</Text>
        </Line>

        <Line Key="TXT_WAR_WEARINESS_PCT" Note="Label for war type">
            <Text>War Weariness: {0_Percentage}%</Text>
        </Line>
        <Line Key="TXT_WINNING_NATION" Note="Label for the winning nation">
            <Text>Winning Nations</Text>
        </Line>
        <Line Key="TXT_WAR_OUTCOME_VICTORY" Note="Label for the victory outcome">
            <Text>Victory</Text>
        </Line>
        <Line Key="TXT_WAR_OUTCOME_DEFEAT" Note="Label for the defeat outcome">
            <Text>Defeat</Text>
        </Line>
        <Line Key="TXT_WAR_OUTCOME_SUMMARY" Note="Label for war outcome">
            <Text>{0_winner} has defeated {1_loser}</Text>
        </Line>
        <Line Key="TXT_WAR_OUTCOME_SUMMARY_ALLIES" Note="Label for war outcome and their allies">
            <Text>{0_winner} has defeated {1_loser} and their allies</Text>
        </Line>
        <Line Key="TXT_WAR_OUTCOME_SUMMARY_NO_WINNER" Note="Label for war outcome of no winner">
            <Text>War ended between {0_nation} and {1_nation}.</Text>
        </Line>
        <Line Key="TXT_WAR_OUTCOME_SUMMARY_NO_WINNER_ALLIES" Note="Label for war outcome of no winner and their allies">
            <Text>Your War with {1_nation} and their allies has ended!</Text>
        </Line>
        <Line Key="TXT_WAR_TARGET" Note="Label for a target in war">
            <Text>Target</Text>
        </Line>
        <Line Key="TXT_WAR_TARGET_DESCRIPTION_ATTACKER_SUCCESS" Note="Label for successfully capturing a city">
            <Text>You have successfully captured the following city:</Text>
        </Line>
        <Line Key="TXT_WAR_TARGET_DESCRIPTION_ATTACKER_FAIL" Note="Label for failing capturing a city">
            <Text>You have failed to capture the following city:</Text>
        </Line>
        <Line Key="TXT_WAR_TARGET_DESCRIPTION_DEFENDER_SUCCESS" Note="Label for successfully defending a city">
            <Text>You have successfully defended the following city:</Text>
        </Line>
        <Line Key="TXT_WAR_TARGET_DESCRIPTION_DEFENDER_FAIL" Note="Label for failing to defend a city">
            <Text>You have failed to defend the following city:</Text>
        </Line>
        <Line Key="TXT_WAR_YOUR_ALLIES" Note="Label for player's allies">
            <Text>Your Allies</Text>
        </Line>
        <Line Key="TXT_WAR_THEIR_ALLIES" Note="Label for opponent's allies">
            <Text>Their Allies</Text>
        </Line>
        <Line Key="TXT_WAR_ATTACKER" Note="This is shown over the attacking nation, could also think of it as aggressor.">
            <Text>Attacker</Text>
        </Line>
        <Line Key="TXT_WAR_DEFENDER" Note="This is shown over the defending nation.">
            <Text>Defender</Text>
        </Line>
        <Line Key="TXT_WAR_OCCUPIED_CITIES" Note="This is just a header shown on top of the list of occupied cities">
            <Text>Occupied Cities</Text>
        </Line>
        <Line Key="TXT_WAR_OUTCOME_BUTTON_VICTORY" Note="Text on the button for chossing the outcome after a war victory">
            <Text>Choose Outcomes</Text>
        </Line>
        <Line Key="TXT_WAR_OUTCOME_BUTTON_DEFEAT" Note="Text on the button for chossing the outcome after a war defeat">
            <Text>View Outcomes</Text>
        </Line>
        <Line Key="TXT_LOSING_NATION" Note="Label for the list of nations that lost in the previous act">
            <Text>Losing Nations</Text>
        </Line>

        <Line Key="TXT_WAR_SUMMARY_PANEL" Note="Label for the summary of actions and events that happened during war">
            <Text>War Summary</Text>
        </Line>
        
        <Line Key="TXT_DIPLO_PANEL_SUBMIT" Note="The text for the button to confirm">
            <Text>Confirm</Text>
        </Line>

        <Line Key="TXT_DIPLO_PANEL_OK" Note="The text for the button to acknowledge">
            <Text>Ok</Text>
        </Line>

        <Line Key="TXT_WARCHEST_PRESTIGE" Note="Label for the items the winner of a war receives">
            <Text>Victor's Spoils</Text>
        </Line>

        <!--*******************************************************************************************
        ...............................       Relationship Titles         .............................
        *********************************************************************************************-->

        <Line Key="TXT_DIPLO_ALLIED" Note="A diplomatic title describing how friendly or hostile you are to a given player">
            <Text>Allied</Text>
        </Line>

        <Line Key="TXT_DIPLO_CLOSE" Note="A diplomatic title describing how friendly or hostile you are to a given player." Gender="other">
            <Text>Close</Text>
        </Line>

        <Line Key="TXT_DIPLO_TRUSTED" Note="A diplomatic title describing how friendly or hostile you are to a given player">
            <Text>Trusted</Text>
        </Line>

        <Line Key="TXT_DIPLO_FRIENDLY" Note="A diplomatic title describing how friendly or hostile you are to a given player or Native Village">
            <Text>Friendly</Text>
        </Line>

        <Line Key="TXT_DIPLO_NEUTRAL" Note="A diplomatic title describing how friendly or hostile you are to a given player or Native Village">
            <Text>Neutral</Text>
        </Line>

        <Line Key="TXT_DIPLO_DISLIKE" Note="A diplomatic title describing how friendly or hostile you are to a given player">
            <Text>Disliked</Text>
        </Line>

        <Line Key="TXT_DIPLO_DISTRUST" Note="A diplomatic title describing how friendly or hostile you are to a given player">
            <Text>Distrusted</Text>
        </Line>

        <Line Key="TXT_DIPLO_LOYAL" Note="A diplomatic title describing how friendly or hostile you are to a given Native Village">
            <Text>Loyal</Text>
        </Line>

        <Line Key="TXT_DIPLO_GRATEFUL" Note="A diplomatic title describing how friendly or hostile you are to a given Native Village">
            <Text>Grateful</Text>
        </Line>

        <Line Key="TXT_DIPLO_UNFRIENDLY" Note="A diplomatic title describing how friendly or hostile you are to a given Native Village">
            <Text>Unfriendly</Text>
        </Line>

        <Line Key="TXT_DIPLO_BITTER" Note="A diplomatic title describing how friendly or hostile you are to a given Native Village">
            <Text>Bitter</Text>
        </Line>

        <Line Key="TXT_DIPLO_HOSTILE" Note="A diplomatic title describing how friendly or hostile you are to a given Native Village">
            <Text>Hostile</Text>
        </Line>

        <Line Key="TXT_DIPLO_ENEMY" Note="A diplomatic title describing how friendly or hostile you are to a given player">
            <Text>Adversaries</Text>
        </Line>

        <Line Key="TXT_DIPLO_AT_WAR" Note="A diplomatic title describing how friendly or hostile you are to a given player">
            <Text>At War</Text>
        </Line>

        <Line Key="TXT_DIPLO_TOOLTIP" Note="A diplomatic title describing how friendly or hostile you are to a given player">
            <Text>Current Relationship: {0_relationship} /nThe further this slider is to the right, the better your /href:t:Term:term_Diplomacy/Relationship/Endhref/ is.</Text>
        </Line>
      
        <!--*******************************************************************************************
        ...............................  Nation Relationship Statuses   ................................
        *********************************************************************************************-->
      
        <Line Key="TXT_DIPLO_STATUS_NO_RELATIONS" Note="Label for not having any relationships with other nations">
            <Text>No relations</Text>
        </Line>

        <Line Key="TXT_DIPLO_STATUS_HAVE_MET" Note="Label for the list of other nations met in-game">
            <Text>Have met</Text>
        </Line>

        <Line Key="TXT_DIPLO_STATUS_OPEN_BORDERS" Note="Label for when the status of border with another nation is an open">
            <Text>Open Borders</Text>
        </Line>

        <Line Key="TXT_DIPLO_STATUS_OPEN_BORDERS_DESC" Note="Description for when borders are open between nations">
            <Text>Your Forces can freely move through each other's territories.</Text>
        </Line>

        <Line Key="TXT_DIPLO_STATUS_PENDING_BORDERS" Note="Label after making the choice to ask another nation to have an open borders agreement">
            <Text>Pending</Text>
        </Line>

        <Line Key="TXT_DIPLO_STATUS_PENDING_BORDERS_DESC" Note="Description for when borders are changing state">
            <Text>Your border status is changing.</Text>
        </Line>

        <Line Key="TXT_DIPLO_STATUS_CLOSED_BORDERS" Note="Label for when the status of border with another nation is a closed">
            <Text>Closed</Text>
        </Line>

        <Line Key="TXT_DIPLO_STATUS_CLOSED_BORDERS_DESC" Note="Description for when borders are open between nations">
            <Text>Your Forces cannot move through each other's territories without declaring War.</Text>
        </Line>

        <Line Key="TXT_DIPLO_STATUS_NEUTRAL_BORDERS" Note="Label for when the status of border with another nation is a neutral">
            <Text>Neutral</Text>
        </Line>

        <Line Key="TXT_DIPLO_STATUS_NEUTRAL_BORDERS_DESC" Note="Description for when borders are open between nations">
            <Text>Your Forces can move through each others' territories, but there may be repercussions.</Text>
        </Line>

        <Line Key="TXT_DIPLO_STATUS_SANCTIONEDBY" Note="Label for being sanctioned">
            <Text>Sanctioned</Text>
        </Line>

        <Line Key="TXT_DIPLO_STATUS_TRADING_WITH" Note="Label for being in a trade with anothe opponent">
            <Text>In trade</Text>
        </Line>
		
		<Line Key="TXT_DIPLO_TRADE_ROUTE" Note="Diplomacy name for a trade route">
            <Text>Trade Route</Text>
        </Line>

        <Line Key="TXT_DIPLO_ALLIANCE" Note="Diplomacy name for an alliance">
            <Text>Alliance</Text>
        </Line>
        
        <Line Key="TXT_DIPLO_NATION_INFO" Note="Header for the Nation Info section of diplomacy">
            <Text>Nation Info</Text>
        </Line>
        
        <Line Key="TXT_DIPLO_OPEN_BORDERS" Note="Diplomacy name for open borders">
            <Text>Open Borders</Text>
        </Line>

        <Line Key="TXT_DIPLO_ALLIANCE_DESC" Note="Diplomacy description for an alliance">
            <Text>Both of your Nations will share Open Borders. Additionally both Nations will be able to request aid from each other during War. {TXT_DIPLO_ALLIANCE_PRESTIGE_GENERATION}</Text>
        </Line>

        <Line Key="TXT_DIPLO_BREAK_ALLIANCE_DESC" Note="Diplomacy description for an alliance">
            <Text>This action will grant your former ally {0_alliance_prestige_grant} prestige </Text>
        </Line>

        <Line Key="TXT_DIPLO_AT_WAR_WITH_ALLY_DESC" Note="Diplomacy description for being at war unable to request aid from a nation at war">
            <Text>Unable to request aid for this war, other nation is at war with someone in your war alliance.</Text>
        </Line>

        <Line Key="TXT_DIPLO_AT_WAR_WITH_ENEMY_DESC" Note="Diplomacy description for being at war unable to request aid from a nation at war with your ally">
            <Text>Unable to request aid for this war, other nation is already at war with someone in the other war alliance.</Text>
        </Line>

        <Line Key="TXT_DIPLO_PEACE_TREATY_WITH_ENEMY_DESC" Note="Diplomacy description for being at war unable to request aid from a nation who has a peace treaty with warring nation">
            <Text>Unable to request aid for this war, other nation has a peace treaty with one of the other nations.</Text>
        </Line>

        <Line Key="TXT_DIPLO_PEACE_TREATY_NATION_ALREADY_IN_WAR_DESC" Note="Diplomacy description for being at war unable to request aid from a nation who is already in the war ">
            <Text>Unable to request aid for this war, other nation is already involved in this conflict</Text>
        </Line>

        <Line Key="TXT_DIPLO_RESEARCH_AGREEMENT" Note="Diplomacy name for a research agreement">
            <Text>Research Agreement</Text>
        </Line>

        <Line Key="TXT_DIPLO_RESEARCH_AGREEMENT_DESC" Note="Diplomacy description for a research agreement">
            <Text>Both of your Nations will receive an increase to your research options and research points each Turn.</Text>
        </Line>

        <Line Key="TXT_DIPLO_RESEARCH_AGREEMENT_RESEARCH_DESC" Note="Diplomacy description for a additional research in research agreement based on era">
            <Text>Both Nations receive additional Research based on the Era both Nations are in.</Text>
        </Line>

        <Line Key="TXT_DIPLO_RESEARCH_AGREEMENT_UNKNOWN_DESC" Note="Diplomacy description for a additional research in research agreement based on discovered technology">
            <Text>If a Nation is researching a Technology that the other Nation has already discovered, they research it twice as quickly and receive half as much Prestige as they normally would for researching the given Technology.</Text>
        </Line>

        <Line Key="TXT_DIPLO_ROADS_AGREEMENT" Note="Diplomacy name for road building">
            <Text>Roadbuilding</Text>
        </Line>

        <Line Key="TXT_DIPLO_STATUS_RESEARCHING_WITH" Note="Label for the status of a research agreement">
            <Text>In research agreement</Text>
        </Line>

        <Line Key="TXT_DIPLO_STATUS_VASSAL" Note="Label for the status of vassal">
            <Text>Vassal</Text>
        </Line>

        <Line Key="TXT_DIPLO_STATUS_SHARING_RELIGION" Note="Label for the status of sharing a religion">
            <Text>Share religion</Text>
        </Line>

        <Line Key="TXT_DIPLO_GIFT" Note="Label for sending a gift to another nation">
            <Text>Send a Gift</Text>
        </Line>

        <Line Key="TXT_DIPLO_STATUS_GIFT_PROPOSED" Note="Label for the proposed gifts to another nation">
            <Text>Proposed gift</Text>
        </Line>
        
      <!--*******************************************************************************************
        ...............................      Diplomacy Actions        .............................
        *********************************************************************************************-->

        <Line Key="TXT_DIPLO_ACTION_TRADE_AGREEMENT" Note="Label for proposing a trade agreement">
            <Text>Propose Trade Agreement</Text>
        </Line>
        <Line Key="TXT_DIPLO_ACTION_RESEARCH" Note="Label for proposing a research agreement">
            <Text>Propose Research Agreement</Text>
        </Line>
        <Line Key="TXT_DIPLO_ACTION_GIFT" Note="Label for choosing to offer gift to another nation">
            <Text>Offer Gift</Text>
        </Line>
        <Line Key="TXT_DIPLO_ACTION_PEACE_TREATY" Note="Label for proposing a peace treaty agreement">
            <Text>Propose Peace Treaty</Text>
        </Line>
        <Line Key="TXT_DIPLO_ACTION_ALLIANCE" Note="Label for proposing an alliance with another nation">
            <Text>Propose Alliance</Text>
        </Line>
        <Line Key="TXT_DIPLO_ACTION_DENOUNCE" Note="Label for denouncing an alliance with another nation">
            <Text>Denounce</Text>
        </Line>
        <Line Key="TXT_DIPLO_ACTION_OPEN_BORDERS" Note="Label for proposing an open borders agreement">
            <Text>Propose Open Borders</Text>
        </Line>
        <Line Key="TXT_DIPLO_ACTION_CLOSE_BORDERS" Note="Label for closing your borders">
            <Text>Close Your Borders</Text>
        </Line>
        <Line Key="TXT_DIPLO_ACTION_ROAD" Note="Label for proposing an open borders agreement">
            <Text>Build a Road</Text>
        </Line>
        <Line Key="TXT_DIPLO_ACTION_WAR" Note="Label for choosing a build a road">
            <Text>Declare War</Text>
        </Line>
        <Line Key="TXT_DIPLO_ACTION_PEACE" Note="Label for proposing a peace treaty agreement">
            <Text>Propose Peace Treaty</Text>
        </Line>

        <Line Key="TXT_DIPLO_SWAY_BY_DENOUNCE" Note="Label for denouncing a peace treaty agreement">
            <Text>{0_nation} Denounce </Text>
        </Line>
		
        <Line Key="TXT_DIPLO_ACTION_TRADE_ROUTE" Note="Label for proposing a trade route">
            <Text>Propose Trade Route</Text>
        </Line>
        <Line Key="TXT_DIPLO_ACTION_VIEW_ALLIANCE" Note="Label for viewing your alliance with another nation">
            <Text>View Alliance</Text>
        </Line>
        <Line Key="TXT_DIPLO_ACTION_VIEW_WAR" Note="Label for viewing the war with another nation">
            <Text>View War</Text>
        </Line>
        <Line Key="TXT_DIPLO_ACTION_VIEW_RESEARCH" Note="Label for viewing a research agreement">
            <Text>View Research Agreement</Text>
        </Line>
        <Line Key="TXT_DIPLO_ACTION_VIEW_TRADE_AGREEMENT" Note="Label for viewing a trade agreement">
            <Text>View Trade Agreement</Text>
        </Line>
        <Line Key="TXT_DIPLO_MSG_PROPOSED_TRADE_AGREEMENT" Note="A diplomacy message about a Proposed Trade Agreement">
    <Text>Proposed Trade Agreement</Text>
</Line>
<Line Key="TXT_DIPLO_MSG_ACCEPTED_TRADE_AGREEMENT" Note="A diplomacy message about a Trade Agreement being Accepted">
    <Text>Trade Agreement Accepted</Text>
</Line>
<Line Key="TXT_DIPLO_MSG_DECLINED_TRADE_AGREEMENT" Note="A diplomacy message about a Trade Agreement being Declined">
    <Text>Trade Agreement Declined</Text>
</Line>


        <!--*******************************************************************************************
        ...............................      Action Availability Tooltips        .............................
        *********************************************************************************************-->

        <Line Key="TXT_DIPLO_REL_THRESHOLD_NOT_MET" Note="Label for not meeting relationship threshold to perform action with another nation">
            <Text>Cannot perform action because your Relationship is not high enough.</Text>
        </Line>
		<Line Key="TXT_DIPLO_RSRCH_REL_THRESHOLD_NOT_MET" Note="Label for having to meet a certain relationship threshold to perform action with another nation">
			<Text>Your Relationship must be at {TXT_DIPLO_FRIENDLY} or higher to propose {TXT_KEY_ARTICLE_GRAMMAR {TXT_DIPLO_RESEARCH_AGREEMENT}}.</Text>
		</Line>
        <Line Key="TXT_DIPLO_RSRCH_WRONG_ERA" Note="Tooltip for disabled Research Agreement button due to not reaching the Iron Age yet">
            <Text>Both nations must reach the {0_era_name} to propose {TXT_KEY_ARTICLE_GRAMMAR {TXT_DIPLO_RESEARCH_AGREEMENT}}.</Text>
        </Line>
        <Line Key="TXT_DIPLO_ALLIANCE_WRONG_ERA" Note="Tooltip for disabled Alliance button due to not reaching the Iron Age yet">
            <Text>Both nations must reach the {0_era_name} to propose {TXT_KEY_ARTICLE_GRAMMAR {TXT_DIPLO_ALLIANCE}}.</Text>
        </Line>
		<Line Key="TXT_DIPLO_ALLIANCE_REL_THRESHOLD_NOT_MET" Note="Label for having to meet a certain relationship threshold to perform action with another nation">
			<Text>Your Relationship must be at {TXT_DIPLO_TRUSTED} or higher to propose {TXT_KEY_ARTICLE_GRAMMAR {TXT_DIPLO_ALLIANCE}}.</Text>
		</Line>
		<Line Key="TXT_DIPLO_DENOUNCE_REL_THRESHOLD_NOT_MET" Note="Label for having to meet a certain relationship threshold to perform action with another nation">
			<Text>Your Relationship must be higher to Denouce.</Text>
		</Line>
        <Line Key="TXT_DIPLO_WAR_AID_REL_NOT_MET" Note="Label for having a certain relationship to perform action with another nation">
            <Text>You must be allies to aid or request aid in {TXT_TRM_WAR}.</Text>
        </Line>
        <Line Key="TXT_DIPLO_REL_NOT_MET" Note="Label for having a certain relationship to perform action with another nation">
            <Text>You do not have the correct relationship.</Text>
        </Line>
        <Line Key="TXT_DIPLO_TRADE_NO_CONNECTION" Note="Tooltip for disabled Build a Road button for when all Cities are connected">
            <Text>Your Cities must be connected by a Road or you both need to have an {TXT_IMP_AIRPORT} or {TXT_IMP_DOCKS} (and a shared body of water) to propose {TXT_KEY_ARTICLE_GRAMMAR {TXT_DIPLO_TRADE_ROUTE}}.</Text>
        </Line>
        <Line Key="TXT_DIPLO_PROPOSAL_PENDING" Note="Label for not being about to perform action when proposal is pending">
            <Text>Cannot perform action because a proposal is already pending.</Text>
        </Line>
		<Line Key="TXT_DIPLO_GIFT_HOVER" Note="Tooltip when hovering over the Offer Gift button">
            <Text>Send a gift to this {TXT_TRM_NATION} to try and improve your Relationship.</Text>
        </Line>
		<Line Key="TXT_DIPLO_SWAP_OPEN_HOVER" Note="Tooltip when hovering over the border SWAP button when its in the Open section (borders are Closed)">
            <Text>{TXT_DIPLO_ACTION_OPEN_BORDERS} to this {TXT_TRM_NATION}.</Text>
        </Line>
		<Line Key="TXT_DIPLO_SWAP_CLOSED_HOVER" Note="Tooltip when hovering over the border SWAP button when its in the Closed section (borders are Open)">
            <Text>{TXT_DIPLO_ACTION_CLOSE_BORDERS} to this {TXT_TRM_NATION} immediately. Their Borders will Close to you as well.</Text>
        </Line>
		<Line Key="TXT_DIPLO_ROAD_LOCKED" Note="Tooltip for disabled Build a Road button for when Roadbuilding hasn't been unlocked">
            <Text>Need to unlock the Road Pass to build a Road. Look for techs that unlock it, like Wheels.</Text>
        </Line>
        <Line Key="TXT_DIPLO_TRADE_REL_THRESHOLD_NOT_MET" Note="Label for having to meet a certain relationship threshold to perform action with another nation">
			<Text>Your Relationship must be at Neutral or higher to propose a Trade Agreement.</Text>
		</Line>
        <Line Key="TXT_PROPOSE_TRADE_LOCKED_CONNECTION" Note="Tooltip for disabled Propose Trade Route button for when there is a locked connection between nations">
            <Text>You need Open Borders to propose a Trade Agreement.</Text>
        </Line>
        <Line Key="TXT_PROPOSE_TRADE_LOCKED_NO_ITEMS" Note="Tooltip for disabled Propose Trade Route button for when there are no connecting docks">
            <Text>Need to select an item for each Leader.</Text>
        </Line>

        <Line Key="TXT_PROPOSE_TRADE_NO_CONNECTION" Note="Tooltip for disabled Propose Trade Route button for when there are no connecting docks">
            <Text>You need a known route unobstructed by terrain or other {TXT_TRM_NATION {#2}} between {TXT_TRM_CITY {#2}} to propose a Trade Agreement./n/nSea routes require both {TXT_TRM_NATION {#2}} to have a {TXT_TRM_DOCKS {#1}} and Air routes require {TXT_TRM_AIRPORT {#2}} .</Text>
        </Line> 
        <Line Key="TXT_PROPOSE_RESEARCH_LOCKED_TECH" Note="Text for needing reserach to unlock tech">
    <Text>Propose Research: Locked Tech</Text>
</Line>
		<Line Key="TXT_DIPLO_ROAD_BORDERS_CLOSED" Note="Tooltip for disabled Build a Road button for when borders are closed">
            <Text>Can't build a Road with Closed Borders.</Text>
        </Line>
		<Line Key="TXT_DIPLO_ROAD_ALL_CONNECTED" Note="Tooltip for disabled Build a Road button for when all Cities are connected">
            <Text>All Cities are already connected.</Text>
        </Line>
        <Line Key="TXT_DIPLO_DISABLED_AT_WAR" Note="Tooltip for disabled diplo interaction buttons when at war">
            <Text>Can't do this while at War!</Text>
        </Line>
        <Line Key="TXT_DIPLO_WAR_NOT_ENOUGH_PRESTIGE" Note="Tooltip for disabled war declaration buttons due to lack of prestige">
            <Text>You don't have enough /i:Prestige/ to Declare War.</Text>
        </Line>
        <Line Key="TXT_DIPLO_SURRENDER_NOT_ENOUGH_PRESTIGE" Note="Tooltip for disabled surrender buttons due to lack of prestige">
            <Text>You don't have enough /i:Prestige/ to Surrender.</Text>
        </Line>
        <Line Key="TXT_COOLDOWN_NOT_MET" Note="Tooltip for disabled diplo buttons that are still on cooldown">
            <Text>Available again in {0_turns} {TXT_TURN {0_turns}}.</Text>
        </Line>
        <Line Key="TXT_DISABLED_PENDING_PROPOSAL" Note="Tooltip for disabled diplo buttons that are still on cooldown">
            <Text>Your recently sent gift or proposal is still pending.</Text>
        </Line>
        <Line Key="TXT_BLOCKED_BY_PENDING_PROPOSAL" Note="Tooltip for disabled diplo buttons that are still on cooldown">
            <Text>You cannot create this request because you proposed an agreement with this nation.</Text>
        </Line>
        <Line Key="TXT_BLOCKED_BY_ACCEPTING_ALLY_WAR" Note="Tooltip for disabled diplo buttons that are still on cooldown">
            <Text>You cannot propose this agreement because you accepted a war aid request against this nation.</Text>
        </Line>

        <!--Diplomacy Tab Tooltips-->
        <Line Key="TXT_RELATIONSHIPS_TAB" Note="Tooltip for the Relationships tab within the Diplomacy tab.">
            <Text>View Relationships with met Leaders.</Text>
        </Line>
        <Line Key="TXT_AGREEMENTS_TAB" Note="Tooltip for the Agreements tab within the Diplomacy tab.">
            <Text>View active Diplomatic Agreements and Wars.</Text>
        </Line>

        <!-- Diplomacy Screen -->
        <Line Key="TXT_BASIC_ACTIONS_TITLE" Note="Title for section for basic actions (no relationship requirement)">
            <Text>Basic Actions</Text>
        </Line>

        <!--Messages-->
        <Line Key="TXT_DIPLO_MSG_FIRST_IMPRESSION" Note="A diplomacy message type">
            <Text>First Impression</Text>
        </Line>
        <Line Key="TXT_DIPLO_MSG_PROPOSED_ALLIANCE" Note="A diplomacy message type">
            <Text>Alliance</Text>
        </Line>
        <Line Key="TXT_DIPLO_MSG_ACCEPTED_ALLIANCE" Note="A diplomacy message type">
            <Text>Alliance</Text>
        </Line>
        <Line Key="TXT_DIPLO_MSG_DECLINED_ALLIANCE" Note="A diplomacy message type">
            <Text>Accepted Alliance</Text>
        </Line>
        <Line Key="TXT_DIPLO_MSG_BROKE_ALLIANCE" Note="A diplomacy message type">
            <Text>Broke Alliance</Text>
        </Line>
        <Line Key="TXT_DIPLO_MSG_PROPOSED_RESEARCH_AGREEMENT" Note="A diplomacy message type">
            <Text>Research Agreement</Text>
        </Line>
        <Line Key="TXT_DIPLO_MSG_ACCEPTED_RESEARCH_AGREEMENT" Note="A diplomacy message type">
            <Text>Accepted Research Agreement</Text>
        </Line>
        <Line Key="TXT_DIPLO_MSG_DECLINED_RESEARCH_AGREEMENT" Note="A diplomacy message type">
            <Text>Declined Research Agreement</Text>
        </Line>
        <Line Key="TXT_DIPLO_MSG_PROPOSED_TRADE_ROUTE" Note="A diplomacy message type">
            <Text>Trade Route</Text>
        </Line>
        <Line Key="TXT_DIPLO_MSG_ACCEPTED_TRADE_ROUTE" Note="A diplomacy message type">
            <Text>Accepted Trade Route</Text>
        </Line>
        <Line Key="TXT_DIPLO_MSG_DECLINED_TRADE_ROUTE" Note="A diplomacy message type">
            <Text>Declined Trade Route</Text>
        </Line>
        <Line Key="TXT_DIPLO_MSG_PROPOSED_OPEN_BORDERS" Note="A diplomacy message type">
            <Text>Open Borders</Text>
        </Line>
        <Line Key="TXT_DIPLO_MSG_ACCEPTED_OPEN_BORDERS" Note="A diplomacy message type">
            <Text>Accepted Open Borders</Text>
        </Line>
        <Line Key="TXT_DIPLO_MSG_DECLINED_OPEN_BORDERS" Note="A diplomacy message type">
            <Text>Declined Open Borders</Text>
        </Line>
        <Line Key="TXT_DIPLO_MSG_CLOSED_BORDERS" Note="A diplomacy message type">
            <Text>Closed Borders</Text>
        </Line>
        <Line Key="TXT_DIPLO_MSG_PROPOSED_ROAD" Note="A diplomacy message type">
            <Text>Road</Text>
        </Line>
        <Line Key="TXT_DIPLO_MSG_ACCEPTED_ROAD" Note="A diplomacy message type">
            <Text>Accepted Road</Text>
        </Line>
        <Line Key="TXT_DIPLO_MSG_DECLINED_ROAD" Note="A diplomacy message type">
            <Text>Declined Road</Text>
        </Line>
        <Line Key="TXT_DIPLO_MSG_PROPOSED_GIFT" Note="A diplomacy message type">
            <Text>Gift</Text>
        </Line>
        <Line Key="TXT_DIPLO_MSG_ACCEPTED_GIFT" Note="A diplomacy message type">
            <Text>Accepted Gift</Text>
        </Line>
        <Line Key="TXT_DIPLO_MSG_DECLINED_GIFT" Note="A diplomacy message type">
            <Text>Declined Gift</Text>
        </Line>
        <Line Key="TXT_DIPLO_MSG_SURRENDERED" Note="A diplomacy message type">
            <Text>Surrendered</Text>
        </Line>
        <Line Key="TXT_DIPLO_MSG_DECLARED_WAR" Note="A diplomacy message type">
            <Text>Declared War</Text>
        </Line>

		<Line Key="TXT_DIPLO_NAME_WITHDRAW" Gender="other">
		  <Text>Withdraw</Text>
		</Line>

		<Line Key="TXT_DIPLO_NAME_WITHDREW" Gender="other">
		  <Text>You have Withdrawn</Text>
		</Line>
		
		
        <Line Key="TXT_DIPLO_MSG_ARMY_REQUEST" Note="A diplomacy message type">
            <Text>Force Request</Text>
        </Line>
        <Line Key="TXT_DIPLO_MSG_REGION_REQUEST" Note="A diplomacy message type">
            <Text>Region Request</Text>
        </Line>

        <Line Key="TXT_DIPLO_COMMENT" Note="A diplomacy message type">
            <Text> Inbound Communication  </Text>
        </Line>
        <Line Key="TXT_DIPLO_COMMENT_INFO" Note="A diplomacy message type">
            <Text> relationship {0_relationship_change}  </Text>
        </Line>

        <Line Key="TXT_DIPLO_BREAK_AGREEMENT" Note="A diplomacy message type">
            <Text>Break Agreement</Text>
        </Line>
        <Line Key="TXT_DIPLO_BREAK_AGREEMENT_TOOLTIP" Note="A diplomacy message type">
            <Text>This action will end your {1_agreement_name} and hurt your relationship with {0_nation_name}</Text>
        </Line>


        <Line Key="TXT_AI_FLAVOR_MSG_GIFT_PROPOSE_RELIGIOUS_FRENDLY" Note="diplo flavor text">
            <Text>Their gift arrives with a small blessing attached.</Text>
        </Line>
        <Line Key="TXT_AI_FLAVOR_MSG_GIFT_PROPOSE_RELIGIOUS_NEUTRAL" Note="diplo flavor text">
            <Text>Their emissary has brought you a gift, over which he delivers a short prayer.</Text>
        </Line>
        <Line Key="TXT_AI_FLAVOR_MSG_GIFT_PROPOSE_RELIGIOUS_HOSTILE" Note="diplo flavor text">
            <Text>Their gift is delivered anonymously. Despite current relations, your personal guards have determined it is free from traps.</Text>
        </Line>

        <Line Key="TXT_AI_FLAVOR_MSG_GIFT_PROPOSE_ARROGANT_FRIENDLY" Note="diplo flavor text">
            <Text>Their lavish gift arrives. So lavish in fact, it could be considered a friendly challenge.</Text>
        </Line>
        <Line Key="TXT_AI_FLAVOR_MSG_GIFT_PROPOSE_ARROGANT_NEUTRAL" Note="diplo flavor text">
            <Text>Their gift arrives with a terse, but polite, note.</Text>
        </Line>
        <Line Key="TXT_AI_FLAVOR_MSG_GIFT_PROPOSE_ARROGANT_HOSTILE" Note="diplo flavor text">
            <Text>Their gift is delivered. But is a gift really a gift, if it comes wrapped in a list of grievances?</Text>
        </Line>

        <Line Key="TXT_AI_FLAVOR_MSG_GIFT_PROPOSE_MEGO_FRIENDLY" Note="diplo flavor text">
            <Text>Their gift arrives, with a conspiratorial note attached.</Text>
        </Line>
        <Line Key="TXT_AI_FLAVOR_MSG_GIFT_PROPOSE_MEGO_NEUTRAL" Note="diplo flavor text">
            <Text>Their gift arrives, with a message describing to you the benefits of such exchanges.</Text>
        </Line>
        <Line Key="TXT_AI_FLAVOR_MSG_GIFT_PROPOSE_MEGO_HOSTILE" Note="diplo flavor text">
            <Text>Their gift for your nation has been received by your envoy. Your envoy is unsure why, but did mention seeing the word "surplus" marked upon its container.</Text>
        </Line>

        <Line Key="TXT_AI_FLAVOR_MSG_GIFT_PROPOSE_MEGALO_FRIENDLY" Note="Text for interaction proposing a gift to AI">
            <Text>Their gift arrives, with a conspiratorial note attached.</Text>
        </Line>
        <Line Key="TXT_AI_FLAVOR_MSG_GIFT_PROPOSE_MEGALO_NEUTRAL" Note="Text for interaction proposing a neutral gift to AI">
            <Text>Their gift arrives, with a message describing to you the benefits of such exchanges.</Text>
        </Line>
        <Line Key="TXT_AI_FLAVOR_MSG_GIFT_PROPOSE_MEGALO_HOSTILE" Note="Text for interaction proposing a hostile gift to AI">
            <Text>Their gift for your nation has been received by your envoy. Your envoy is unsure why, but did mention seeing the word "surplus" marked upon its container.</Text>
        </Line>

        <Line Key="TXT_AI_FLAVOR_MSG_GIFT_PROPOSE_FORMAL_FRIENDLY" Note="diplo flavor text">
            <Text>An emissary from this nation arrives and performs an elaborate greeting ceremony, after which they present you with a gift with their leader's compliments.</Text>
        </Line>
        <Line Key="TXT_AI_FLAVOR_MSG_GIFT_PROPOSE_FORMAL_NEUTRAL" Note="diplo flavor text">
            <Text>Their gift arrives with a note - "Let us continue to collaborate in future endeavors."</Text>
        </Line>
        <Line Key="TXT_AI_FLAVOR_MSG_GIFT_PROPOSE_FORMAL_HOSTILE" Note="diplo flavor text">
            <Text>Their gift is delivered to the capital, addressed not to you - but to your citizens.</Text>
        </Line>

        <Line Key="TXT_AI_FLAVOR_MSG_GIFT_PROPOSE_POETIC_FRIENDLY" Note="diplo flavor text">
            <Text>Their envoy delivers a generous gift to your people, alongside a heartfelt note of appreciation penned by their leader.</Text>
        </Line>
        <Line Key="TXT_AI_FLAVOR_MSG_GIFT_PROPOSE_POETIC_NEUTRAL" Note="diplo flavor text">
            <Text>Their gift arrives with an attached poem on kindness and reciprocity.</Text>
        </Line>
        <Line Key="TXT_AI_FLAVOR_MSG_GIFT_PROPOSE_POETIC_HOSTILE" Note="diplo flavor text">
            <Text>Their emissary, after reading through a list of fiery accusations, mentions as an afterthought that they've come to deliver a gift from their leader.</Text>
        </Line>

        <Line Key="TXT_AI_FLAVOR_MSG_GIFT_PROPOSE_MOF_FRIENDLY" Note="diplo flavor text">
            <Text>They have sent a gift for your people, describing it as "the requisite symbol of our continued partnership."</Text>
        </Line>
        <Line Key="TXT_AI_FLAVOR_MSG_GIFT_PROPOSE_MOF_NEUTRAL" Note="diplo flavor text">
            <Text>A gift is delivered with no message. It takes some time, but you're eventually able to determine the nation from which it came.</Text>
        </Line>
        <Line Key="TXT_AI_FLAVOR_MSG_GIFT_PROPOSE_MOF_HOSTILE" Note="diplo flavor text">
            <Text>A gift is brought back by your most recently sent emmisary with a short message: "It is said the exchanging of gifts can generate goodwill, despite animosity."</Text>
        </Line>

        <Line Key="TXT_AI_FLAVOR_MSG_GIFT_PROPOSE_JUDICIAL_FRIENDLY" Note="diplo flavor text">
            <Text>Their envoy arrives with a thoughtfully chosen gift for your people.</Text>
        </Line>
        <Line Key="TXT_AI_FLAVOR_MSG_GIFT_PROPOSE_JUDICIAL_NEUTRAL" Note="diplo flavor text">
            <Text>Their emissary arrives with a gift for your people, citing their perceived need.</Text>
        </Line>
        <Line Key="TXT_AI_FLAVOR_MSG_GIFT_PROPOSE_JUDICIAL_HOSTILE" Note="diplo flavor text">
            <Text>Upon departing your capital, their emissary leaves behind a gift for your people, as a token gesture despite current circumstances.</Text>
        </Line>




        <Line Key="TXT_AI_FLAVOR_MSG_GIFT_ACCEPT_RELIGIOUS_FRENDLY" Note="diplo flavor text">
            <Text>They accept your gift, with gratitude.</Text>
        </Line>
        <Line Key="TXT_AI_FLAVOR_MSG_GIFT_ACCEPT_RELIGIOUS_NEUTRAL" Note="diplo flavor text">
            <Text>They accept your gift, with simple thanks.</Text>
        </Line>
        <Line Key="TXT_AI_FLAVOR_MSG_GIFT_ACCEPT_RELIGIOUS_HOSTILE" Note="diplo flavor text">
            <Text>Their emissary hesitates, almost as if they suspect subterfuge, before cautiously accepting on behalf of their nation.</Text>
        </Line>

        <Line Key="TXT_AI_FLAVOR_MSG_GIFT_ACCEPT_ARROGANT_FRIENDLY" Note="diplo flavor text">
            <Text>Your gift is lavished with praise, followed by boasts about their own nation's prior generosity.</Text>
        </Line>
        <Line Key="TXT_AI_FLAVOR_MSG_GIFT_ACCEPT_ARROGANT_NEUTRAL" Note="diplo flavor text">
            <Text>They seem unimpressed, but not offended, by your gift.</Text>
        </Line>
        <Line Key="TXT_AI_FLAVOR_MSG_GIFT_ACCEPT_ARROGANT_HOSTILE" Note="diplo flavor text">
            <Text>Their envoy warns you that their leader may take a gift from you as a challenge - or an insult - but accepts it optimistically nonetheless.</Text>
        </Line>

        <Line Key="TXT_AI_FLAVOR_MSG_GIFT_ACCEPT_MEGO_FRIENDLY" Note="diplo flavor text">
            <Text>Your gift is quickly accepted and dispatched to their nation - clearly something they have experience with.</Text>
        </Line>
        <Line Key="TXT_AI_FLAVOR_MSG_GIFT_ACCEPT_MEGO_NEUTRAL" Note="diplo flavor text">
            <Text>Their envoy thanks you, "accepting your tribute" to their leader.</Text>
        </Line>
        <Line Key="TXT_AI_FLAVOR_MSG_GIFT_ACCEPT_MEGO_HOSTILE" Note="diplo flavor text">
            <Text>An attendant is hastily informed receive the gift and store it with the others, before returning with a simple statement of gratitude.</Text>
        </Line>

        <Line Key="TXT_AI_FLAVOR_MSG_GIFT_ACCEPT_MEGALO_FRIENDLY" Note="Text for interaction AI accepting gift">
            <Text>Your gift is quickly accepted and dispatched to their nation - clearly something they have experience with.</Text>
        </Line>
        <Line Key="TXT_AI_FLAVOR_MSG_GIFT_ACCEPT_MEGALO_HOSTILE" Note="Text for interaction AI accepting hostile gift">
            <Text>An attendant is hastily informed receive the gift and store it with the others, before returning with a simple statement of gratitude.</Text>
        </Line>
        <Line Key="TXT_AI_FLAVOR_MSG_GIFT_ACCEPT_MEGALO_NEUTRAL" Note="Text for interaction AI accepting neutral gift">
            <Text>Their envoy thanks you, "accepting your tribute" to their leader.</Text>
        </Line>

        <Line Key="TXT_AI_FLAVOR_MSG_GIFT_ACCEPT_FORMAL_FRIENDLY" Note="diplo flavor text">
            <Text>They accept your gift, honored by your generosity.</Text>
        </Line>
        <Line Key="TXT_AI_FLAVOR_MSG_GIFT_ACCEPT_FORMAL_NEUTRAL" Note="diplo flavor text">
            <Text>They accept your gift with polite gratitude.</Text>
        </Line>
        <Line Key="TXT_AI_FLAVOR_MSG_GIFT_ACCEPT_FORMAL_HOSTILE" Note="diplo flavor text">
            <Text>Their envoy makes mention of the continued tension between your two peoples, before politely accepting the gift.</Text>
        </Line>

        <Line Key="TXT_AI_FLAVOR_MSG_GIFT_ACCEPT_POETIC_FRIENDLY" Note="diplo flavor text">
            <Text>Their emissary accepts the gift, describing it as "a blossoming flower of goodwill."</Text>
        </Line>
        <Line Key="TXT_AI_FLAVOR_MSG_GIFT_ACCEPT_POETIC_NEUTRAL" Note="diplo flavor text">
            <Text>Your gift is immediately accepted, and they express their delight at surprises. Well, most surprises anyway.</Text>
        </Line>
        <Line Key="TXT_AI_FLAVOR_MSG_GIFT_ACCEPT_POETIC_HOSTILE" Note="diplo flavor text">
            <Text>Their envoy accepts your gift with honeyed words, but you can't help but hear the tension in their voice as they speak.</Text>
        </Line>       

        <Line Key="TXT_AI_FLAVOR_MSG_GIFT_ACCEPT_MOF_FRIENDLY" Note="diplo flavor text">
            <Text>Their graciously accept your gift.</Text>
        </Line>
        <Line Key="TXT_AI_FLAVOR_MSG_GIFT_ACCEPT_MOF_NEUTRAL" Note="diplo flavor text">
            <Text>They politely accepts your gift, with thanks.</Text>
        </Line>
        <Line Key="TXT_AI_FLAVOR_MSG_GIFT_ACCEPT_MOF_HOSTILE" Note="diplo flavor text">
            <Text>They accept your gift, with the hopes that it could improve relations between your two nations.</Text>
        </Line>

        <Line Key="TXT_AI_FLAVOR_MSG_GIFT_ACCEPT_JUDICIAL_FRIENDLY" Note="diplo flavor text">
            <Text>They receive your gift with admiration and appreciation.</Text>
        </Line>
        <Line Key="TXT_AI_FLAVOR_MSG_GIFT_ACCEPT_JUDICIAL_NEUTRAL" Note="diplo flavor text">
            <Text>They accept the gift, noting their preference of actions over empty words.</Text>
        </Line>
        <Line Key="TXT_AI_FLAVOR_MSG_GIFT_ACCEPT_JUDICIAL_HOSTILE" Note="diplo flavor text">
            <Text>Your gift is accepted, but they pointedly note that despite their appreciation they will always put the needs of their nation first.</Text>
        </Line>


        <Line Key="TXT_AI_FLAVOR_MSG_GIFT_ACCEPT_RUDE_FRIENDLY" Note="diplo flavor text">
            <Text>Their envoy laughs at you, and accepts the gift. You're unsure if their leader will ever even see it.</Text>
        </Line>


        <Line Key="TXT_AI_FLAVOR_MSG_GIFT_REFUSE_TOO_MANY_RELIGIOUS_FRIENDLY" Note="diplo flavor text">
            <Text>They gently refuse the gift, thanking you for your continued, but overwhelming, generosity.</Text>
        </Line>
        <Line Key="TXT_AI_FLAVOR_MSG_GIFT_REFUSE_TOO_MANY_RELIGIOUS_NEUTRAL" Note="diplo flavor text">
            <Text>Their emissary has instructions to refuse gifts from your nation for the time being, citing a desire to further develop your nation's relationship through other means.</Text>
        </Line>
        <Line Key="TXT_AI_FLAVOR_MSG_GIFT_REFUSE_TOO_MANY_RELIGIOUS_HOSTILE" Note="diplo flavor text">
            <Text>They politely decline your gift, stating you've simply given them too many.</Text>
        </Line>

        <Line Key="TXT_AI_FLAVOR_MSG_GIFT_REFUSE_TOO_MANY_ARROGANT_FRIENDLY" Note="diplo flavor text">
            <Text>Their emissary delivers a note of appreciation, but declines the gift, citing a need for balance in your nations' relations.</Text>
        </Line>
        <Line Key="TXT_AI_FLAVOR_MSG_GIFT_REFUSE_TOO_MANY_ARROGANT_NEUTRAL" Note="diplo flavor text">
            <Text>They refuse the gift. No reason is given, but you suspect they may have reached the limits of their gratitude for your generosity.</Text>
        </Line>
        <Line Key="TXT_AI_FLAVOR_MSG_GIFT_REFUSE_TOO_MANY_ARROGANT_HOSTILE" Note="diplo flavor text">
            <Text>You receive a simple message refusing the gift, describing your repeated gifts as a "brazen attempt to curry their favor."</Text>
        </Line>

        <Line Key="TXT_AI_FLAVOR_MSG_GIFT_REFUSE_TOO_MANY_MEGALO_FRIENDLY" Note="diplo flavor text">
            <Text>They refuse the gift, citing a desire to savor your previous gifts before accepting any more.</Text>
        </Line>
        <Line Key="TXT_AI_FLAVOR_MSG_GIFT_REFUSE_TOO_MANY_MEGALO_NEUTRAL" Note="diplo flavor text">
            <Text>They quickly refuse the gift, expressing a distrust of those who offer too many gifts too quickly.</Text>
        </Line>
        <Line Key="TXT_AI_FLAVOR_MSG_GIFT_REFUSE_TOO_MANY_MEGALO_HOSTILE" Note="diplo flavor text">
            <Text>A message arrives. They refuse your gift, demanding you prove your intent in other ways.</Text>
        </Line>

        <Line Key="TXT_AI_FLAVOR_MSG_GIFT_REFUSE_TOO_MANY_FORMAL_FRIENDLY" Note="diplo flavor text">
            <Text>They refuse your most recent gift politely, but firmly, asking that you refrain from sending any more for the time being.</Text>
        </Line>
        <Line Key="TXT_AI_FLAVOR_MSG_GIFT_REFUSE_TOO_MANY_FORMAL_NEUTRAL" Note="diplo flavor text">
            <Text>They value your generosity, but recommend a more structured approach, noting that so many gifts in such a short time demonstrates a certain lack of decorum.</Text>
        </Line>
        <Line Key="TXT_AI_FLAVOR_MSG_GIFT_REFUSE_TOO_MANY_FORMAL_HOSTILE" Note="diplo flavor text">
            <Text>Your envoy returns with the gift you'd sent and a note. "The frequency of your gifts reveals your desperation. That's enough for now."</Text>
        </Line>

        <Line Key="TXT_AI_FLAVOR_MSG_GIFT_REFUSE_TOO_MANY_POETIC_FRIENDLY" Note="diplo flavor text">
            <Text>They kindly decline the gift in the spirit of preserving the beauty of your exchanges.</Text>
        </Line>
        <Line Key="TXT_AI_FLAVOR_MSG_GIFT_REFUSE_TOO_MANY_POETIC_NEUTRAL" Note="diplo flavor text">
            <Text>They are disinclined to accept, citing their belief that a gift should have great meaning, and so many so quickly leaves little time to interpret them.</Text>
        </Line>
        <Line Key="TXT_AI_FLAVOR_MSG_GIFT_REFUSE_TOO_MANY_POETIC_HOSTILE" Note="diplo flavor text">
            <Text>Your gift is returned with a handwritten note. "This rapid flurry of gifts is like a torrential rain on a tempestuous sea, only serving to deepen the waves of discord."</Text>
        </Line>


        <Line Key="TXT_AI_FLAVOR_MSG_GIFT_REFUSE_TOO_MANY_MOF_FRIENDLY" Note="diplo flavor text">
            <Text>They graciously decline your most recent gift, citing your amazing generosity while underlining its overly frequent and overwhelming expression.</Text>
        </Line>
        <Line Key="TXT_AI_FLAVOR_MSG_GIFT_REFUSE_TOO_MANY_MOF_NEUTRAL" Note="diplo flavor text">
            <Text>Their envoy arrives with the gift you sent - and an ask from their leader for additional space with which to contemplate their future relations with your nation.</Text>
        </Line>
        <Line Key="TXT_AI_FLAVOR_MSG_GIFT_REFUSE_TOO_MANY_MOF_HOSTILE" Note="diplo flavor text">
            <Text>They refuse your gift, explaining that their frequency makes them less meaningful.</Text>
        </Line>

        <Line Key="TXT_AI_FLAVOR_MSG_GIFT_REFUSE_TOO_MANY_JUDICIAL_FRIENDLY" Note="diplo flavor text">
            <Text>They are reluctant and finally firm on not accepting your gift, jokingly implying you must have some ulterior motive to be sending them so many lavish things.</Text>
        </Line>
        <Line Key="TXT_AI_FLAVOR_MSG_GIFT_REFUSE_TOO_MANY_JUDICIAL_NEUTRAL" Note="diplo flavor text">
            <Text>Their envoy refuses the gift, noting that they prefer a more measured approach to diplomacy than simple exchanges of pleasantries.</Text>
        </Line>
        <Line Key="TXT_AI_FLAVOR_MSG_GIFT_REFUSE_TOO_MANY_JUDICIAL_HOSTILE" Note="diplo flavor text">
            <Text>Their refuse the gift, describing it as part of a "relentless attempt at bribery" which will not sway their opinion of you.</Text>
        </Line>

        <Line Key="TXT_AI_FLAVOR_MSG_RESEARCH_PROPOSE_RELIGIOUS" Note="diplo flavor text">
        <Text>They offer the opportunity to ponder the essence of things, together.</Text>
        </Line>
        <Line Key="TXT_AI_FLAVOR_MSG_RESEARCH_PROPOSE_ARROGANT" Note="diplo flavor text">
        <Text>They ask you to join them in studying the world a bit closer, describing it as a valuable proposition for both your nations.</Text>
        </Line>
        <Line Key="TXT_AI_FLAVOR_MSG_RESEARCH_PROPOSE_MEGALO" Note="diplo flavor text">
        <Text>They offer to help you improve your primitive science, via mutual access to learnings.</Text>
        </Line>
        <Line Key="TXT_AI_FLAVOR_MSG_RESEARCH_PROPOSE_FORMAL" Note="diplo flavor text">
        <Text>Let wish to engage in some scholarly collaboration.</Text>
        </Line>
        <Line Key="TXT_AI_FLAVOR_MSG_RESEARCH_PROPOSE_POETIC" Note="diplo flavor text">
        <Text>They ask you to join them as they bravely venture into the hidden truths of the universe.</Text>
        </Line>
        <Line Key="TXT_AI_FLAVOR_MSG_RESEARCH_PROPOSE_MOF" Note="diplo flavor text">
        <Text>They propose a research agreement, noting the potential benefit to you both if your scientists collaborate.</Text>
        </Line>
        <Line Key="TXT_AI_FLAVOR_MSG_RESEARCH_PROPOSE_JUDICIAL" Note="diplo flavor text">
        <Text>They wish to work with you in the shared pursuit of truth and knowledge.</Text>
        </Line>

        <Line Key="TXT_AI_FLAVOR_MSG_RESEARCH_ACCEPT_RELIGIOUS" Note="diplo flavor text">
        <Text>They accept your proposal, noting that shared pursuit of knowledge could strengthen your nation's bonds.</Text>
        </Line>
        <Line Key="TXT_AI_FLAVOR_MSG_RESEARCH_ACCEPT_ARROGANT" Note="diplo flavor text">
        <Text>They seem reluctant at first, but eventually agree to your research proposal.</Text>
        </Line>
        <Line Key="TXT_AI_FLAVOR_MSG_RESEARCH_ACCEPT_MEGALO" Note="diplo flavor text">
        <Text>They accept in recognition of your nation's shared technological superiority.</Text>
        </Line>
        <Line Key="TXT_AI_FLAVOR_MSG_RESEARCH_ACCEPT_FORMAL" Note="diplo flavor text">
        <Text>They accept your research agreement, with appreciation of your commitment to scholarly collaboration.</Text>
        </Line>
        <Line Key="TXT_AI_FLAVOR_MSG_RESEARCH_ACCEPT_POETIC" Note="diplo flavor text">
        <Text>They accept your offer with an open mind and eager heart, ready to push boundaries of science!</Text>
        </Line>
        <Line Key="TXT_AI_FLAVOR_MSG_RESEARCH_ACCEPT_MOF" Note="diplo flavor text">
        <Text>They acknowledge your proposal as aligned to their goals, and accept.</Text>
        </Line>
        <Line Key="TXT_AI_FLAVOR_MSG_RESEARCH_ACCEPT_JUDICIAL" Note="diplo flavor text">
        <Text>They are happy to accept your proposal, optimistic and ready to embark on this collaborative journey towards enlightenment and advancement together.</Text>
        </Line>



        <Line Key="TXT_AI_FLAVOR_MSG_RESEARCH_REFUSE_BAD_TECH_RELIGIOUS" Note="diplo flavor text">
        <Text>Although they desire new knowledge, you appear to possess nothing they need, and thus they decline.</Text>
        </Line>
        <Line Key="TXT_AI_FLAVOR_MSG_RESEARCH_REFUSE_BAD_TECH_ARROGANT" Note="diplo flavor text">
        <Text>They value your commitment to progress, but decline as there are no technologies in your possession that match their interests.</Text>
        </Line>
        <Line Key="TXT_AI_FLAVOR_MSG_RESEARCH_REFUSE_BAD_TECH_MEGALO" Note="diplo flavor text">
        <Text>They value the spirit of cooperation, but your current technologies do not align with their needs so they decline.</Text>
        </Line>
        <Line Key="TXT_AI_FLAVOR_MSG_RESEARCH_REFUSE_BAD_TECH_FORMAL" Note="diplo flavor text">
        <Text>They note your research agreement proposal with appreciation, but do not believe your current technologies align with their needs.</Text>
        </Line>
        <Line Key="TXT_AI_FLAVOR_MSG_RESEARCH_REFUSE_BAD_TECH_POETIC" Note="diplo flavor text">
        <Text>They describe your shared research proposal as a new stanza in the epic of knowledge, but note their current technological needs do not harmonize with yours at this time.</Text>
        </Line>
        <Line Key="TXT_AI_FLAVOR_MSG_RESEARCH_REFUSE_BAD_TECH_MOF" Note="diplo flavor text">
        <Text>Your proposal is clearly appreciated, but they note that there are no mutually beneficial technologies to explore together, citing a desire to possibly try again in the future.</Text>
        </Line>
        <Line Key="TXT_AI_FLAVOR_MSG_RESEARCH_REFUSE_BAD_TECH_JUDICIAL" Note="diplo flavor text">
        <Text>Though the offer is appreciated, it is declined. There are no technologies they are interested in at this time.</Text>
        </Line>

        <Line Key="TXT_AI_FLAVOR_MSG_TRADE_ACCEPT_RELIGIOUS_FRIENDLY" Note="diplo flavor text">
        <Text>We have received marvelous news.</Text>
        </Line>
        <Line Key="TXT_AI_FLAVOR_MSG_TRADE_ACCEPT_RELIGIOUS_NEUTRAL" Note="diplo flavor text">
        <Text>After prayers for guidance, they accept your trade proposal, with hope for mutual benefit.</Text>
        </Line>
        <Line Key="TXT_AI_FLAVOR_MSG_TRADE_ACCEPT_ARROGANT_FRIENDLY" Note="diplo flavor text">
        <Text>Citing both your nation's great prosperity, they accept your trade proposal with anticipation of the economic power you'll be able to wield together.</Text>
        </Line>
        <Line Key="TXT_AI_FLAVOR_MSG_TRADE_ACCEPT_ARROGANT_NEUTRAL" Note="diplo flavor text">
        <Text>They see your proposal has some merit accept it, noting that they will end it if it does not turn out to be mutually advantageous.</Text>
        </Line>
        <Line Key="TXT_AI_FLAVOR_MSG_TRADE_ACCEPT_MEGALO_FRIENDLY" Note="diplo flavor text">
        <Text>They accept your Trade proposal - an obvious move in the shared game of diplomacy, but an intelligent one.</Text>
        </Line>
        <Line Key="TXT_AI_FLAVOR_MSG_TRADE_ACCEPT_MEGALO_NEUTRAL" Note="diplo flavor text">
        <Text>They accept your proposal as aligned their grand vision, and demand it commences immediately.</Text>
        </Line>
        <Line Key="TXT_AI_FLAVOR_MSG_TRADE_ACCEPT_FORMAL_FRIENDLY" Note="diplo flavor text">
        <Text>Your trade proposal is gladly accepted with the utmost haste and formality.</Text>
        </Line>
        <Line Key="TXT_AI_FLAVOR_MSG_TRADE_ACCEPT_FORMAL_NEUTRAL" Note="diplo flavor text">
        <Text>Your trade proposal is accepted, with a desire to continue to see this increased professionalism between your nations.</Text>
        </Line>
        <Line Key="TXT_AI_FLAVOR_MSG_TRADE_ACCEPT_POETIC_FRIENDLY" Note="diplo flavor text">
        <Text>Your proposal is accepted with excitement as to the incredible new opportunities for your shared cultures to intermingle.</Text>
        </Line>
        <Line Key="TXT_AI_FLAVOR_MSG_TRADE_ACCEPT_POETIC_NEUTRAL" Note="diplo flavor text">
        <Text>They agree to your proposal with caution, but see the potential for both your nations to benefit from each other's prosperity.</Text>
        </Line>
        <Line Key="TXT_AI_FLAVOR_MSG_TRADE_ACCEPT_MOF_FRIENDLY" Note="diplo flavor text">
        <Text>They acknowledge, greatly appreciate, and accept your Trade proposal.</Text>
        </Line>
        <Line Key="TXT_AI_FLAVOR_MSG_TRADE_ACCEPT_MOF_NEUTRAL" Note="diplo flavor text">
        <Text>They review your trade proposal and find it acceptable, and with this simple agreement it is done.</Text>
        </Line>
        <Line Key="TXT_AI_FLAVOR_MSG_TRADE_ACCEPT_JUDICIAL_FRIENDLY" Note="diplo flavor text">
        <Text>They recognize the potential of your trade proposal for mutual benefit, but also as a way to solidify your nations' continued partnership, and immediately accept.</Text>
        </Line>
        <Line Key="TXT_AI_FLAVOR_MSG_TRADE_ACCEPT_JUDICIAL_NEUTRAL" Note="diplo flavor text">
        <Text>Though they aren't certain as to the full aims of your trade proposal, they mention the opportunity for mutual gain is too good to pass up, and accept.</Text>
        </Line>

        <Line Key="TXT_AI_FLAVOR_MSG_TRADE_REFUSE_BAD_ITEM_RELIGIOUS_FRIENDLY" Note="diplo flavor text">
        <Text>Despite the blessed bond between your nations, they decline your proposal, though remain open to the possibility of future trade should your offer improve.</Text>
        </Line>
        <Line Key="TXT_AI_FLAVOR_MSG_TRADE_REFUSE_BAD_ITEM_RELIGIOUS_NEUTRAL" Note="diplo flavor text">
        <Text>They warn you of asking for items of such import in exchange for the frivolities you have to offer, and decline.</Text>
        </Line>
        <Line Key="TXT_AI_FLAVOR_MSG_TRADE_REFUSE_BAD_ITEM_ARROGANT_FRIENDLY" Note="diplo flavor text">
        <Text>Even though you are a friend, they believe a trade such as this should be more in balance.</Text>
        </Line>
        <Line Key="TXT_AI_FLAVOR_MSG_TRADE_REFUSE_BAD_ITEM_ARROGANT_NEUTRAL" Note="diplo flavor text">
        <Text>They only look to accept trades that are beneficial to them, and do not believe that this represents a fair arrangement.</Text>
        </Line>
        <Line Key="TXT_AI_FLAVOR_MSG_TRADE_REFUSE_BAD_ITEM_MEGALO_FRIENDLY" Note="diplo flavor text">
        <Text>Despite the import of your two nations' friendship to their goals, they can't accept your offer at this time - though seem open to a better one in the future.</Text>
        </Line>
        <Line Key="TXT_AI_FLAVOR_MSG_TRADE_REFUSE_BAD_ITEM_MEGALO_NEUTRAL" Note="diplo flavor text">
        <Text>They will not accept a trade so unbalanced, demanding you improve things if you want them to reconsider.</Text>
        </Line>
        <Line Key="TXT_AI_FLAVOR_MSG_TRADE_REFUSE_BAD_ITEM_FORMAL_FRIENDLY" Note="diplo flavor text">
        <Text>They formally, and respectfully, decline your trade agreement as insufficient for their needs.</Text>
        </Line>
        <Line Key="TXT_AI_FLAVOR_MSG_TRADE_REFUSE_BAD_ITEM_FORMAL_NEUTRAL" Note="diplo flavor text">
        <Text>They decline your trade proposal as grossly insufficient to their needs.</Text>
        </Line>
        <Line Key="TXT_AI_FLAVOR_MSG_TRADE_REFUSE_BAD_ITEM_POETIC_FRIENDLY" Note="diplo flavor text">
        <Text>Despite their excitement at the wondrous possibilities of further trade between your peoples, they don't believe they can accept this offer on their behalf in good consciensce.</Text>
        </Line>
        <Line Key="TXT_AI_FLAVOR_MSG_TRADE_REFUSE_BAD_ITEM_POETIC_NEUTRAL" Note="diplo flavor text">
        <Text>Your offer is refused with a flourish, and a promise to look again should the situation change.</Text>
        </Line>
        <Line Key="TXT_AI_FLAVOR_MSG_TRADE_REFUSE_BAD_ITEM_MOF_FRIENDLY" Note="diplo flavor text">
        <Text>Despite a desire to accept, they do not believe the trade proposal you have offered is fair and decline.</Text>
        </Line>
        <Line Key="TXT_AI_FLAVOR_MSG_TRADE_REFUSE_BAD_ITEM_MOF_NEUTRAL" Note="diplo flavor text">
        <Text>They immediately decline, noting that such an agreement would sure not benefit their nation's needs at this time.</Text>
        </Line>
        <Line Key="TXT_AI_FLAVOR_MSG_TRADE_REFUSE_BAD_ITEM_JUDICIAL_FRIENDLY" Note="diplo flavor text">
        <Text>They appreciate the idea of more friendly trade between your nations, but note their duty to their people to ensure such a trade is, at the very least, fair to their citizenry.</Text>
        </Line>
        <Line Key="TXT_AI_FLAVOR_MSG_TRADE_REFUSE_BAD_ITEM_JUDICIAL_NEUTRAL" Note="diplo flavor text">
        <Text>Seeing no mutual benefit to this agreement, they decline.</Text>
        </Line>


        <Line Key="TXT_AI_FLAVOR_MSG_ALLY_ACCEPT_RELIGIOUS" Note="diplo flavor text">
        <Text>They agree, sharing their belief that the heavens will smile on this new alliance, declaring it to now be an eternal bond between your two peoples.</Text>
        </Line>
        <Line Key="TXT_AI_FLAVOR_MSG_ALLY_ACCEPT_ARROGANT" Note="diplo flavor text">
        <Text>They accept, sharing their belief that your combined strength has the power to shape the world.</Text>
        </Line>
        <Line Key="TXT_AI_FLAVOR_MSG_ALLY_ACCEPT_MEGALO" Note="diplo flavor text">
        <Text>They accept, declaring this alliance to be the most important step in their great plans for your two nations, and their now shared future.</Text>
        </Line>
        <Line Key="TXT_AI_FLAVOR_MSG_ALLY_ACCEPT_FORMAL" Note="diplo flavor text">
        <Text>They accept your proposal for an alliance and wish their nation to stand with yours as pillars of stability and cooperation.</Text>
        </Line>
        <Line Key="TXT_AI_FLAVOR_MSG_ALLY_ACCEPT_POETIC" Note="diplo flavor text">
        <Text>They accept your proposal to form an alliance, noting that the stories of this day will echo through the centuries yet to come.</Text>
        </Line>
        <Line Key="TXT_AI_FLAVOR_MSG_ALLY_ACCEPT_MOF" Note="diplo flavor text">
        <Text>They agree to your alliance with gratitude and commitment, and an assurance that they will move forward with you as a dependable friend.</Text>
        </Line>
        <Line Key="TXT_AI_FLAVOR_MSG_ALLY_ACCEPT_JUDICIAL" Note="diplo flavor text">
        <Text>They see your proposal as a testament to your peoples' shared values and goals, and are eager to accept.</Text>
        </Line>

        <Line Key="TXT_AI_FLAVOR_MSG_ALLY_REFUSE_WEAK_RELIGIOUS" Note="diplo flavor text">
        <Text>They thank you for your proposal, but do not believe an alliance is in their best interest at this time.</Text>
        </Line>
        <Line Key="TXT_AI_FLAVOR_MSG_ALLY_REFUSE_WEAK_ARROGANT" Note="diplo flavor text">
        <Text>The alliance offer is declined - they cite your relative military weakness as the cause.</Text>
        </Line>
        <Line Key="TXT_AI_FLAVOR_MSG_ALLY_REFUSE_WEAK_MEGALO" Note="diplo flavor text">
        <Text>They refuse the alliance, they do not believe your soldiers have the strength to carry your end of things.</Text>
        </Line>
        <Line Key="TXT_AI_FLAVOR_MSG_ALLY_REFUSE_WEAK_FORMAL" Note="diplo flavor text">
        <Text>Despite your friendship and other relations with this nation, they unfortunately decline the alliance - noting that your armies do not pose a strong threat to your shared enemies, and would prefer to allow you to grow on your own for the time being.</Text>
        </Line>
        <Line Key="TXT_AI_FLAVOR_MSG_ALLY_REFUSE_WEAK_POETIC" Note="diplo flavor text">
        <Text>Despite the potential and excitement an alliance could, they sadly decline - they can't in good consciensce put their soldiers in harm's way if your nation lacks the strength to stand with them.</Text>
        </Line>
        <Line Key="TXT_AI_FLAVOR_MSG_ALLY_REFUSE_WEAK_MOF" Note="diplo flavor text">
        <Text>They proposal is acknowledged but they decline citing a pragmatic view - for consideration of an alliance, they would need to see a nation's strong military presence in the world.</Text>
        </Line>
        <Line Key="TXT_AI_FLAVOR_MSG_ALLY_REFUSE_WEAK_JUDICIAL" Note="diplo flavor text">
        <Text>They greatly value the prospect of friendship and cooperation, but due to the disparity in strength between your militaries, they decline.</Text>
        </Line>

        <Line Key="TXT_AI_FLAVOR_MSG_GIFT_REFUSE_WANT_DIF_ITEM_RELIGIOUS_FRIENDLY" Note="diplo flavor text">
        <Text>The gift is declined, though their envoy hints at their leader's true desire: {0_high_affinity_item}. </Text>
        </Line>
        <Line Key="TXT_AI_FLAVOR_MSG_GIFT_REFUSE_WANT_DIF_ITEM_RELIGIOUS_NEUTRAL" Note="diplo flavor text">
        <Text>The gift is declined, their need for {0_high_affinity_item} takes precedence over all other desires at present.</Text>
        </Line>
        <Line Key="TXT_AI_FLAVOR_MSG_GIFT_REFUSE_WANT_DIF_ITEM_RELIGIOUS_HOSTILE" Note="diplo flavor text">
        <Text>The gift is declined. Their priority is {0_high_affinity_item}, should you wish to get back into their better graces.</Text>
        </Line>
        <Line Key="TXT_AI_FLAVOR_MSG_GIFT_REFUSE_WANT_DIF_ITEM_ARROGANT_FRIENDLY" Note="diplo flavor text">
        <Text>They decline, citing that their ambition lies in acquiring {0_high_affinity_item} at present.</Text>
        </Line>
        <Line Key="TXT_AI_FLAVOR_MSG_GIFT_REFUSE_WANT_DIF_ITEM_ARROGANT_NEUTRAL" Note="diplo flavor text">
        <Text>They acknowledge this offering, but refuse the gift, noting that their interest is only in {0_high_affinity_item} for the time being.</Text>
        </Line>
        <Line Key="TXT_AI_FLAVOR_MSG_GIFT_REFUSE_WANT_DIF_ITEM_ARROGANT_HOSTILE" Note="diplo flavor text">
        <Text>THey do not believe this gift to be value, and reject it. Your emissary has inquired what would be of value to them, apparently: {0_high_affinity_item}.</Text>
        </Line>
        <Line Key="TXT_AI_FLAVOR_MSG_GIFT_REFUSE_WANT_DIF_ITEM_MEGALO_FRIENDLY" Note="diplo flavor text">
        <Text>They politely decline your gift, noting that {0_high_affinity_item} plays a larger part in their plans and they would readily accept that gift with gratitude.</Text>
        </Line>
        <Line Key="TXT_AI_FLAVOR_MSG_GIFT_REFUSE_WANT_DIF_ITEM_MEGALO_NEUTRAL" Note="diplo flavor text">
        <Text>They note your attempt at tribute, but return it - informing that a worthy offering would be something more like {0_high_affinity_item}.</Text>
        </Line>
        <Line Key="TXT_AI_FLAVOR_MSG_GIFT_REFUSE_WANT_DIF_ITEM_MOF_NETURAL" Note="Text for interaction AI refusing gift, but in a neutral mood">
        <Text>The gift was refused. They want a different item. Neutral mood.</Text>
        </Line>
        <Line Key="TXT_AI_FLAVOR_MSG_GIFT_REFUSE_WANT_DIF_ITEM_MEGALO_HOSTILE" Note="diplo flavor text">
        <Text>They'll take {0_high_affinity_item} as a gift, if you have them on hand - but have no interest in your previous offering.</Text>
        </Line>
        <Line Key="TXT_AI_FLAVOR_MSG_GIFT_REFUSE_WANT_DIF_ITEM_FORMAL_FRIENDLY" Note="diplo flavor text">
        <Text>Despite their appreciation for the thought that went into the gift, they reject it citing a need to focus on acquiring {0_high_affinity_item}.</Text>
        </Line>
        <Line Key="TXT_AI_FLAVOR_MSG_GIFT_REFUSE_WANT_DIF_ITEM_FORMAL_NEUTRAL" Note="diplo flavor text">
        <Text>They formally return your gift, with a note indicating that a future gift of {0_high_affinity_item} would earn you their favor and gratitude.</Text>
        </Line>
        <Line Key="TXT_AI_FLAVOR_MSG_GIFT_REFUSE_WANT_DIF_ITEM_FORMAL_HOSTILE" Note="diplo flavor text">
        <Text>They decline, but through back channels you are informed that if you truly wish to improve relations between your nations, assisting them in obtaining {0_high_affinity_item} would be your best chance moving forward.</Text>
        </Line>
        <Line Key="TXT_AI_FLAVOR_MSG_GIFT_REFUSE_WANT_DIF_ITEM_POETIC_FRIENDLY" Note="diplo flavor text">
        <Text>They appreciate the warmth and kindness of your offering, but return it citing a lack of need - though they do mention more than once their ongoing desire for {0_high_affinity_item}.</Text>
        </Line>
        <Line Key="TXT_AI_FLAVOR_MSG_GIFT_REFUSE_WANT_DIF_ITEM_POETIC_NEUTRAL" Note="diplo flavor text">
        <Text>Your gift is returned with a simple message: {0_high_affinity_item} would certainly be a better gift to contnue to build the friendship between your nations.</Text>
        </Line>
        <Line Key="TXT_AI_FLAVOR_MSG_GIFT_REFUSE_WANT_DIF_ITEM_POETIC_HOSTILE" Note="diplo flavor text">
        <Text>The gift is declined. Their envoy assures you that you will continue to struggle building a rapport, unless something more like {0_high_affinity_item} is given, much more in alignment with their people's needs.</Text>
        </Line>
        <Line Key="TXT_AI_FLAVOR_MSG_GIFT_REFUSE_WANT_DIF_ITEM_MOF_FRIENDLY" Note="diplo flavor text">
            <Text>They could possibly appreciate this kind of gift, were it something their people needed. Something like {0_high_affinity_item}, which they would accept in a heartbeat.</Text>
        </Line>
        <Line Key="TXT_AI_FLAVOR_MSG_GIFT_REFUSE_WANT_DIF_ITEM_MOF_NEUTRAL" Note="diplo flavor text">
            <Text>They decline your gift, but request you share {0_high_affinity_item} with them that you have, for the good of your people's growing friendship.</Text>
        </Line>
        <Line Key="TXT_AI_FLAVOR_MSG_GIFT_REFUSE_WANT_DIF_ITEM_MOF_HOSTILE" Note="diplo flavor text">
            <Text>They refuse the gift with disinterest. There's only one thing they truly need right now - {0_high_affinity_item}.</Text>
        </Line>
        <Line Key="TXT_AI_FLAVOR_MSG_GIFT_REFUSE_WANT_DIF_ITEM_JUDICIAL_FRIENDLY" Note="diplo flavor text">
            <Text>Despite the thoughtfulness of this provided gift, they must unfortunately return it citing a lack of need - but they would be interested in acquiring {0_high_affinity_item} should there be a way to make that possible.</Text>
        </Line>
        <Line Key="TXT_AI_FLAVOR_MSG_GIFT_REFUSE_WANT_DIF_ITEM_JUDICIAL_NEUTRAL" Note="diplo flavor text">
            <Text>While the gift is appreciated, it does not align with their current priority of obtaining {0_high_affinity_item}, and it is returned to you, untouched.</Text>
        </Line>
        <Line Key="TXT_AI_FLAVOR_MSG_GIFT_REFUSE_WANT_DIF_ITEM_JUDICIAL_HOSTILE" Note="diplo flavor text">
            <Text>Their frustration at the gift is palpable, as the envoy brings notice of its return, as well as his leader's desire for {0_high_affinity_item}, should some become available to you.</Text>
        </Line>

        <Line Key="TXT_AI_FLAVOR_MSG_GIFT_ITEM_LOOKOUT_RELIGIOUS_FRIENDLY" Note="diplo flavor text">
            <Text>Their emissary asks if you could kindly leave any Regions containing {0_desired_resource} to their nation.</Text>
        </Line>
        <Line Key="TXT_AI_FLAVOR_MSG_GIFT_ITEM_LOOKOUT_RELIGIOUS_NEUTRAL" Note="diplo flavor text">
            <Text>They believe their need for Regions containing {0_desired_resource} should come before your desire for such - should you want a true friendship to grow between your two peoples.</Text>
        </Line>
        <Line Key="TXT_AI_FLAVOR_MSG_GIFT_ITEM_LOOKOUT_RELIGIOUS_HOSTILE" Note="diplo flavor text">
            <Text>A warning comes, an ill fate to those who would take {0_desired_resource} in the wake of their own people's needs.</Text>
        </Line>

        <Line Key="TXT_AI_FLAVOR_MSG_GIFT_ITEM_LOOKOUT_ARROGANT_FRIENDLY" Note="diplo flavor text">
            <Text>The message arrives from them, written directly to you - If you should come across any {0_desired_resource}, their great nation believes their claim should supercede all others, and would appreciate your support.</Text>
        </Line>
        <Line Key="TXT_AI_FLAVOR_MSG_GIFT_ITEM_LOOKOUT_ARROGANT_NEUTRAL" Note="diplo flavor text">
            <Text>An envoy arrives, with a message stating their nation's current search of {0_desired_resource}, requesting you leave any that you find for them to harvest.</Text>
        </Line>
        <Line Key="TXT_AI_FLAVOR_MSG_GIFT_ITEM_LOOKOUT_ARROGANT_HOSTILE" Note="diplo flavor text">
            <Text>Less of a message and more of a thinly veiled threat arrives - "If I were you, I would leave any Regions containing {0_desired_resource} for use by our people, to safeguard yourself from future suffering.</Text>
        </Line>

        <Line Key="TXT_AI_FLAVOR_MSG_GIFT_ITEM_LOOKOUT_MEGALO_FRIENDLY" Note="diplo flavor text">
            <Text>A simple note appears in your estate, delivered surreptitiously. They have a need for {0_desired_resource} and would ask you let them claim it, should you find any.</Text>
        </Line>
        <Line Key="TXT_AI_FLAVOR_MSG_GIFT_ITEM_LOOKOUT_MEGALO_NEUTRAL" Note="diplo flavor text">
            <Text>Their envoy speaks plainly - should you wish further mutually beneficial interactions, you must leave any {0_desired_resource} you find for them to claim.</Text>
        </Line>
        <Line Key="TXT_AI_FLAVOR_MSG_GIFT_ITEM_LOOKOUT_MEGALO_HOSTILE" Note="diplo flavor text">
            <Text>Signs appear in your capital, citing a reward for the discovery of unclaimed lands containing {0_desired_resource}. The message warning you to avoid claiming such an asset comes a few days later.</Text>
        </Line>

        <Line Key="TXT_AI_FLAVOR_MSG_GIFT_ITEM_LOOKOUT_FORMAL_FRIENDLY" Note="diplo flavor text">
            <Text>You receive a message, they are seeking some {0_desired_resource}, and ask that as you continue to explore the world, you share with them the lands containing this precious need.</Text>
        </Line>
        <Line Key="TXT_AI_FLAVOR_MSG_GIFT_ITEM_LOOKOUT_FORMAL_NEUTRAL" Note="diplo flavor text">
            <Text>Your people have encountered their scouts more than once now, hunting the wilds for {0_desired_resource}. After inquiring with their envoy, they confirm that you should leave such lands, should you find them, to them.</Text>
        </Line>
        <Line Key="TXT_AI_FLAVOR_MSG_GIFT_ITEM_LOOKOUT_FORMAL_HOSTILE" Note="diplo flavor text">
            <Text>A stern lecture is delivered - if you wish to have any future relations with them, you will leave any regions you find with {0_desired_resource} alone.</Text>
        </Line>

        <Line Key="TXT_AI_FLAVOR_MSG_GIFT_ITEM_LOOKOUT_POETIC_FRIENDLY" Note="diplo flavor text">
            <Text>Their emissary shares their people's ardent desire for {0_desired_resource}, noting the betrayal it would be if you were to claim some for yourself despite their need.</Text>
        </Line>
        <Line Key="TXT_AI_FLAVOR_MSG_GIFT_ITEM_LOOKOUT_POETIC_NEUTRAL" Note="diplo flavor text">
            <Text>There is a need amongst their people for {0_desired_resource}. They do not believe that need is shared, and request you leave such matters to them.</Text>
        </Line>
        <Line Key="TXT_AI_FLAVOR_MSG_GIFT_ITEM_LOOKOUT_POETIC_HOSTILE" Note="diplo flavor text">
            <Text>A direct threat from their envoy - should you claim any {0_desired_resource} before they do, you should expect bloodshed.</Text>
        </Line>

        <Line Key="TXT_AI_FLAVOR_MSG_GIFT_ITEM_LOOKOUT_MOF_FRIENDLY" Note="diplo flavor text">
            <Text>A simple request arrives from this favored nation, that you leave any discovered {0_desired_resource} for their harvesting, should you find some.</Text>
        </Line>
        <Line Key="TXT_AI_FLAVOR_MSG_GIFT_ITEM_LOOKOUT_MOF_NEUTRAL" Note="diplo flavor text">
            <Text>Their envoy delivers a request - should the discovery of {0_desired_resource} come to life, they ask you to share the knowledge and not to settle the lands, so they may have it to serve their people's needs.</Text>
        </Line>
        <Line Key="TXT_AI_FLAVOR_MSG_GIFT_ITEM_LOOKOUT_MOF_HOSTILE" Note="diplo flavor text">
            <Text>They are looking to claim any Regions that contain {0_desired_resource}, warning that you'd be safer just leaving any you find for them, rather than stir up trouble between you.</Text>
        </Line>

        <Line Key="TXT_AI_FLAVOR_MSG_GIFT_ITEM_LOOKOUT_JUDICIAL_FRIENDLY" Note="diplo flavor text">
            <Text>A measured request arrives, asking you to ensure your people are on the lookout for {0_desired_resource} to further their nation's objectives. They would certainly appreciate such a kindness, should you deign so.</Text>
        </Line>
        <Line Key="TXT_AI_FLAVOR_MSG_GIFT_ITEM_LOOKOUT_JUDICIAL_NEUTRAL" Note="diplo flavor text">
            <Text>They inform you that their soldiers and scouts are actively searching for {0_desired_resource} to meet their strategic needs, along with a request- that you leave such lands for them to take.</Text>
        </Line>
        <Line Key="TXT_AI_FLAVOR_MSG_GIFT_ITEM_LOOKOUT_JUDICIAL_HOSTILE" Note="diplo flavor text">
            <Text>Their emissary delivers a warning - should you claim lands containing {0_desired_resource} it could become a significant issue between your two nations.</Text>
        </Line>

        <!-- Call for War Aid Responses - Only Friendly since anything less will break an Alliance! -->

        <!-- Acceptance -->
        <Line Key="TXT_AI_FLAVOR_MSG_AID_CALL_ACCEPT_RELIGIOUS_FRIENDLY" Note="diplo flavor text">
            <Text>They will stay true to their vows and come to your aid, knowing your cause is righteous.</Text>
        </Line>

        <Line Key="TXT_AI_FLAVOR_MSG_AID_CALL_ACCEPT_ARROGANT_FRIENDLY" Note="diplo flavor text">
            <Text>You get the sense they'd been waiting for this day for some time, and seem almost eager to join the fray.</Text>
        </Line>

        <Line Key="TXT_AI_FLAVOR_MSG_AID_CALL_ACCEPT_MEGALO_FRIENDLY" Note="diplo flavor text">
            <Text>They will fight by your side, and believe that with their help, you are certain to win.</Text>
        </Line>

        <Line Key="TXT_AI_FLAVOR_MSG_AID_CALL_ACCEPT_FORMAL_FRIENDLY" Note="diplo flavor text">
            <Text>They will uphold their promise to you and answer the call - their forces will aid you soon.</Text>
        </Line>

        <Line Key="TXT_AI_FLAVOR_MSG_AID_CALL_ACCEPT_POETIC_FRIENDLY" Note="diplo flavor text">
            <Text>They will not let your nation end abruptly this day, and are prepared to join you on the field of battle.</Text>
        </Line>

        <Line Key="TXT_AI_FLAVOR_MSG_AID_CALL_ACCEPT_MOF_FRIENDLY" Note="diplo flavor text">
            <Text>The agreement was clear, mutual defense as required. Now would appear to be such a time - and they are ready to provide.</Text>
        </Line>

        <Line Key="TXT_AI_FLAVOR_MSG_AID_CALL_ACCEPT_JUDICIAL_FRIENDLY" Note="diplo flavor text">
            <Text>Not just their leaders, but their people clamor for them to answer your plea for aid. As they are sworn to do so they will - to their people's celebration.</Text>
        </Line>

        <!-- Rejection -->
        <Line Key="TXT_AI_FLAVOR_MSG_AID_CALL_REJECT_RELIGIOUS_FRIENDLY" Note="diplo flavor text">
            <Text>Despite your agreement, they simply cannot commit their troops to what they believe to be a hopeless cause.</Text>
        </Line>

        <Line Key="TXT_AI_FLAVOR_MSG_AID_CALL_REJECT_ARROGANT_FRIENDLY" Note="diplo flavor text">
            <Text>They note their forces are occupied, and will not be able to aid you, this time.</Text>
        </Line>

        <Line Key="TXT_AI_FLAVOR_MSG_AID_CALL_REJECT_MEGALO_FRIENDLY" Note="diplo flavor text">
            <Text>Their people have rejected your call for aid as an unimportant foreign matter, and their leader has savvily reflected their desires by declining your request for military support.</Text>
        </Line>

        <Line Key="TXT_AI_FLAVOR_MSG_AID_CALL_REJECT_FORMAL_FRIENDLY" Note="diplo flavor text">
            <Text>Despite the agreement, they believe there is a clause that allows them to refuse aid - and citing it - they do so.</Text>
        </Line>

        <Line Key="TXT_AI_FLAVOR_MSG_AID_CALL_REJECT_POETIC_FRIENDLY" Note="diplo flavor text">
            <Text>They assure you that you have the strength to face this challenge without them, noting that they'll still be here once ultimate victory is yours.</Text>
        </Line>

        <Line Key="TXT_AI_FLAVOR_MSG_AID_CALL_REJECT_MOF_FRIENDLY" Note="diplo flavor text">
            <Text>Their envoy apologizes for the poor news - they will not be coming to your aid. They believe it's simply too much danger and too little chance for success.</Text>
        </Line>

        <Line Key="TXT_AI_FLAVOR_MSG_AID_CALL_REJECT_JUDICIAL_FRIENDLY" Note="diplo flavor text">
            <Text>Despite some obvious reluctance, they have decided not to help you at this time as they are simply not in a position to do so, but their emissary does wish you the best in your war effort.</Text>
        </Line>

        <!-- AI Global Reaction Messages Start - THESE ARE CURRENTLY PLACEHOLDERS!! -->

        <!-- High Citizen Stats - Weak Army -->
        <Line Key="TXT_AI_FLAVOR_MSG_ARMY_WEAK_FRIENDLY" Note="diplo flavor text">
            <Text>A message arrives, advising you to further develop your military forces should you be required to use them. {0_relationship_change} Relationship"</Text>
        </Line>
        <Line Key="TXT_AI_FLAVOR_MSG_ARMY_WEAK_NEUTRAL" Note="diplo flavor text">
            <Text>A simple warning is delivered by their envoy - they will not take advantage of your weak military, but someone likely will. {0_relationship_change} Relationship"</Text>
        </Line>
        <Line Key="TXT_AI_FLAVOR_MSG_ARMY_WEAK_HOSTILE" Note="diplo flavor text">
            <Text>Their emissary assures you that their armies will grind yours to dust, should they meet on the field of battle. {0_relationship_change} Relationship"</Text>
        </Line>

        <!-- High Citizen Stats - Strong Army -->
        <Line Key="TXT_AI_FLAVOR_MSG_ARMY_STRONG_FRIENDLY" Note="diplo flavor text">
            <Text>After witnessing your soldiers in training, your weapons being built, and your defensive infrastructure - their envoy is simply awe struck by your people's might. {0_relationship_change} Relationship"</Text>
        </Line>
        <Line Key="TXT_AI_FLAVOR_MSG_ARMY_STRONG_NEUTRAL" Note="diplo flavor text">
            <Text>In your most recent discussions with their emissary, they mentioned more than once how impressive, but also how anxiety-inducing your armies made their people. {0_relationship_change} Relationship"</Text>
        </Line>
        <Line Key="TXT_AI_FLAVOR_MSG_ARMY_STRONG_HOSTILE" Note="diplo flavor text">
            <Text>This may not be how you hoped your latest contact would go, but at least it's clear they see you as a worthy foe should there be war between your peoples. {0_relationship_change} Relationship"</Text>
        </Line>

        <!-- High Citizen Stats - Good City Management -->

        <Line Key="TXT_AI_FLAVOR_MSG_HIGH_CS_FRIENDLY" Note="diplo flavor text">
            <Text>They believe that the prosperity and well-being of your citizens is an inspiration to the world, and seek to apply your methods at home.</Text>
        </Line>
        <Line Key="TXT_AI_FLAVOR_MSG_HIGH_CS_NEUTRAL" Note="diplo flavor text">
            <Text>They are impressed by your people's apparent happiness and well-being.</Text>
        </Line>
        <Line Key="TXT_AI_FLAVOR_MSG_HIGH_CS_HOSTILE" Note="diplo flavor text">
            <Text>At least they've clearly noted the prosperity and well-being of your people - despite their insinuations that should relations continue to detriorate between you that it may come to an abrupt end.</Text>
        </Line>

        <!-- Warmongering -->
        
        <Line Key="TXT_AI_FLAVOR_MSG_WARMONGER_FRIENDLY" Note="diplo flavor text">
            <Text>Despite their repeated reassurances that they understand the righteousness of your martial efforts, a clear look of concern briefly flashes across their envoy's eyes.</Text>
        </Line>
        <Line Key="TXT_AI_FLAVOR_MSG_WARMONGER_NEUTRAL" Note="diplo flavor text">
            <Text>An emissary arrives, bearing you a warning - should you bring your warlike ways to their doorstep, they are ready to defend themselves.</Text>
        </Line>
        <Line Key="TXT_AI_FLAVOR_MSG_WARMONGER_HOSTILE" Note="diplo flavor text">
            <Text>A letter is received, a scathing condemnation of your continued violence declaring you a scourge to the world.</Text>
        </Line>

        <!-- Triumphs Built -->
        <!-- Perhaps specific Leaders could send specific messages about specific Triumphs. -->
        
        <Line Key="TXT_AI_FLAVOR_MSG_TRIUMPHS_FRIENDLY" Note="diplo flavor text">
            <Text>Your mighty works are impressive to all, but the look on their emissary's face seems to indicate they may find them a little more impressive still.</Text>
        </Line>
        <Line Key="TXT_AI_FLAVOR_MSG_TRIUMPHS_NEUTRAL" Note="diplo flavor text">
            <Text>The congratulatory note received on your numerous amazing architectural achievements is short, but polite.</Text>
        </Line>
        <Line Key="TXT_AI_FLAVOR_MSG_TRIUMPHS_HOSTILE" Note="diplo flavor text">
            <Text>They note your great achievements and works, while stating that yours would not be the first society to leave behind incredible wonders once their people were no longer.</Text>
        </Line>

        <!-- Defensive Wars Won -->
        <!-- These messages could be made specific to certain Leaders or Leaders that have certain traits, like Formidable or Aggressive. -->

        <Line Key="TXT_AI_FLAVOR_MSG_DEFENSIVE_WIN_FRIENDLY" Note="diplo flavor text">
            <Text>You receive a small token from their envoy, noting your valor in the defense of your homeland.</Text>
        </Line>
        <Line Key="TXT_AI_FLAVOR_MSG_DEFENSIVE_WIN_NEUTRAL" Note="diplo flavor text">
            <Text>Your strength and determination in protecting your people has been noted by the world.</Text>
        </Line>
        <Line Key="TXT_AI_FLAVOR_MSG_DEFENSIVE_WIN_HOSTILE" Note="diplo flavor text">
            <Text>The veiled threat by their emissary is clear - even the strongest walls will someday fall.</Text>
        </Line>

        <!-- Constantly Attacked (By Others) -->
        <!-- Like the previous one, this could be specific to certain Leaders or ones with certain traits, like Formidable or Aggressive. These messages don't need the player to have won the wars, just survived. -->
        
        <Line Key="TXT_AI_FLAVOR_MSG_CONSTANTLY_ATTACKED_FRIENDLY" Note="diplo flavor text">
            <Text>They believe your tenacity is a credit to your people, and your will as their leader.</Text>
        </Line>
        <Line Key="TXT_AI_FLAVOR_MSG_CONSTANTLY_ATTACKED_NEUTRAL" Note="diplo flavor text">
            <Text>Sometimes, simply surviving the horrors is the best one can hope for - and they do see you as a survivor.</Text>
        </Line>
        <Line Key="TXT_AI_FLAVOR_MSG_CONSTANTLY_ATTACKED_HOSTILE" Note="diplo flavor text">
            <Text>Once their emissary likened your nation to an infestation that could not be exterminated, they were no longer welcome in your residence.</Text>
        </Line>

        <!-- Agreements Completed - Example specific agreement type message at bottom. -->
        <!-- Certain Leaders would maybe also send specific messages regarding specific types of agreements. For example, a scientific Leader may express approval about the player completing multiple Research Agreements specifically. -->

        <Line Key="TXT_AI_FLAVOR_MSG_AGREEMENTS_HONORED_FRIENDLY" Note="diplo flavor text">
            <Text>They see your gift with words and diplomacy between nations to be one of the keys to a future of peace for all.</Text>
        </Line>
        <Line Key="TXT_AI_FLAVOR_MSG_AGREEMENTS_HONORED_NEUTRAL" Note="diplo flavor text">
            <Text>They find your words and the effect they have on the other leaders of the world impressive, but do sometimes wonder how many of them you truly mean.</Text>
        </Line>
        <Line Key="TXT_AI_FLAVOR_MSG_AGREEMENTS_HONORED_HOSTILE" Note="diplo flavor text">
            <Text>They will not be swayed by your silver tongue. But they will take note of it, should it become a danger to them.</Text>
        </Line>

        <Line Key="TXT_AI_FLAVOR_MSG_RESEARCH_AGREEMENTS_HONORED_FRIENDLY" Note="diplo flavor text">
            <Text>Your dedication to uncovering the mysteries of this world is matched only by their own, and they are grateful for your continued innovation.</Text>
        </Line>

        <!-- Threats -->
        <!-- NOTE: These would be our version of demands for launch (in essense) and they would need to be worked out a bit more. First pass would basically guarantee war if not obeyed. -->
        
        <Line Key="TXT_AI_FLAVOR_MSG_THREAT_DONT_SETTLE_HOSTILE" Note="diplo flavor text">
            <Text>You've now been warned, do not settle near their lands, lest you provoke a war.</Text>
        </Line>
        <Line Key="TXT_AI_FLAVOR_MSG_THREAT_ITEM_HOSTILE" Note="diplo flavor text">
            <Text>They demand a show of respect, a gift. Otherwise - they will extract their own from your people.</Text>
        </Line>

        <!-- Requests -->
        <!-- Including NEUTRAL version of these for now, but we may find in the future we don't need (or want) them. -->
        
        <Line Key="TXT_AI_FLAVOR_MSG_REQUEST_ITEM_FRIENDLY" Note="diplo flavor text">
            <Text>Noting your two nations' close relations, the ask is simple but direct - could you provide them with XX?</Text>
        </Line>
        <Line Key="TXT_AI_FLAVOR_MSG_REQUEST_ITEM_NEUTRAL" Note="diplo flavor text">
            <Text>In an effort to show how you could continue to grow your relationship with them, they inform you of their need for XX, observing your next choice carefully.</Text>
        </Line>


        <!-- Denouncing -->
        
        <Line Key="TXT_AI_WISE_AND_BRUTAL_DENOUNCE_TEXT" Note="diplo flavor text">
            <Text> Stoic and caclulating, they deliver the news of their betrayal personally </Text>
        </Line>
        <Line Key="TXT_AI_ARROGANT_AND_UNTRUSTWORTH_DENOUNCE_TEXT" Note="diplo flavor text">
            <Text>Musing at your foolishness, they send a hastily scrawled letter praising the genius of their scheme</Text>
        </Line>
        <Line Key="TXT_AI_HOLDS_A_GRUDGE_DENOUNCE_TEXT" Note="diplo flavor text">
            <Text>In an effort to show how you could continue to grow your relationship with them, they inform you of their need for XX, observing your next choice carefully.</Text>
        </Line>



    </Locale>
</GameText>
