<?xml version="1.0" encoding="UTF-8"?>
<GameText>
  <!--This is a generated file.  Do not edit this file.  Edit the original source file and regenerate-->
  <Locale ID="en">
    <Line Key="TXT_ENC_IMP_ACADEMY_HISTORY_0">
      <Text></Text>
    </Line>
    <Line Key="TXT_ENC_IMP_ACADEMY_STRATEGY_0">
      <Text>Build the Academy to start your Book Masterpiece collection once it becomes available in the Antiquities. Remember, to generate Masterpieces, you must assign a Paragon with the correct Profession to the Improvement.</Text>
    </Line>
    <Line Key="TXT_ENC_IMP_AIRCRAFT_FACTORY_HISTORY_0">
      <Text></Text>
    </Line>
    <Line Key="TXT_ENC_IMP_AIRCRAFT_FACTORY_STRATEGY_0">
      <Text>In the Machine Age, researching Aviation unlocks this crucial Improvement for your Nation. The Aircraft Factory provides the ability to Craft essential components for modernizing and maintaining its Air Forces. The deployment of Fighters and Bombers significantly impacts your military capabilities. As you progress into the Atomic Age, having a strong Air Force becomes a strategic advantage.</Text>
    </Line>
    <Line Key="TXT_ENC_IMP_AIRPORT_HISTORY_0">
      <Text></Text>
    </Line>
    <Line Key="TXT_ENC_IMP_AIRPORT_STRATEGY_0">
      <Text>When your nation advances to the Atomic Age, consider researching Jet Engines to unlock this Commercial Improvement. Although Airports require significant maintenance costs, constructing one in your City will boost population growth and significantly enhance its Prosperity.</Text>
    </Line>
    <Line Key="TXT_ENC_IMP_AIR_FORCE_BASE_HISTORY_0">
      <Text></Text>
    </Line>
    <Line Key="TXT_ENC_IMP_AIR_FORCE_BASE_STRATEGY_0">
      <Text>This Machine Age Improvement helps boost the Strength for any Forces based in this Region. Station your Fighters and Bombers where it is located to increase their capability. Don’t forget the SAM battery to defend vs air raids too.</Text>
    </Line>
    <Line Key="TXT_ENC_IMP_ALTAR_HISTORY_0">
      <Text></Text>
    </Line>
    <Line Key="TXT_ENC_IMP_ALTAR_STRATEGY_0">
      <Text>The earliest Religious Improvement, the Altar Unlocks a {TXT_TRM_RELIGION} if you don’t have one already and it increases the {TXT_TRM_RELIGION_SPREAD} strength for the dominant {TXT_TRM_RELIGION} in that {TXT_TRM_REGION}. Build an Altar to start your {TXT_TRM_RELIGION}, then, as you expand, build more to spread it.</Text>
    </Line>
    <Line Key="TXT_ENC_IMP_AMPHITHEATER_HISTORY_0">
      <Text></Text>
    </Line>
    <Line Key="TXT_ENC_IMP_AMPHITHEATER_STRATEGY_0">
      <Text>The Amphitheater is one of the earliest {TXT_TRM_MASTERPIECE} creating Improvements. Once built, it boosts {TXT_TRM_HAPPINESS} and when the correct {TXT_TRM_PARAGON} Professional is assigned to this Improvement, it will begin generating Music Masterpieces – a helpful element in your quest for {TXT_TRM_PRESTIGE}./n/nIt’s a good idea to further boost {TXT_TRM_HAPPINESS} and {TXT_TRM_WEALTH} for its host {TXT_TRM_CITY} by assigning an {TXT_TRM_WORKER} to the Amphitheater.</Text>
    </Line>
    <Line Key="TXT_ENC_IMP_APOTHECARY_HISTORY_0">
      <Text></Text>
    </Line>
    <Line Key="TXT_ENC_IMP_APOTHECARY_STRATEGY_0">
      <Text>Accessible as early as the Bronze Age, Apothecaries serve as crafting hubs for a range of beneficial Goods to enhance the Quality of Life for your people. Once built, it immediately contributes a modest improvement to City Health, and to further boost the City Health, be sure to craft Herbal Medicine in the Apothecary and then apply it as an Amenity. Boosting City Health is a crucial strategy for players who want to supercharge the growth of their Nation.</Text>
    </Line>
    <Line Key="TXT_ENC_IMP_ARCOLOGY_HISTORY_0">
      <Text></Text>
    </Line>
    <Line Key="TXT_ENC_IMP_ARCOLOGY_STRATEGY_0">
      <Text>When your Nation reaches the Age of Singularity, make sure to research the Post-Humanism Technology to unlock this powerful Improvement. Once it is built in a City, all of the {TXT_TRM_CITIZEN_STATS} Stats are significantly increased. Don’t forget to add an {TXT_TRM_WORKER} to gain additional boosts to {TXT_TRM_HEALTH}, {TXT_TRM_WEALTH}, and {TXT_TRM_EDUCATION}.</Text>
    </Line>
    <Line Key="TXT_ENC_IMP_ARENA_HISTORY_0">
      <Text></Text>
    </Line>
    <Line Key="TXT_ENC_IMP_ARENA_STRATEGY_0">
      <Text>Arenas are an Antiquities Era Improvement that helps improve the mood of your Citizens by boosting the {TXT_TRM_HAPPINESS} in a City. If you assign an {TXT_TRM_WORKER} to the Arena, they’ll produce bonus {TXT_TRM_COIN} as well.</Text>
    </Line>
    <Line Key="TXT_ENC_IMP_ARMORY_HISTORY_0">
      <Text></Text>
    </Line>
    <Line Key="TXT_ENC_IMP_ARMORY_STRATEGY_0">
      <Text>In the Renaissance, research Cannons to unlock the Armory Improvement. Once constructed, the Armory adds a slight boost to {TXT_TRM_AESTHETICS} and allows you to craft {TXT_ITM_EXPLOSIVES} and {TXT_ITM_GUNPOWDER} – two essential components you will need for stronger {TXT_TRM_UNIT} in your Nation’s {TXT_TRM_ARMY}.</Text>
    </Line>
    <Line Key="TXT_ENC_IMP_ARTISAN_STUDIO_HISTORY_0">
      <Text></Text>
    </Line>
    <Line Key="TXT_ENC_IMP_ARTISAN_STUDIO_STRATEGY_0">
      <Text>In the Middle Ages, researching the Decorative Arts technology unlocks the versatile Artisan Studio – an Improvement that Crafts a wide range of Goods. Once built, it improves {TXT_TRM_HAPPINESS} but reduces {TXT_TRM_WEALTH}.</Text>
    </Line>
    <Line Key="TXT_ENC_IMP_BAKERY_HISTORY_0">
      <Text></Text>
    </Line>
    <Line Key="TXT_ENC_IMP_BAKERY_STRATEGY_0">
      <Text>Once your nation has access to grain, your cities can construct the Bakery improvement that can produce Bread and other consumables for your people.</Text>
    </Line>
    <Line Key="TXT_ENC_IMP_BANK_HISTORY_0">
      <Text></Text>
    </Line>
    <Line Key="TXT_ENC_IMP_BANK_STRATEGY_0">
      <Text>Once your Nation reaches the High Medieval Era, first researching Banking and then constructing Banks will boost {TXT_TRM_WEALTH} in a City. Banks do cost a modest amount of {TXT_TRM_STONE} to maintain, but if an {TXT_TRM_WORKER} is assigned to them, your Nation will gain bonus Precious Metals per Turn.</Text>
    </Line>
    <Line Key="TXT_ENC_IMP_BARRACKS_HISTORY_0">
      <Text></Text>
    </Line>
    <Line Key="TXT_ENC_IMP_BARRACKS_STRATEGY_0">
      <Text>In the early Game, constructing the Barracks is crucial for Leaders who prioritize their /href:t:Term:term_Army/Armed Forces/Endhref/ or if their {TXT_TRM_NATION} is threatened by hostile enemies. Once built, Barracks significantly increase the {TXT_TRM_CITY} {TXT_TRM_AESTHETICS}, which boosts the {TXT_TRM_UNIT_STRENGTH} for /href:t:Term:term_Unit/Units/Endhref/ generated by this {TXT_TRM_CITY}. /href:t:Term:term_Nation/Nations/Endhref/ with Barracks will have a distinct advantage, as they can build significantly stronger /href:t:Term:term_Army/Forces/Endhref/ compared to those without.</Text>
    </Line>
    <Line Key="TXT_ENC_IMP_BAZAAR_HISTORY_0">
      <Text></Text>
    </Line>
    <Line Key="TXT_ENC_IMP_BAZAAR_STRATEGY_0">
      <Text>In the Middle Ages, researching Cartography will allow you to upgrade your Trading Posts into Bazaars. Each turn they generate a significant amount of Wealth for your Nation.</Text>
    </Line>
    <Line Key="TXT_ENC_IMP_BLACKSMITH_HISTORY_0">
      <Text></Text>
    </Line>
    <Line Key="TXT_ENC_IMP_BLACKSMITH_STRATEGY_0">
      <Text>By researching Iron Working, you can unlock the Blacksmith – an {TXT_TRM_IMPROVEMENT} designed to convert metals into useful items for your {TXT_TRM_NATION}. The Blacksmith does this by producing {TXT_ITM_METAL_INGOTS {#123}}, a crucial Ingredient used in various /href:t:Term:term_Good/Goods/Endhref/, /href:t:Term:term_Improvement/Improvements/Endhref/, and /href:t:Term:term_Unit/Units/Endhref/./n/nMoreover, constructing several Blacksmiths within the same {TXT_TRM_REGION} is beneficial, as each {TXT_TRM_IMPROVEMENT} built enhances the {TXT_TRM_CRAFTPRODUCTION} for all Blacksmiths and their upgrades in that {TXT_TRM_REGION}.</Text>
    </Line>
    <Line Key="TXT_ENC_IMP_BREWERY_HISTORY_0">
      <Text></Text>
    </Line>
    <Line Key="TXT_ENC_IMP_BREWERY_STRATEGY_0">
      <Text>In the Middle Ages, unlock the Brewing technology to upgrade your Fermenting Huts to Breweries. Once built, a Brewery allows you to Craft Beer, Wine, and Liquor for your {TXT_TRM_NATION}. You can expend these /href:t:Term:term_Good/Goods/Endhref/ as /href:t:Term:term_Luxury/Consumable/Endhref/ /href:t:Term:term_Consume/Amenities/Endhref/ to keep your population /href:t:Term:term_Happiness/Happy/Endhref/ and /href:t:Term:term_Health/Healthy/Endhref/. For the Brewery to be an effective Crafting {TXT_TRM_IMPROVEMENT}, make sure to {TXT_TRM_HARVEST} the necessary {TXT_TRM_RESOURCES} (Food, Rice, Hops, Grapes, etc.) required to manufacture its /href:t:Term:term_Good/Goods/Endhref/.</Text>
    </Line>
    <Line Key="TXT_ENC_IMP_BUTCHERSHOP_HISTORY_0">
      <Text></Text>
    </Line>
    <Line Key="TXT_ENC_IMP_BUTCHERSHOP_STRATEGY_0">
      <Text>Researching Animal Husbandry gives you access to the Butcher Shop, an Industry Improvement that specializes in generating Goods from animal resources. For example, the first consumable you can Craft here is Cured Meats, an excellent early Amenity that provides bonus {TXT_TRM_FOOD}, increased {TXT_TRM_WEALTH}, and boosts {TXT_TRM_HAPPINESS}.</Text>
    </Line>
    <Line Key="TXT_ENC_IMP_CAMP_HISTORY_0">
      <Text></Text>
    </Line>
    <Line Key="TXT_ENC_IMP_CAMP_STRATEGY_0">
      <Text>One of the first Improvements available to your Capital City, a Hunting Camp generates Wealth to fill its coffers. When placed on Natural Resources like Bison, Deer and other wild animals, Hunting Camps may Harvest Furs, Leather or even Food for your Nation. Food is quickly eaten, Wealth is quickly spent, but the Harvested Resources from Camps are used as components for powerful Goods that help your Nation in a variety of ways.</Text>
    </Line>
    <Line Key="TXT_ENC_IMP_CASTLE_HISTORY_0">
      <Text></Text>
    </Line>
    <Line Key="TXT_ENC_IMP_CASTLE_STRATEGY_0">
      <Text>A powerful Improvement unlocked in the Middle Ages that increases the Strength for all Forces stationed in its Region. Each Expert assigned to the Castle further boosts the Strength for all Forces within the same City as the Castle.</Text>
    </Line>
    <Line Key="TXT_ENC_IMP_CATHEDRAL_HISTORY_0">
      <Text></Text>
    </Line>
    <Line Key="TXT_ENC_IMP_CATHEDRAL_STRATEGY_0">
      <Text>/href:t:Term:term_Nation/Nations/Endhref/ that follow Christianity, have reached the High Medieval Era, and have unlocked /:B/FOUR/r/ /href:t:Term:term_Verse/Religious Verses/Endhref/ may build this /href:t:Term:term_Religion/Religious/Endhref/ {TXT_TRM_IMPROVEMENT}./n/nCathedrals boost the /href:t:Term:term_ReligionSpreadStrength/Strength/Endhref/ and /href:t:Term:term_ReligionSpreadDistance/Distance/Endhref/ of /href:t:Term:term_ReligionSpread/Religious Spread/Endhref/ within the City where they are constructed.</Text>
    </Line>
    <Line Key="TXT_ENC_IMP_CEMENT_PLANT_HISTORY_0">
      <Text></Text>
    </Line>
    <Line Key="TXT_ENC_IMP_CEMENT_PLANT_STRATEGY_0">
      <Text>Upon reaching the Enlightenment, unlock the Industrialization technology to build Cement Plants. These Industrial buildings enable you to craft Concrete, a crucial material used in the construction of numerous other Improvements for your Nation.</Text>
    </Line>
    <Line Key="TXT_ENC_IMP_CEMETERY_HISTORY_0">
      <Text></Text>
    </Line>
    <Line Key="TXT_ENC_IMP_CEMETERY_STRATEGY_0">
      <Text>Building a Cemetery will increase {TXT_TRM_HAPPINESS}. Assigning an expert to a cemetery further boosts {TXT_TRM_HEALTH} and {TXT_TRM_HAPPINESS}.</Text>
    </Line>
    <Line Key="TXT_ENC_IMP_CERAMICSHOP_HISTORY_0">
      <Text></Text>
    </Line>
    <Line Key="TXT_ENC_IMP_CERAMICSHOP_STRATEGY_0">
      <Text>As early as the Iron Age, you may research Monument Building, to gain access to the Ceramic Shop. This Improvement specializes in crafting several useful pottery and glass items you can use to benefit your Nation. For example, Ceramic Pots are used to craft a wide variety of Goods, they are also used as a component for multiple Triumphs and can even be consumed as an Amenity.</Text>
    </Line>
    <Line Key="TXT_ENC_IMP_CHEMIST_HISTORY_0">
      <Text></Text>
    </Line>
    <Line Key="TXT_ENC_IMP_CHEMIST_STRATEGY_0">
      <Text>Once you reach the Middle Ages, consider unlocking the Alchemy technology to upgrade your Apothecaries to Chemists. Once built, allows you to Craft more powerful Amenities that boost the Health of your Population.</Text>
    </Line>
    <Line Key="TXT_ENC_IMP_CITADEL_HISTORY_0">
      <Text></Text>
    </Line>
    <Line Key="TXT_ENC_IMP_CITADEL_STRATEGY_0">
      <Text>Upgrade your Fortresses to Citadels once your Nation reaches the Machine Age. The penultimate defensive structure, Citadels provide a powerful defensive boost to your Armies in the same Region. When a Expert is assigned here, it boosts the Siege Defenses for its home City.</Text>
    </Line>
    <Line Key="TXT_ENC_IMP_CITY_HALL_HISTORY_0">
      <Text></Text>
    </Line>
    <Line Key="TXT_ENC_IMP_CITY_HALL_STRATEGY_0">
      <Text>This upgraded version of the Town Center can craft various Recipes and provides a slight boost to {TXT_TRM_HAPPINESS}. City Halls improve city defense by increasing the {TXT_TRM_UNIT_STRENGTH} of all /href:t:Term:term_Army/Forces/Endhref/ within its /href:t:Term:term_Region/Regions/Endhref/. Additionally, each {TXT_TRM_WORKER} assigned to this Improvement boosts {TXT_TRM_CRAFTPRODUCTION}.</Text>
    </Line>
    <Line Key="TXT_ENC_IMP_CITY_WALLS_HISTORY_0">
      <Text></Text>
    </Line>
    <Line Key="TXT_ENC_IMP_CITY_WALLS_STRATEGY_0">
      <Text>This early game defensive Improvement is quite powerful. First, after it has been constructed, the City Walls appear around the City Center – the Region that contains the Gathering Hall, Town Center, or City Hall. The City Walls protect only that Region, but the enemy must first destroy the Walls before they can besiege the City. Second, City Walls boost the Strength for all Forces within the City limits making it a bit easier to defend vs a siege attack.</Text>
    </Line>
    <Line Key="TXT_ENC_IMP_CLINIC_HISTORY_0">
      <Text></Text>
    </Line>
    <Line Key="TXT_ENC_IMP_CLINIC_STRATEGY_0">
      <Text>Clinics promote the quality of life for your population. Once constructed, they provide a boost to City Health, leading to a larger population. Assigning a Expert here will also provide additional Research, per turn, for your Nation.</Text>
    </Line>
    <Line Key="TXT_ENC_IMP_COAL_POWER_PLANT_HISTORY_0">
      <Text></Text>
    </Line>
    <Line Key="TXT_ENC_IMP_COAL_POWER_PLANT_STRATEGY_0">
      <Text>Once you reach the Machine Age, it’s a good idea to quickly research the Electricity technology, which unlocks the Power Plant {TXT_TRM_IMPROVEMENT}. Once built, it generates a modest amount of Power, a crucial element used to boost the productivity of your /href:t:Term:term_City/Cities/Endhref/ and their /href:t:Term:term_Improvement/Improvements/Endhref/. Be aware, generating Power is detrimental to {TXT_TRM_CITY} {TXT_TRM_HEALTH} and {TXT_TRM_HAPPINESS}, so you may need to think about alternative power generators in the future.</Text>
    </Line>
    <Line Key="TXT_ENC_IMP_COBBLER_HISTORY_0">
      <Text></Text>
    </Line>
    <Line Key="TXT_ENC_IMP_COBBLER_STRATEGY_0">
      <Text>Unlocked as early as the Bronze Age, the Cobbler specializes in leatherworking to craft footwear. For example, the earliest item crafted here are Sandals, a consumable that boosts {TXT_TRM_HEALTH} and /href:t:Term:term_CityProduction/Production/Endhref/ when used as an Amenity.</Text>
    </Line>
    <Line Key="TXT_ENC_IMP_COFFEE_HOUSE_HISTORY_0">
      <Text></Text>
    </Line>
    <Line Key="TXT_ENC_IMP_COFFEE_HOUSE_STRATEGY_0">
      <Text>Once you reach the Renaissance Era, build Coffee Houses to gain synergies with other Improvements in the City: Masterpiece Creation Speed is boosted for all Masterpiece Crafters and bonus {TXT_TRM_HAPPINESS} is awarded for each Industry, Government and Culture Improvement. In addition, with each Coffee House, there is an increased likelihood of Artist, Musician and Writer Paragons spawning in your Nation.</Text>
    </Line>
    <Line Key="TXT_ENC_IMP_COMMUNITY_GARDEN_HISTORY_0">
      <Text></Text>
    </Line>
    <Line Key="TXT_ENC_IMP_COMMUNITY_GARDEN_STRATEGY_0">
      <Text>In the Singularity Age, consider upgrading your Plazas to Community Gardens. By doing so, you’ll greatly enhance City {TXT_TRM_HAPPINESS}. Additionally, don’t underestimate the impact of assigning /href:t:Term:term_Worker/Experts/Endhref/ to this {TXT_TRM_IMPROVEMENT} – they can significantly boost {TXT_TRM_PRODUCTION} since the Community Garden can handle multiple /href:t:Term:term_Worker/Experts/Endhref/.</Text>
    </Line>
    <Line Key="TXT_ENC_IMP_DATA_CENTER_HISTORY_0">
      <Text></Text>
    </Line>
    <Line Key="TXT_ENC_IMP_DATA_CENTER_STRATEGY_0">
      <Text>Help your Nation unlock Technologies faster by researching Computers in the Information Age and unlocking the powerful Data Center Improvement. Once constructed, it provides a sizable boost to the Research generated per turn and increases the City Knowledge where it is located.</Text>
    </Line>
    <Line Key="TXT_ENC_IMP_DISTILLERY_HISTORY_0">
      <Text></Text>
    </Line>
    <Line Key="TXT_ENC_IMP_DISTILLERY_STRATEGY_0">
      <Text>Upgrade your Breweries to Distilleries in the Atomic Age. Everything that a Brewery can do, a Distillery can do better. Remember, each Expert assigned here will boost Craft Production, speeding the output of its invigorating Amenities.</Text>
    </Line>
    <Line Key="TXT_ENC_IMP_DOCKS_HISTORY_0">
      <Text></Text>
    </Line>
    <Line Key="TXT_ENC_IMP_DOCKS_STRATEGY_0">
      <Text>Take to the seas as early as the Bronze Age. Research Sails technology and build the Docks Improvement along a {TXT_TRM_CITY} coastline. Once constructed, you can start off by building a Trireme and exploring the Coastal Waters of the world. Later, research Seafaring to launch Galleons from the Docks {TXT_TRM_IMPROVEMENT} and protect your coasts from hostile marauders.</Text>
    </Line>
    <Line Key="TXT_ENC_IMP_DRYDOCK_HISTORY_0">
      <Text></Text>
    </Line>
    <Line Key="TXT_ENC_IMP_DRYDOCK_STRATEGY_0">
      <Text>Beginning in the Renaissance era, you have the option to upgrade your Docks to Drydocks once you unlock the Shipbuilding Technology. This advancement allows you to boost the {TXT_TRM_CITY} {TXT_TRM_PRODUCTION} via the Drydocks Improvement and grants access to more advanced naval Units. It is advisable to construct a Caravel initially; it excels at traversing oceans and discovering new paths that were previously inaccessible due to the deep sea.</Text>
    </Line>
    <Line Key="TXT_ENC_IMP_DWELLING_HISTORY_0">
      <Text></Text>
    </Line>
    <Line Key="TXT_ENC_IMP_DWELLING_STRATEGY_0">
      <Text>To ensure your Cities continued growth, it’s essential to provide Housing for the Population. Constructing Dwellings will increase the available Housing, allowing your Cities to level up.</Text>
    </Line>
    <Line Key="TXT_ENC_IMP_EXHIBITION_HALL_HISTORY_0">
      <Text></Text>
    </Line>
    <Line Key="TXT_ENC_IMP_EXHIBITION_HALL_STRATEGY_0">
      <Text>This structure becomes available once you reach the Enlightenment Era and research Precision Engineering. It serves as a venue where you can proudly display your Nation’s /href:t:Term:term_Masterpiece/Masterpieces/Endhref/. Constructing an Exhibition Hall contributes to the {TXT_TRM_WEALTH} although it has a moderately high Maintenance Cost to keep up with./n/nAssigning an {TXT_TRM_WORKER} to the Hall will earn +1 point toward a Golden Age – periods of exceptional prosperity and advancement, so accumulating these points can lead to significant benefits for your {TXT_TRM_NATION}.</Text>
    </Line>
    <Line Key="TXT_ENC_IMP_FACTORY_HISTORY_0">
      <Text></Text>
    </Line>
    <Line Key="TXT_ENC_IMP_FACTORY_STRATEGY_0">
      <Text>Upon unlocking, the Factory Improvement should become the cornerstone for your industrial efforts. As your Nation advances to the Machine Age, prioritize constructing Factories – they allow you to craft a diverse array of Goods, including Engines and Steel. For optimal results, consider placing a Factory in the same Region as other Industry Improvements; this synergy will significantly enhance Build Production for those buildings.</Text>
    </Line>
    <Line Key="TXT_ENC_IMP_FARM_HISTORY_0">
      <Text></Text>
    </Line>
    <Line Key="TXT_ENC_IMP_FARM_STRATEGY_0">
      <Text>This is one of the four critical Harvesting Improvements, and arguably the most important. When you place a Farm, you start earning Food, which keeps your City Population from stagnating. There are many Natural Resources Harvested by Farms – Wheat, Horses, Dyes, Grapes, Cotton, etc. These Components are used in a ton of Recipes, and some are required to Build or Upgrade Improvements./n/nFood is a component of the Feast Recipe, built in the Gathering Hall, which is a powerful Amenity you can use in the early game to grow your Cities. Build many Farms!</Text>
    </Line>
    <Line Key="TXT_ENC_IMP_FERMENTING_HUT_HISTORY_0">
      <Text></Text>
    </Line>
    <Line Key="TXT_ENC_IMP_FERMENTING_HUT_STRATEGY_0">
      <Text>In the early game, consider constructing the Fermenting Pit Improvement. Once built, it enables you to craft helpful Goods for your Nation. To maximize the effectiveness of the Fermenting Pit as a Crafting Improvement, ensure that you Harvest the necessary resources – such as Cocoa, Sugar, and Grapes – required to manufacture its Goods./n/nFor example, if you have access to Grapes, Wine may be crafted at the Fermenting Pit and used as an Amenity to increase {TXT_TRM_HAPPINESS}. In addition, converting Sugar to Syrup at the Fermenting Pit provides a component your Nation needs to produce Feasts, Festivals, and Gourmet Meals.</Text>
    </Line>
    <Line Key="TXT_ENC_IMP_FISHING_NETS_HISTORY_0">
      <Text></Text>
    </Line>
    <Line Key="TXT_ENC_IMP_FISHING_NETS_STRATEGY_0">
      <Text>The water version of a Farm generates food for your Cities and Harvests Aquatic Resources (like Fish). You need to claim a Coastal Region to use a Fishing Net. There doesn’t have to be a Resource in that Region (like there doesn’t have to be a Food Resource to place a Farm).</Text>
    </Line>
    <Line Key="TXT_ENC_IMP_FLOWER_FIELD_HISTORY_0">
      <Text></Text>
    </Line>
    <Line Key="TXT_ENC_IMP_FLOWER_FIELD_STRATEGY_0">
      <Text>If you are looking to boost {TXT_TRM_HAPPINESS} in the Iron Age, unlocking the Irrigation Technology will give you access to the Flower Field Improvement. Once built, the Flower Field immediately provides a small boost to {TXT_TRM_HAPPINESS} and allows you to Craft Flowers – a Good that further boosts {TXT_TRM_HAPPINESS} when consumed as an Amenity./n/nIf you’re looking to maximize the benefits of this Improvement, assigning an {TXT_TRM_WORKER} here provides an additional increase to {TXT_TRM_AESTHETICS}.</Text>
    </Line>
    <Line Key="TXT_ENC_IMP_FORGE_HISTORY_0">
      <Text></Text>
    </Line>
    <Line Key="TXT_ENC_IMP_FORGE_STRATEGY_0">
      <Text>This Industry Improvement is unlocked in the Renaissance Era after researching Steel Technology. Once constructed, a Forge allows you to craft Steel, a versatile strategic component used to craft a plethora of Goods, Units, Improvements, and Triumphs.</Text>
    </Line>
    <Line Key="TXT_ENC_IMP_FORTRESS_HISTORY_0">
      <Text></Text>
    </Line>
    <Line Key="TXT_ENC_IMP_FORTRESS_STRATEGY_0">
      <Text>In the Medieval Era, upgrade your Watchtowers to Fortresses by researching Stronghold Engineering technology. Once constructed, Fortresses provide a moderate defensive boost to your Armies in the same Region. When a Expert is assigned here, it boosts the Siege Defense for the City.</Text>
    </Line>
    <Line Key="TXT_ENC_IMP_FOUNDRY_HISTORY_0">
      <Text></Text>
    </Line>
    <Line Key="TXT_ENC_IMP_FOUNDRY_STRATEGY_0">
      <Text>In the Renaissance, research the Firearms technology to upgrade your Workshops to Foundries. Once constructed, you may Craft more sophisticated Goods than before, including Compasses and Plows. Placing a Factory in the same Region as other Industry Improvements will boost Build Production for those buildings.</Text>
    </Line>
    <Line Key="TXT_ENC_IMP_FUSION_RESEARCH_CENTER_HISTORY_0">
      <Text></Text>
    </Line>
    <Line Key="TXT_ENC_IMP_FUSION_RESEARCH_CENTER_STRATEGY_0">
      <Text>As you advance into the Age of Singularity, it might seem tempting to overlook further investments in {TXT_TRM_RESEARCH} and {TXT_TRM_EDUCATION} for your {TXT_TRM_POPULATION}. However, that would be a grave error. Instead, consider constructing a Fusion Research Center by delving into Robotics research. Once these centers are established, they propel your {TXT_TRM_NATION} toward victory by generating a substantial amount of {TXT_TRM_RESEARCH} per turn. Additionally, they enhance {TXT_TRM_CITY} {TXT_TRM_EDUCATION} and provide bonus {TXT_TRM_RESEARCH} for each {TXT_TRM_DOM_SCIENCE} and {TXT_TRM_DOM_MILITARY} {TXT_TRM_IMPROVEMENT} within the same {TXT_TRM_REGION} as the Fusion Research Center./n/nThe pursuit of knowledge remains essential, even in the most advanced eras!</Text>
    </Line>
    <Line Key="TXT_ENC_IMP_GENERAL_HOSPITAL_HISTORY_0">
      <Text></Text>
    </Line>
    <Line Key="TXT_ENC_IMP_GENERAL_HOSPITAL_STRATEGY_0">
      <Text>Unlock General Hospitals in the Renaissance by researching the Hospitals {TXT_TRM_TECHNOLOGY}. Once built, they provide a boost to City {TXT_TRM_HEALTH}, which leads to population {TXT_TRM_GROWTH}. Assigning an {TXT_TRM_WORKER} here will also provide additional {TXT_TRM_RESEARCH}, per turn, for your {TXT_TRM_NATION}.</Text>
    </Line>
    <Line Key="TXT_ENC_IMP_GEOTHERMAL_POWER_PLANT_HISTORY_0">
      <Text></Text>
    </Line>
    <Line Key="TXT_ENC_IMP_GEOTHERMAL_POWER_PLANT_STRATEGY_0">
      <Text>As you enter the Age of Singularity, research the Core Tap technology, which grants access to the Geothermal Power Plant. This unique Improvement must be strategically placed on the map. Once operational, it generates Power without contributing to Pollution. While there’s a slight reduction in City Security and City Prosperity, the benefits far outweigh the drawbacks.</Text>
    </Line>
    <Line Key="TXT_ENC_IMP_GRANARY_HISTORY_0">
      <Text></Text>
    </Line>
    <Line Key="TXT_ENC_IMP_GRANARY_STRATEGY_0">
      <Text>Granaries facilitate the growth of Cities and boost its Food stores. Once constructed, they provide a slight boost the City Health, leading to a larger population. But a Granary’s real superpower is its ability to Craft the Grain Store Consumable – when applied as a City Amenity it will contribute +5 Food per turn, for 10 turns. Consider using a Granary’s Grain Store from Grain rich cities to feed your Cities with limited Food options.</Text>
    </Line>
    <Line Key="TXT_ENC_IMP_GREAT_HEARTH_HISTORY_0">
      <Text></Text>
    </Line>
    <Line Key="TXT_ENC_IMP_GREAT_HEARTH_STRATEGY_0">
      <Text>This Improvement marks the Capital City for your Nation. The Great Hearth must be protected at all costs, considering it provides a multitude of benefits for your Nation./n/nIn addition, the Great Hearth crafts Basic Laws, Feasts, and Jewelry consumables. Each provides its own boost when used as a City Amenity, depending on your strategy. To boost the crafting speed at the Great Hearth, consider assigning an Expert here once your City has grown to a larger size.</Text>
    </Line>
    <Line Key="TXT_ENC_IMP_GROCER_HISTORY_0">
      <Text></Text>
    </Line>
    <Line Key="TXT_ENC_IMP_GROCER_STRATEGY_0">
      <Text>Grocers further synergize a /href:t:Term:term_Nation/Nation’s/Endhref/ connection to its Farms. Once constructed, they boost the {TXT_TRM_CITY} {TXT_TRM_HEALTH} and potentially provide massive {TXT_TRM_HARVESTPRODUCTION} gains for any Farm built in the same Region – make sure to build Grocers around Farms in Regions with high Food Yields to maximize their impact. In addition, for every Farm located in the same Region as a Grocer, you gain a slight boost to the {TXT_TRM_CITY} {TXT_TRM_HAPPINESS}.</Text>
    </Line>
    <Line Key="TXT_ENC_IMP_GUILD_STUDIO_HISTORY_0">
      <Text></Text>
    </Line>
    <Line Key="TXT_ENC_IMP_GUILD_STUDIO_STRATEGY_0">
      <Text>As early as the High Medieval Era, you can upgrade your Workshops into Crafting Guilds and gain the ability to craft a wider range of Goods than before. Like Workshops, Crafting Guilds also reduce the amount of time it takes to construct other Industry Improvements in the same Region.</Text>
    </Line>
    <Line Key="TXT_ENC_IMP_GURDWARA_HISTORY_0">
      <Text></Text>
    </Line>
    <Line Key="TXT_ENC_IMP_GURDWARA_STRATEGY_0">
      <Text>/href:t:Term:term_Nation/Nations/Endhref/ that follow Sikhism, have reached the High Medieval Era, and have unlocked /:B/FOUR/r/ /href:t:Term:term_Verse/Religious Verses/Endhref/ may build this /href:t:Term:term_Religion/Religious/Endhref/ {TXT_TRM_IMPROVEMENT}./n/nGurdwaras boost the /href:t:Term:term_ReligionSpreadStrength/Strength/Endhref/ and /href:t:Term:term_ReligionSpreadDistance/Distance/Endhref/ of /href:t:Term:term_ReligionSpread/Religious Spread/Endhref/ within the City where they are constructed.</Text>
    </Line>
    <Line Key="TXT_ENC_IMP_HOTEL_HISTORY_0">
      <Text></Text>
    </Line>
    <Line Key="TXT_ENC_IMP_HOTEL_STRATEGY_0">
      <Text>When your Nation reaches the Atomic Age, make sure to unlock this powerful Commerce Improvement. Once constructed, the Hotel generates substantial Wealth. For even greater Wealth output, prioritize placing the Hotel near Commerce and Culture Improvements.</Text>
    </Line>
    <Line Key="TXT_ENC_IMP_INCINERATOR_HISTORY_0">
      <Text></Text>
    </Line>
    <Line Key="TXT_ENC_IMP_INCINERATOR_STRATEGY_0">
      <Text>The Incinerator is an Atomic Age Improvement that generates Power at the cost of City Health and City Happiness.</Text>
    </Line>
    <Line Key="TXT_ENC_IMP_INDUSTRIAL_FARM_HISTORY_0">
      <Text></Text>
    </Line>
    <Line Key="TXT_ENC_IMP_INDUSTRIAL_FARM_STRATEGY_0">
      <Text>In the Machine Age, upgrade your Irrigated Farms to Industrial Farms. This modern version of the Farm generates the Food needed for your growing Cities and Harvests most Plant and Animal resources on the map. Each Expert assigned to an Industrial Farm increases its Harvest Production rate and boost the City Health where it is located.</Text>
    </Line>
    <Line Key="TXT_ENC_IMP_INDUSTRIAL_FISHING_FARM_HISTORY_0">
      <Text></Text>
    </Line>
    <Line Key="TXT_ENC_IMP_INDUSTRIAL_FISHING_FARM_STRATEGY_0">
      <Text>After researching Synthetic Fertilizers Technology in the Machine Age, you can construct Industrial Fishing Farms. This {TXT_TRM_IMPROVEMENT} enables the harvesting of Natural Resources like Fish, Shellfish, or Whales and generates {TXT_TRM_FOOD} for your {TXT_TRM_NATION}./n/nIndustrial Fishing Farms must be placed in Coastal Waters.</Text>
    </Line>
    <Line Key="TXT_ENC_IMP_INDUSTRIAL_LOGGING_HISTORY_0">
      <Text></Text>
    </Line>
    <Line Key="TXT_ENC_IMP_INDUSTRIAL_LOGGING_STRATEGY_0">
      <Text>An upgraded version of the Sawmill, Industrial Logging Harvests twice as much Timber as its predecessor. Each Expert assigned to the Improvement boosts the Harvest Production rate and the City Craft Production.</Text>
    </Line>
    <Line Key="TXT_ENC_IMP_INDUSTRIAL_MINE_HISTORY_0">
      <Text></Text>
    </Line>
    <Line Key="TXT_ENC_IMP_INDUSTRIAL_MINE_STRATEGY_0">
      <Text>In the Atomic Age, upgrade your Mines to Industrial Mines to double the amount of raw Material produced per Improvement. Remember to Harvest other Natural Resources in the modern era like Uranium, producing valuable glowy rocks you can use to power your Cities or armed Forces.</Text>
    </Line>
    <Line Key="TXT_ENC_IMP_INN_HISTORY_0">
      <Text></Text>
    </Line>
    <Line Key="TXT_ENC_IMP_INN_STRATEGY_0">
      <Text>Once built, an Inn generates {TXT_TRM_COIN} and increases the {TXT_TRM_WEALTH} for its home City, but only if you can keep up with the Food maintenance cost. Additionally, the amount of {TXT_TRM_COIN} produced by an Inn is boosted when it is located in the same Region as other Commerce or Culture improvements.</Text>
    </Line>
    <Line Key="TXT_ENC_IMP_IRRIGATED_FARM_HISTORY_0">
      <Text></Text>
    </Line>
    <Line Key="TXT_ENC_IMP_IRRIGATED_FARM_STRATEGY_0">
      <Text>An upgraded version of the Farm, the Irrigated Farm generates more Food for your City. Placing Experts in this Improvement boost its Harvest Production and the City Health.</Text>
    </Line>
    <Line Key="TXT_ENC_IMP_LIBRARY_HISTORY_0">
      <Text></Text>
    </Line>
    <Line Key="TXT_ENC_IMP_LIBRARY_STRATEGY_0">
      <Text>As early as the Antiquities Era, you can build Libraries to gain an edge in {TXT_TRM_DOM_SCIENCE} and {TXT_TRM_TECHNOLOGY}. Once constructed, Libraries provide a healthy increase to {TXT_TRM_EDUCATION} and provide additional {TXT_TRM_RESEARCH} per turn, helping your {TXT_TRM_NATION} unlock /href:t:Term:term_Technology/Technologies/Endhref/ faster. Assigning an {TXT_TRM_WORKER} here further boosts the {TXT_TRM_RESEARCH} per turn generated by the Library.</Text>
    </Line>
    <Line Key="TXT_ENC_IMP_LIGHTHOUSE_HISTORY_0">
      <Text></Text>
    </Line>
    <Line Key="TXT_ENC_IMP_LIGHTHOUSE_STRATEGY_0">
      <Text>An Iron Age Improvement, the Lighthouse increases the {TXT_TRM_EDUCATION} for its home City and provides an additional {TXT_TRM_MERCHANT} for your Nation to conduct Trade. Assigning an {TXT_TRM_WORKER} to the Improvement will provide additional {TXT_TRM_EDUCATION} as well as boost {TXT_TRM_WEALTH}. /n/n/nLighthouses must be built in Coastal Waters.</Text>
    </Line>
    <Line Key="TXT_ENC_IMP_LUMBER_MILL_HISTORY_0">
      <Text></Text>
    </Line>
    <Line Key="TXT_ENC_IMP_LUMBER_MILL_STRATEGY_0">
      <Text>Main Harvester of {TXT_TRM_WOOD}, a core ingredient. {TXT_ITM_WOOD} is used to construct and support many {TXT_TRM_IMPROVEMENT} and {TXT_TRM_GOOD}./n/nYou will need to construct Logging Camps to build your Nation's infrastructure and to /href:t:Term:term_Crafting/Craft/Endhref/ /i:Crafting/ many cool things - including early sea vessels like the Trireme and the Longship.</Text>
    </Line>
    <Line Key="TXT_ENC_IMP_MEDICAL_LAB_HISTORY_0">
      <Text></Text>
    </Line>
    <Line Key="TXT_ENC_IMP_MEDICAL_LAB_STRATEGY_0">
      <Text>Once your Nation reaches the Singularity Age, you may upgrade your Hospitals to Medical Labs. Once constructed, these late game Improvements provide a significant boost to City Health. Don’t forget to assign a Expert here to gain the additional Research, per turn, for your Nation.</Text>
    </Line>
    <Line Key="TXT_ENC_IMP_MILL_HISTORY_0">
      <Text></Text>
    </Line>
    <Line Key="TXT_ENC_IMP_MILL_STRATEGY_0">
      <Text>The Mill, a potent Antiquities Improvement, excels at enhancing nearby Improvements. When constructed, it boosts the Food output of all Farms in your City by +1. Additionally, any Industry Improvements within the same Region as the Mill receive a moderate boost to their Craft Production.</Text>
    </Line>
    <Line Key="TXT_ENC_IMP_MINE_HISTORY_0">
      <Text></Text>
    </Line>
    <Line Key="TXT_ENC_IMP_MINE_STRATEGY_0">
      <Text>The Mine, unlocked in the Middle Ages, is an upgraded version of the Stone Pit. It’s excellent at Harvesting Materials and other underground Natural Resources like Coal and Gold. Assigning Experts to the Improvement will boost Harvest Production and City Production as well.</Text>
    </Line>
    <Line Key="TXT_ENC_IMP_MINT_HISTORY_0">
      <Text></Text>
    </Line>
    <Line Key="TXT_ENC_IMP_MINT_STRATEGY_0">
      <Text>The Mint is a Commerce Improvement that increases the {TXT_TRM_WEALTH} in a City. The more Prosperous, the more Taxes and {TXT_TRM_COIN} you'll earn without angering your citizens. Additionally, you can craft Coins in the Mint Improvement, which generate additional {TXT_TRM_WEALTH} when used as an Amenity.</Text>
    </Line>
    <Line Key="TXT_ENC_IMP_MONASTERY_HISTORY_0">
      <Text></Text>
    </Line>
    <Line Key="TXT_ENC_IMP_MONASTERY_STRATEGY_0">
      <Text>In the Middle Ages, the Illuminated Manuscripts technology unlocks this potent Religious Improvement. Once built, Monasteries significantly enhance a City’s {TXT_TRM_RELIGION_SPREAD} Strength and boost the creation of Masterpieces for each Culture Improvement within the same Region. Be sure to further amplify a City’s Knowledge by assigning an Expert to the Monastery.</Text>
    </Line>
    <Line Key="TXT_ENC_IMP_MOSQUE_HISTORY_0">
      <Text></Text>
    </Line>
    <Line Key="TXT_ENC_IMP_MOSQUE_STRATEGY_0">
      <Text>/href:t:Term:term_Nation/Nations/Endhref/ that follow Islam, have reached the High Medieval Era, and have unlocked /:B/FOUR/r/ /href:t:Term:term_Verse/Religious Verses/Endhref/ may build this /href:t:Term:term_Religion/Religious/Endhref/ {TXT_TRM_IMPROVEMENT}./n/nMosques boost the /href:t:Term:term_ReligionSpreadStrength/Strength/Endhref/ and /href:t:Term:term_ReligionSpreadDistance/Distance/Endhref/ of /href:t:Term:term_ReligionSpread/Religious Spread/Endhref/ within the City where they are constructed.</Text>
    </Line>
    <Line Key="TXT_ENC_IMP_MULTIMEDIA_STUDIO_HISTORY_0">
      <Text></Text>
    </Line>
    <Line Key="TXT_ENC_IMP_MULTIMEDIA_STUDIO_STRATEGY_0">
      <Text>In the Machine Age research Photography to unlock the iconic cultural improvement – the Movie Studio. Afterwards, you’ll be able to produce a wider range of Masterpieces: Books, Music, Paintings, Statuary and Textiles. Movie Studios boost the {TXT_TRM_AESTHETICS} but reduce {TXT_TRM_WEALTH} when placed in a City. Assigning a Expert here increases {TXT_TRM_AESTHETICS} and triples the Masterpiece creation speed.</Text>
    </Line>
    <Line Key="TXT_ENC_IMP_MUSEUM_HISTORY_0">
      <Text></Text>
    </Line>
    <Line Key="TXT_ENC_IMP_MUSEUM_STRATEGY_0">
      <Text>In the Medieval Era, construct the Museum Improvement to showcase your Nation’s Masterpieces. The Museum’s ability is particularly advantageous for a Culture-focused strategy: it grants bonus {TXT_TRM_PRESTIGE} for each {TXT_TRM_TRIUMPH} built in your Nation./n/nFurthermore, if the Museum is constructed in the {TXT_TRM_CITYCENTER}, it enhances {TXT_TRM_EDUCATION}. Assigning an Expert to the Museum will also generate additional {TXT_TRM_RESEARCH} per turn.</Text>
    </Line>
    <Line Key="TXT_ENC_IMP_NAVAL_BASE_HISTORY_0">
      <Text></Text>
    </Line>
    <Line Key="TXT_ENC_IMP_NAVAL_BASE_STRATEGY_0">
      <Text>In the Machine Age, prioritize upgrading from your Drydocks to Naval Bases. By doing so, you’ll gain the ability to support the most powerful Sea /href:t:Term:term_Army/Forces/Endhref/ in the final Act, from Battleships to Missile Cruisers. Additionally, the presence of a Naval Base will boost the starting experience (EXP) for all Sea /href:t:Term:term_Army/Forces/Endhref/ trained in its home {TXT_TRM_CITY}.</Text>
    </Line>
    <Line Key="TXT_ENC_IMP_NUCLEAR_POWER_PLANT_HISTORY_0">
      <Text></Text>
    </Line>
    <Line Key="TXT_ENC_IMP_NUCLEAR_POWER_PLANT_STRATEGY_0">
      <Text>If you have the Uranium, consider this Improvement for your power needs in the Atomic Era. The Nuclear Power Plant generates a significant amount of Power as well as boosting the City Prosperity and City Health where it is located.</Text>
    </Line>
    <Line Key="TXT_ENC_IMP_OBSERVATORY_HISTORY_0">
      <Text></Text>
    </Line>
    <Line Key="TXT_ENC_IMP_OBSERVATORY_STRATEGY_0">
      <Text>Unlocked in the Medieval Era via Optics Technology, the Observatory significantly increases Research generated per Turn. Science focused Nations should strive to build several Observatories to bolster their Research. This powerful boost they provide should help your Nation unlock Technologies faster.</Text>
    </Line>
    <Line Key="TXT_ENC_IMP_OIL_WELL_HISTORY_0">
      <Text></Text>
    </Line>
    <Line Key="TXT_ENC_IMP_OIL_WELL_STRATEGY_0">
      <Text>Unlocking the secrets of Oil Resource Nodes and then Harvesting them from the map is essential for your Nation’s progress when you reach the Machine Age. The Oil Well diligently extracts this precious resource, however, be prepared: Oil Wells come with a hefty Maintenance cost and will adversely impact City Health. Balancing progress and well-being are the key to success!</Text>
    </Line>
    <Line Key="TXT_ENC_IMP_OPERA_HOUSE_HISTORY_0">
      <Text></Text>
    </Line>
    <Line Key="TXT_ENC_IMP_OPERA_HOUSE_STRATEGY_0">
      <Text>This Atomic Age Improvement improves the likelihood of Musician /href:t:Term:term_Paragon/Paragons/Endhref/ showing up in your {TXT_TRM_NATION}. In addition, the Opera House can showcase /href:t:Term:term_MasterpieceSet/Masterpiece Sets/Endhref/, earning extra {TXT_TRM_PRESTIGE} for your {TXT_TRM_NATION}./n/nDon’t forget to assign an {TXT_TRM_WORKER} to the Opera House – doing so will generate additional {TXT_TRM_CITY} {TXT_TRM_HAPPINESS}.</Text>
    </Line>
    <Line Key="TXT_ENC_IMP_PAGODA_HISTORY_0">
      <Text></Text>
    </Line>
    <Line Key="TXT_ENC_IMP_PAGODA_STRATEGY_0">
      <Text>/href:t:Term:term_Nation/Nations/Endhref/ that follow Shinto or Buddhism, have reached the High Medieval Era, and have unlocked /:B/FOUR/r/ /href:t:Term:term_Verse/Religious Verses/Endhref/ may build this /href:t:Term:term_Religion/Religious/Endhref/ {TXT_TRM_IMPROVEMENT}./n/nPagodas boost the /href:t:Term:term_ReligionSpreadStrength/Strength/Endhref/ and /href:t:Term:term_ReligionSpreadDistance/Distance/Endhref/ of /href:t:Term:term_ReligionSpread/Religious Spread/Endhref/ within the City where they are constructed.</Text>
    </Line>
    <Line Key="TXT_ENC_IMP_PALACE_HISTORY_0">
      <Text></Text>
    </Line>
    <Line Key="TXT_ENC_IMP_PALACE_STRATEGY_0">
      <Text>The Palace has many important functions: it increases your City Cap (the number of Cities your Nation can support without penalty) and it dramatically increases the {TXT_TRM_TAX} Income generated, per Turn. If it is constructed in the {TXT_TRM_CITYCENTER}, it provides a boost to all {TXT_TRM_CITIZEN_STATS} for the {TXT_TRM_CITY} – a powerful ability./n/nYou’ll need to research Masonry before the Palace is unlocked and it is constructed from /href:t:Term:term_Good/Goods/Endhref/ manufactured at other Improvements, but if you can meet those requirements, the Palace is a cornerstone {TXT_TRM_DOM_GOVERNMENT} {TXT_TRM_IMPROVEMENT} for your {TXT_TRM_NATION}.</Text>
    </Line>
    <Line Key="TXT_ENC_IMP_PHARMACIST_HISTORY_0">
      <Text></Text>
    </Line>
    <Line Key="TXT_ENC_IMP_PHARMACIST_STRATEGY_0">
      <Text>In the Atomic Age, invest in researching Pharmacology technology to upgrade from your Chemist to Pharmacy Improvements. Pharmacies significantly enhance City Health compared to Chemists and enable you to craft even more potent Amenities that boost the overall Health of your Population.</Text>
    </Line>
    <Line Key="TXT_ENC_IMP_PLAZA_HISTORY_0">
      <Text></Text>
    </Line>
    <Line Key="TXT_ENC_IMP_PLAZA_STRATEGY_0">
      <Text>As you reach the Renaissance, you may want to consider researching Perspective Art to unlock the Plaza Improvement. Once constructed, this Government building boosts the {TXT_TRM_CITY} {TXT_TRM_HAPPINESS} by a considerable amount, although it has a steep {TXT_TRM_COIN} Maintenance cost. You can assign multiple /href:t:Term:term_Worker/Experts/Endhref/ to the Plaza – each one boosts the {TXT_TRM_PRODUCTION} for the {TXT_TRM_CITY}.</Text>
    </Line>
    <Line Key="TXT_ENC_IMP_PRINTSHOP_HISTORY_0">
      <Text></Text>
    </Line>
    <Line Key="TXT_ENC_IMP_PRINTSHOP_STRATEGY_0">
      <Text>Unlocked by the Printing Press technology during the Renaissance, the Print Shop is able to craft Newspapers, which boost {TXT_TRM_EDUCATION} when consumed as an Amenity.</Text>
    </Line>
    <Line Key="TXT_ENC_IMP_PUBLIC_ART_INSTALLATION_HISTORY_0">
      <Text></Text>
    </Line>
    <Line Key="TXT_ENC_IMP_PUBLIC_ART_INSTALLATION_STRATEGY_0">
      <Text>During the Information Age, consider constructing Art Galleries for your Nation, but beware of their high Maintenance costs. An Art Gallery’s real super-power is to showcase /href:t:Term:term_MasterpieceSet/Masterpiece Sets/Endhref/ for additional {TXT_TRM_PRESTIGE}. Don’t forget to assign an {TXT_TRM_WORKER} to the Improvement, they provide +1 Golden Age Points per Turn.</Text>
    </Line>
    <Line Key="TXT_ENC_IMP_PUBLIC_PLAYGROUND_HISTORY_0">
      <Text></Text>
    </Line>
    <Line Key="TXT_ENC_IMP_PUBLIC_PLAYGROUND_STRATEGY_0">
      <Text>Once you reach the Atomic Age, researching the Leisure Technology unlocks Public Playgrounds. Once built, they significantly enhance {TXT_TRM_CITY} {TXT_TRM_HAPPINESS}, but for even greater impact, assign an {TXT_TRM_WORKER} to this Improvement to boost {TXT_TRM_CITY} {TXT_TRM_HEALTH}.</Text>
    </Line>
    <Line Key="TXT_ENC_IMP_PUBLIC_SCHOOL_HISTORY_0">
      <Text></Text>
    </Line>
    <Line Key="TXT_ENC_IMP_PUBLIC_SCHOOL_STRATEGY_0">
      <Text>The significance of Research and Knowledge cannot be overstated: Science Improvements have played a crucial role in achieving success throughout history. Therefore, when you reach the Antiquities era, it’s worth exploring Scholarship to establish Schools for your Population. Once built, they not only enhance City Knowledge but also provide bonus Research, per turn, for each Science and Military Improvement within the same Region as the School.</Text>
    </Line>
    <Line Key="TXT_ENC_IMP_PUB_ROW_HISTORY_0">
      <Text></Text>
    </Line>
    <Line Key="TXT_ENC_IMP_PUB_ROW_STRATEGY_0">
      <Text>Once your Nation reaches the Early Middle Ages, research Brewing to upgrade from the Inn to the Pub. Once built, this Commerce Improvement generates a significant amount {TXT_TRM_COIN} per turn and increases the {TXT_TRM_AESTHETICS} for its home City. Placement of the Pub is key – the amount of {TXT_TRM_COIN} produced is further boosted when it is located in the same Region as other Commerce or Culture Improvements./n/nAdditionally, Pubs allow you to craft Gourmet Meals, a powerful consumable that used to speed the growth of your Cities.</Text>
    </Line>
    <Line Key="TXT_ENC_IMP_QUARRY_HISTORY_0">
      <Text></Text>
    </Line>
    <Line Key="TXT_ENC_IMP_QUARRY_STRATEGY_0">
      <Text>This Improvement is the primary Harvester of {TXT_TRM_STONE}, an Essential {TXT_TRM_RESOURCES}. Materials represent many different substances from minerals to fibers that are used to construct and support many {TXT_TRM_IMPROVEMENT {#123}} and {TXT_TRM_GOOD {#123}}. Stone Pits also {TXT_TRM_HARVEST} other Natural Resources like Bronze and Gold, producing valuable raw materials like Ingots and Precious Metals for Crafting Amenities or producing Units for your Armed Forces. Be sure to continue building/upgrading Stone Pits as you grow to keep your National output high!</Text>
    </Line>
    <Line Key="TXT_ENC_IMP_RACE_TRACK_HISTORY_0">
      <Text></Text>
    </Line>
    <Line Key="TXT_ENC_IMP_RACE_TRACK_STRATEGY_0">
      <Text>Once the Horseshoes technology is unlocked, you may build the Race Track Improvement. By investing a small amount of {TXT_TRM_FOOD} per turn, the populus will delight in watching the horse races, resulting in increased {TXT_TRM_HAPPINESS}. Additionally, consider placing an {TXT_TRM_WORKER} in the Race Track – this will generate additional {TXT_TRM_COIN} per turn, helping to bolster the national treasury.</Text>
    </Line>
    <Line Key="TXT_ENC_IMP_RADIO_TOWER_HISTORY_0">
      <Text></Text>
    </Line>
    <Line Key="TXT_ENC_IMP_RADIO_TOWER_STRATEGY_0">
      <Text>This Machine Age Improvement increases {TXT_TRM_EDUCATION} but has a moderate {TXT_TRM_COIN} maintenance cost. Placing an Expert in a Radio Tower will provide bonus {TXT_TRM_WEALTH} in the City where it is built.</Text>
    </Line>
    <Line Key="TXT_ENC_IMP_RECYCLING_CENTER_HISTORY_0">
      <Text></Text>
    </Line>
    <Line Key="TXT_ENC_IMP_RECYCLING_CENTER_STRATEGY_0">
      <Text>In the Information Age, you gain access to a remarkable Improvement: the Recycling Center. Unlike conventional Harvesters that need Resource Nodes on the map, the Recycling Center produces Aluminum directly. It also improves {TXT_TRM_CITY} {TXT_TRM_AESTHETICS} for a reasonable Maintenance Cost. Don’t forget to assign an {TXT_TRM_WORKER} to the Recycling Center to generate bonus Aluminum and further boost {TXT_TRM_CITY} {TXT_TRM_HAPPINESS}.</Text>
    </Line>
    <Line Key="TXT_ENC_IMP_REFINERY_HISTORY_0">
      <Text></Text>
    </Line>
    <Line Key="TXT_ENC_IMP_REFINERY_STRATEGY_0">
      <Text>Unlocked by Industrialization as early as the Enlightenment, the Refinery specializes in producing Fuel from natural resources in the world, like Coal, Oil, and Gas. Once constructed, a Refinery causes pollution, reducing {TXT_TRM_HEALTH}.</Text>
    </Line>
    <Line Key="TXT_ENC_IMP_REFLECTING_POOL_HISTORY_0">
      <Text></Text>
    </Line>
    <Line Key="TXT_ENC_IMP_REFLECTING_POOL_STRATEGY_0">
      <Text>This Singularity Age Improvement greatly increases City Security. Each Expert placed within the Reflecting Pool boosts its Masterpiece creation speed.</Text>
    </Line>
    <Line Key="TXT_ENC_IMP_RESEARCH_LAB_HISTORY_0">
      <Text></Text>
    </Line>
    <Line Key="TXT_ENC_IMP_RESEARCH_LAB_STRATEGY_0">
      <Text>In the Machine Age, research the mysteries of General Relativity so you can upgrade your powerful Observatories into awe-inspiring Research Labs. Deploy Experts in the Research Lab to further boost the amount of Research gained by this uber powerful Science Improvement.</Text>
    </Line>
    <Line Key="TXT_ENC_IMP_RESIDENCE_HISTORY_0">
      <Text></Text>
    </Line>
    <Line Key="TXT_ENC_IMP_RESIDENCE_STRATEGY_0">
      <Text>To support the growth of your /href:t:Term:term_City/Cities/Endhref/, it’s crucial to provide {TXT_TRM_HOUSING} for the {TXT_TRM_POPULATION}. Starting in the High Medieval Era with the Architecture Technology, you can upgrade your Dwellings to Residences. This upgrade significantly boosts available {TXT_TRM_HOUSING}, enabling your /href:t:Term:term_City/Cities/Endhref/ to accommodate a larger {TXT_TRM_POPULATION}.</Text>
    </Line>
    <Line Key="TXT_ENC_IMP_SAM_BATTERY_DEFENSE_HISTORY_0">
      <Text></Text>
    </Line>
    <Line Key="TXT_ENC_IMP_SAM_BATTERY_DEFENSE_STRATEGY_0">
      <Text>This Improvement boosts the Strength for Anti-Air Troops stationed in the same Region. SAM Battery Defenses also extend the visibility range for your Nation, giving you early warning of any incoming air raid.</Text>
    </Line>
    <Line Key="TXT_ENC_IMP_SAWMILL_HISTORY_0">
      <Text></Text>
    </Line>
    <Line Key="TXT_ENC_IMP_SAWMILL_STRATEGY_0">
      <Text>An upgraded Logging Camp unlocked by Metallurgy Technology in the Middle Ages. Once built, Sawmills Harvest Timber faster than their predecessors. They have a modest Maintenance cost and each Expert assigned to the Improvement boosts its Harvest Production and the City Craft Production.</Text>
    </Line>
    <Line Key="TXT_ENC_IMP_SHOPPING_MALL_HISTORY_0">
      <Text></Text>
    </Line>
    <Line Key="TXT_ENC_IMP_SHOPPING_MALL_STRATEGY_0">
      <Text>In the Atomic Age, researching Mass Production will allow you to construct Shopping Malls, which can significantly improve your financial output. Each turn they generate a significant amount of {TXT_TRM_COIN} and boost {TXT_TRM_WEALTH}.</Text>
    </Line>
    <Line Key="TXT_ENC_IMP_SHRINE_HISTORY_0">
      <Text></Text>
    </Line>
    <Line Key="TXT_ENC_IMP_SHRINE_STRATEGY_0">
      <Text>Unlocked in the Medieval Era, once built, Shrines moderately boost the City {TXT_TRM_RELIGION_SPREAD} Distance. Assigning an Expert to a Shrine will increase the {TXT_TRM_CITY} {TXT_TRM_WEALTH}.</Text>
    </Line>
    <Line Key="TXT_ENC_IMP_SKYSCRAPER_HISTORY_0">
      <Text></Text>
    </Line>
    <Line Key="TXT_ENC_IMP_SKYSCRAPER_STRATEGY_0">
      <Text>In the Atomic Age, consider upgrading your Residences to Skyscrapers. Doing so will significantly boost the available Housing, enabling your Cities to support a larger Population.</Text>
    </Line>
    <Line Key="TXT_ENC_IMP_SOLAR_POWER_PLANT_HISTORY_0">
      <Text></Text>
    </Line>
    <Line Key="TXT_ENC_IMP_SOLAR_POWER_PLANT_STRATEGY_0">
      <Text>In the Information Age, finishing the research on Sustainable Engineering enables you to build this {TXT_TRM_IMPROVEMENT} and begin harnessing solar energy to produce Power for your {TXT_TRM_NATION}. Although there might be several essential Ingredients you need to Craft before constructing a Solar Power Plant, the benefits should surpass these limitations.</Text>
    </Line>
    <Line Key="TXT_ENC_IMP_STABLE_HISTORY_0">
      <Text></Text>
    </Line>
    <Line Key="TXT_ENC_IMP_STABLE_STRATEGY_0">
      <Text>The Stable is an Improvement that greatly increases the production of all Animal Resources. Animals are extremely useful – they can be Crafted into Food, generate Units for your Armed Forces, or used as Components to construct Improvements and Triumphs. It is not unreasonable to design an entire City around the Harvesting of Animal Resources, building Farms on the Animal Nodes and Stables on the open Improvement Slots.</Text>
    </Line>
    <Line Key="TXT_ENC_IMP_STADIUM_HISTORY_0">
      <Text></Text>
    </Line>
    <Line Key="TXT_ENC_IMP_STADIUM_STRATEGY_0">
      <Text>Upon entering the Information Age, your /href:t:Term:term_City/Cities/Endhref/ may consider building modern Stadium Improvements to entertain your {TXT_TRM_POPULATION}. While these require high maintenance costs, they will substantially boost {TXT_TRM_CITY} {TXT_TRM_HAPPINESS}. Furthermore, assigning an {TXT_TRM_WORKER} to a Stadium will produce additional {TXT_TRM_COIN} per turn, hopefully generating extra tax revenue to help offset the maintenance expenses.</Text>
    </Line>
    <Line Key="TXT_ENC_IMP_SYMPHONY_HALL_HISTORY_0">
      <Text></Text>
    </Line>
    <Line Key="TXT_ENC_IMP_SYMPHONY_HALL_STRATEGY_0">
      <Text>Unlocking Symphonies in the Enlightenment Era grants you access to this Cultural Improvement which produces Music /href:t:Term:term_Masterpiece/Masterpieces/Endhref/. Once constructed, the Concert Hall provides bonus {TXT_TRM_HAPPINESS} for each {TXT_TRM_DOM_CULTURE} {TXT_TRM_IMPROVEMENT} in the {TXT_TRM_CITY}. In addition, it can showcase /href:t:Term:term_MasterpieceSet/Masterpiece Sets/Endhref/, earning extra {TXT_TRM_PRESTIGE} for your Nation.</Text>
    </Line>
    <Line Key="TXT_ENC_IMP_TAILOR_HISTORY_0">
      <Text></Text>
    </Line>
    <Line Key="TXT_ENC_IMP_TAILOR_STRATEGY_0">
      <Text>As early as the High Medieval Era you may want to upgrade from the Weaver to the Tailor – an Improvement that Crafts a wide range of Goods from fabrics and textiles. Once constructed, it also improves {TXT_TRM_HAPPINESS} and {TXT_TRM_WEALTH}.</Text>
    </Line>
    <Line Key="TXT_ENC_IMP_TANNERY_HISTORY_0">
      <Text></Text>
    </Line>
    <Line Key="TXT_ENC_IMP_TANNERY_STRATEGY_0">
      <Text>Unlocked as early as the Bronze Age, the Tannery specializes in crafting leather – a manufactured component used in a plethora of Goods, such as Belts, Musical Instruments, Sandals, and many more.</Text>
    </Line>
    <Line Key="TXT_ENC_IMP_TEMPLE_HISTORY_0">
      <Text></Text>
    </Line>
    <Line Key="TXT_ENC_IMP_TEMPLE_STRATEGY_0">
      <Text>Temples serve various /href:t:Term:term_Religion/Religions/Endhref/, such as Judaism, Bahai, Atenism, Hellenism, Wicca, Asatru, Romuva, Vodou, Tengrism, Isese, Muism, Hinduism, Jainism, and Vedism. Only when the /href:t:Term:term_Nation/Nations/Endhref/ following these Religions have reached the High Medieval Era and have unlocked /:B/FOUR/r/ /href:t:Term:term_Verse/Religious Verses/Endhref/ may build the Temple./n/nTemples boost the /href:t:Term:term_ReligionSpreadStrength/Strength/Endhref/ and /href:t:Term:term_ReligionSpreadDistance/Distance/Endhref/ of /href:t:Term:term_ReligionSpread/Religious Spread/Endhref/ within the City where they are constructed.</Text>
    </Line>
    <Line Key="TXT_ENC_IMP_THEATER_HISTORY_0">
      <Text></Text>
    </Line>
    <Line Key="TXT_ENC_IMP_THEATER_STRATEGY_0">
      <Text>In the Renaissance Era research Musical Theory technology and then upgrade your Amphitheaters to Theaters. They also create Music Masterpieces, but Theaters also increase the likelihood of /href:t:Term:term_ProfessionArtist/Artist/Endhref/, /href:t:Term:term_ProfessionMusician/Musician/Endhref/, and /href:t:Term:term_ProfessionWriter/Writer/Endhref/ /href:t:Term:term_Paragon/Paragons/Endhref/ being spawned in your Nation. Assign a Expert to boost City Prosperity and to double the Masterpiece creation speed.</Text>
    </Line>
    <Line Key="TXT_ENC_IMP_TOPIARY_PARK_HISTORY_0">
      <Text></Text>
    </Line>
    <Line Key="TXT_ENC_IMP_TOPIARY_PARK_STRATEGY_0">
      <Text>Unlocked by the Heavy Plows Technology in the High Medieval Era, Topiary Parks boost {TXT_TRM_CITY} {TXT_TRM_HAPPINESS}. Like the Flower Field Improvement, the Topiary Park allows you to Craft Flowers – a Good that further boosts {TXT_TRM_HAPPINESS} when consumed as an Amenity./n/nDon’t forget to maximize the benefits of the Topiary Park by assigning an {TXT_TRM_WORKER} here to increase {TXT_TRM_HAPPINESS}.</Text>
    </Line>
    <Line Key="TXT_ENC_IMP_TOP_SECRET_MILITARY_BASE_HISTORY_0">
      <Text></Text>
    </Line>
    <Line Key="TXT_ENC_IMP_TOP_SECRET_MILITARY_BASE_STRATEGY_0">
      <Text>This Improvement doesn’t exist. Even if it were real, it wouldn’t logically be unlocked in the Information Age via Drone research – that premise is absurd. The most powerful weapons in the final stages of world history, with extended range, superior strength, and maximum impact, would not be crafted within an imaginary state-of-the-art facility like this. You’ll probably need to explore alternative methods to envision such formidable weaponry.</Text>
    </Line>
    <Line Key="TXT_ENC_IMP_TOWN_CENTER_HISTORY_0">
      <Text></Text>
    </Line>
    <Line Key="TXT_ENC_IMP_TOWN_CENTER_STRATEGY_0">
      <Text>The Town Center is an upgrade from the Gathering Hall Improvement in Act 1. When you found a new city in Act 2, the Town Center becomes the cornerstone building for your City. Once constructed, it slightly increases the City Happiness and if you can assign a Expert here, it will boost Crafting Production for each one placed.</Text>
    </Line>
    <Line Key="TXT_ENC_IMP_TRADING_POST_HISTORY_0">
      <Text></Text>
    </Line>
    <Line Key="TXT_ENC_IMP_TRADING_POST_STRATEGY_0">
      <Text>The Trading Post is an important source of revenue early in the game, but you need to research Currency in the Bronze Age in order to build it. Each turn it provides a moderate amount of Wealth for your Nation. Placing a Expert in the Trading Post will provide additional Wealth.</Text>
    </Line>
    <Line Key="TXT_ENC_IMP_UNIVERSITY_HISTORY_0">
      <Text></Text>
    </Line>
    <Line Key="TXT_ENC_IMP_UNIVERSITY_STRATEGY_0">
      <Text>Once you have the opportunity, upgrade your Public Schools into Universities. They significantly boost City Knowledge and grant a greater amount of bonus Research, per turn, for each Science and Military Improvement in the same Region.</Text>
    </Line>
    <Line Key="TXT_ENC_IMP_VEHICLE_FACTORY_HISTORY_0">
      <Text></Text>
    </Line>
    <Line Key="TXT_ENC_IMP_VEHICLE_FACTORY_STRATEGY_0">
      <Text>Upgrade from an Armory to the Vehicle Factory if you want to be able to produce the latest and greatest Armed Forces, like Airships and Tanks.</Text>
    </Line>
    <Line Key="TXT_ENC_IMP_VILLAGE_HALL_HISTORY_0">
      <Text></Text>
    </Line>
    <Line Key="TXT_ENC_IMP_VILLAGE_HALL_STRATEGY_0">
      <Text>This Improvement is the first building constructed when founding a new City, boosting the {TXT_TRM_UNIT_STRENGTH} for /href:t:Term:term_Army/Forces/Endhref/ that are stationed here to protect it. The Gathering Hall allows you to craft Feasts, Basic Laws, and Jewelry – each {TXT_TRM_LUXURY} providing its own boost, depending on your strategy. Don’t forget to assign an {TXT_TRM_WORKER} here to increase the {TXT_TRM_CRAFTPRODUCTION} rate of these /href:t:Term:term_Luxury/Consumables/Endhref/.</Text>
    </Line>
    <Line Key="TXT_ENC_IMP_WAR_MONUMENT_HISTORY_0">
      <Text></Text>
    </Line>
    <Line Key="TXT_ENC_IMP_WAR_MONUMENT_STRATEGY_0">
      <Text>Build this Improvement as early as the Bronze Age to boost your City Security. Make sure to construct it within the City Center to take advantage of the additional Prestige it generates, per turn, for your Nation.</Text>
    </Line>
    <Line Key="TXT_ENC_IMP_WATCHTOWER_HISTORY_0">
      <Text></Text>
    </Line>
    <Line Key="TXT_ENC_IMP_WATCHTOWER_STRATEGY_0">
      <Text>This Improvement provides a modest Strength boost to your Armies stationed in the same Region. Watchtowers also extend the visibility range for your Nation, clearing more of the Fog, potentially giving you early warning of an enemy attack.</Text>
    </Line>
    <Line Key="TXT_ENC_IMP_WATER_TREATMENT_PLANT_HISTORY_0">
      <Text></Text>
    </Line>
    <Line Key="TXT_ENC_IMP_WATER_TREATMENT_PLANT_STRATEGY_0">
      <Text>In the Machine Age, research the Germ Theory technology to unlock the Water Treatment Plant. Once constructed, your citizens will experience substantial benefits in terms of boosted {TXT_TRM_CITY} {TXT_TRM_HEALTH}.</Text>
    </Line>
    <Line Key="TXT_ENC_IMP_WATER_WELL_HISTORY_0">
      <Text></Text>
    </Line>
    <Line Key="TXT_ENC_IMP_WATER_WELL_STRATEGY_0">
      <Text>This early Improvement increases its City's {TXT_TRM_HEALTH}. Health increases your Population’s {TXT_TRM_GROWTH} rate, so this is a sensible Improvement to construct if you’d like your /href:t:Term:term_City/Cities/Endhref/ to grow faster.</Text>
    </Line>
    <Line Key="TXT_ENC_IMP_WEAVER_HISTORY_0">
      <Text></Text>
    </Line>
    <Line Key="TXT_ENC_IMP_WEAVER_STRATEGY_0">
      <Text>The Weaver Improvement, available early in the game, wields significant power. Weavers enhance {TXT_TRM_CRAFTPRODUCTION}, resulting in a diverse array of /href:t:Term:term_Good/Goods/Endhref/ that serve various purposes for your {TXT_TRM_NATION}: some contribute to {TXT_TRM_CITY} {TXT_TRM_HAPPINESS} as Amenities, while others become essential components for other /href:t:Term:term_Good/Goods/Endhref/ and /href:t:Term:term_Improvement/Improvements/Endhref/./n/nOnce constructed, Weavers have the potential to generate valuable Textile /href:t:Term:term_Masterpiece/Masterpieces/Endhref/, which contribute to your Nation’s {TXT_TRM_PRESTIGE}. However, this only occurs after assigning a {TXT_TRM_PARAGON} to the Weaver./n/nTo maximize the benefits of the Weaver, consider placing an an {TXT_TRM_WORKER} in the {TXT_TRM_IMPROVEMENT}. Experts boost {TXT_TRM_CITY} {TXT_TRM_WEALTH} and accelerate Masterpiece Creation Speed.</Text>
    </Line>
    <Line Key="TXT_ENC_IMP_WINDMILL_HISTORY_0">
      <Text></Text>
    </Line>
    <Line Key="TXT_ENC_IMP_WINDMILL_STRATEGY_0">
      <Text>By tapping into the energy of the wind, you can transform Mills into Windmills during the Renaissance Era, significantly improving the productivity of your infrastructure. Once constructed, a Windmill increases the Food output of all Farms in your Nation by +1 and enhances the Craft Production of all crafting improvements within the same City. As an added benefit, each Industry Improvement located in the same Region as a Windmill receives an extra boost to its Craft Production.</Text>
    </Line>
    <Line Key="TXT_ENC_IMP_WIND_TURBINE_HISTORY_0">
      <Text></Text>
    </Line>
    <Line Key="TXT_ENC_IMP_WIND_TURBINE_STRATEGY_0">
      <Text>Harness the power of wind with this Atomic Age Improvement. Once built, there is a small penalty to City Security and each Turbine is a bit costly to Maintain, but the Production provided is valuable. Don’t forget to assign an Expert to gain additional Production per turn and boost the City Prosperity as well.</Text>
    </Line>
    <Line Key="TXT_ENC_IMP_WORKSHOP_HISTORY_0">
      <Text></Text>
    </Line>
    <Line Key="TXT_ENC_IMP_WORKSHOP_STRATEGY_0">
      <Text>Early in the game, don’t underestimate the impact of this Crafting Improvement. Once you’ve built a Workshop, you gain the ability to create Goods that enhance your Cities. The first type of Good you can produce is Lithic Tools. When used as a City Amenity, Lithic Tools accelerate the construction of new Improvements./n/nFor optimal results, you can position your Workshops in the same Region you plan on constructing other Industry Improvements in the future, such as Docks or Mills. This synergy boosts the speed in which those Improvements are built.</Text>
    </Line>
    <Line Key="TXT_ENC_IMP_ZOO_HISTORY_0">
      <Text></Text>
    </Line>
    <Line Key="TXT_ENC_IMP_ZOO_STRATEGY_0">
      <Text>In the Information Age, you may want to construct the Zoo Improvement, which provides a sizable boost to {TXT_TRM_CITY} {TXT_TRM_HAPPINESS}. Zoos are expensive to operate, requiring a sizable amount of {TXT_TRM_FOOD} to feed its inhabitants and plenty of {TXT_TRM_COIN} to pay its staff.</Text>
    </Line>
  </Locale>
</GameText>
