<?xml version="1.0" encoding="UTF-8"?>
<GameText>
  <!--This is a generated file.  Do not edit this file.  Edit the original source file and regenerate-->
  <Locale ID="en">
    <Line Key="TXT_ENC_NTN_ABBASID_CALIPHATE_HISTORY_0">
      <Text>A “caliph" is the ruler of the Muslim community. "Caliphate" is that ruler's territory. The Abbasid Caliphate was the third Islamic Caliphate following the death of the Prophet Muhammad. It succeeded the Umayyad Caliphate, which it partly overthrew. The leaders of the new Caliphate claimed lineage from the uncle of the Prophet: al-Abbas./n/nThe Umayyad Caliphate focused largely on the Mediterranean coast, winning territory in North Africa and southern Europe. The Abbasid looked east and moved the capital to the new city of Baghdad./n/nThe Abbasids did little to expand the Umayyad Caliphate's territory, which was already massive in size. The empire owned Spain and Portugal, North Africa, The Middle East, half of Türkiye, all modern Iraq and Iran, Pakistan, and Afghanistan./n/nThe period of Abbasid rule from 750 to 1258 is known as the Islamic Golden Age. The Caliphate were strong believers in education and the gathering of knowledge. They established the "House of Wisdom" – a university open to all, Muslim and non-believer. Many great works were translated into Arabic and from Arabic to other languages./n/nThe Caliphate's scholars and artists made great advancements in many areas of human endeavor – mathematics, medicine, astronomy, theology, biology, art, architecture, and more. They invented windmills, caravels, and kerosene (among other things) and got papermaking and explosives from China and passed it along to Europe./n/nOf course, location is everything. The Caliphate sat squarely between Europe, Africa, and Asia. They learned from everybody and got a cut of everything that Merchants carried between the various areas./n/nPolitically, the Abbasids were less effective. After some early military successes, the Caliphate's territory was larger than it could effectively manage, and local powers gained a lot of autonomy. The Umayyads controlled al-Andalus (Spain), the Idrisids controlled Morocco, Southern Italy went to the Aghlabids, Egypt to the Fatimids, and so forth./n/nUltimately, the empire was too weak to protect itself. The Iranians and Turks captured the capital within a hundred years (945 and 1055). Two hundred years later, in 1258, the Mongols sacked Baghdad and executed the Caliph. The leadership wisely relocated to Cairo, and the Caliphate's power was mostly limited to religious authority over Muslims, while real power resided in the local warlords and kings. The Caliphate survived at least in name for another 250 years.</Text>
    </Line>
    <Line Key="TXT_ENC_NTN_ARGENTINA_HISTORY_0">
      <Text>Argentina is a country situated in South America. During Pre-Columbian times, the territory was inhabited by dispersed Indigenous groups. Around 1480, the northwestern territory was conquered by the growing Inca Empire./n/nItalian explorer Amerigo Vespucci arrived at the territory around 1502. In 1536, Pedro de Mendoza established the settlement of Buenos Aires; however, it did not last long, dissolving in 1541. The region was placed under the Governorate of the Río de la Plata. Different provinces emerged including the re-establishment of Buenos Aires in 1580. In 1776, after a few changes to the provincial administration, the Spanish Empire then renamed the region the "Viceroyalty of the Río de la Plata " with Buenos Aires as its capital./n/nBeginning in 1810, Argentinians launched an eight-year battle for independence. On July 9th of 1816, the Declaration of Independence was formalized while the wars continued. Bernardino Rivadavia was elected the first president of Argentina in 1826. After their independence, Argentina saw many years of civil wars. The Argentine Confederation was formed in 1831 when the provinces were organized into a confederation, but Buenos Aires seceded temporarily. By 1861, Argentine statesman Bartolomé Mitre unified the two regions and was named president of unified Argentina. Over the next few decades, Argentina worked under a federal government, saw an influx of immigration from Europeans, economic growth, territorial expansion, an increase in literacy, and more. Under the leadership of Hipólito Yrigoyen (1916-1930) Argentina saw social and economic reforms. Yrigoyen was taken out of power by a coup and replaced by José Félix Uriburu./n/nIn 1945, after a complicated coup, military strongman Juan Perón came to power. He was an advocate for women’s suffrage, paid the country’s external debt, advocated for better wages and working conditions. He was also known for targeting anyone who was deemed a threat to his power. In 1955 he was forced out of his power but was reelected president in 1973 with his third wife Isabel Perón as his vice president. After his death, Isabel Perón served as president from 1974-76, the first woman in Argentina to hold the title of President. She was replaced by a military government and the country faced wars both at home and abroad. Reynaldo Bignone began the process to transition the government back to democracy. In 1983, Raúl Alfonsín was elected president of the country, and as of 2023, Argentina remains a democratic governance.</Text>
    </Line>
    <Line Key="TXT_ENC_NTN_ASSYRIAN_EMPIRE_HISTORY_0">
      <Text>Assur (the original city-state of Assyria) was settled sometime before 2500 BCE, probably as a part of Sumer. An ancient document that lists all Assyrian Kings tells us that Tudiya was the first monarch and was succeeded by Adamu, Yangi, and then Suhlamu./n/nFounded by Sargon the Great, Assyria was part of the Akkadian Empire for three centuries until it was destroyed by barbarians in 2154 BCE. In 2112 BCE, Sumeria briefly re-emerged as a power, dominating the region until their fall in 2050 BCE. Assyria emerged as the biggest and strongest Nation in the neighborhood./n/nAt its height, the Empire ruled what would become Armenia, Bahrain, Cyprus, Iraq, Egypt, Lebanon, Israel, Syria, Jordan, Kuwait, chunks of Türkiye, Iran, Saudi Arabia./n/nAssyrian armed forces were well-led, disciplined, carried the latest technology, and were supported by an effective engineering corps that knew how to build roads and make and use siege equipment./n/nSargon II (reigned 721-705 BCE) crushed many rebellions. Sennacherib, son of Sargon II (reigned 705-681 BCE), featured in the Bible, rebuilt Nineveh, beautified the city, constructed a "splendid new palace," and eight miles of city walls. Some say he constructed the famous "Hanging Gardens of Nineveh," and improved Assyria's bronze casting technology./n/nThe Assyrians worshipped a raft of gods and goddesses. Ashur was the god of the city of Ashur, later promoted to lead god of the pantheon. The king was the high priest, interceded with the heavens on behalf of the populace, and went there when he died./n/nHardly any Assyrian art or literature survives due to the heaviness and fragility of clay. There were said to be over 30,000 clay tablets in the library of Ashurbanipal accounting omens, prophecies, and the lives and victories of the Assyrian kings./n/nThe Empire was torn apart by a fifteen-year civil war. In 609 BCE they were conquered by the Median Empire, which fifty years later was conquered by Persia under the leadership of Cyrus the Great./n/nAssyria had a long, successful run as an Empire conquering people and land, building, and destroying cities, and making their mark on history.</Text>
    </Line>
    <Line Key="TXT_ENC_NTN_AUSTRALIA_HISTORY_0">
      <Text>The first traces of indigenous populations in the region date back to about 40,000 BCE. There were two main indigenous groups – the Australian Aboriginal peoples and the Torres Strait Islander peoples. The landing of the Dutch East India company on Australian soil, led by Willem Janzsoon, is considered the first recorded landfall by Europeans. The western and northern coasts were named “New Holland” by Dutch seafarer, Abel Tasman./n/nIn 1770, British Captain James Cook mapped the east coast of the country referring to it as “New South Wales.” Nearly two decades later, in 1788, navy captain Arthur Phillips arrived at Botany Bay to create a penal establishment but moved the settlement to Sydney Cove on January 26th, 1788. Phillip was named the first governor of New South Wales. Lachlan Macquarie served as the last autocratic governor from 1810 to 1821, leading the colony to significant social and economic growth. Six colonies sprouted from the territory./n/nThe colonies unified in 1901 under The Commonwealth of Australia with Edmund Barton as their first Prime Minister. Canberra was founded and assigned as the new capital of the country. Despite being an independent country, Australia was still under partial British control. One of the first laws passed was the Immigration Restrictions Act of 1901, which was part of the White Australia policy. This restricted Asian immigration into the country./n/nAustralia supported the British in World War I by providing them with troops. Following the war, Australia became an independent sovereign nation through the Statute of Westminster, declared in 1931 and ratified in 1942. During World War II, Australia followed Great Britain’s lead and declared war against Germany in 1939./n/nAfter WWII, the Liberal Party had a stronghold on Australian politics until about 1972. They promoted a major European immigration movement ending the White Australia policy in 1973. In 1986, the Australia Act finally released Australia from all British control./n/nThe indigenous populations across Australia suffered massive loss of territory, rights, and life throughout the centuries after the first European encounter. In 2008, the Australian government apologized to the indigenous peoples of Australia for past injustices. This was a significant step in the fight for indigenous rights across Australia; however, the work is not done./n/nAustralia continues to grow and prosper and is the home of scientist Howard Florey. He was a key player in the development of penicillin, an antibiotic treatment which has saved countless lives.</Text>
    </Line>
    <Line Key="TXT_ENC_NTN_AZTEC_EMPIRE_HISTORY_0">
      <Text>Mesoamerica (one of the greatest and most recognizable ancient civilizations) is a lush, green region that empires like the Olmec, Maya, Toltec, and Aztec all flourished in. In 1325, a tribe of northern refugees wandered into Central Mexico and were allowed to settle on islands in Lake Texcoco. Here, they excelled at land reclamation and created rich, fertile farmland that became the village (and later metropolis) of Tenochtitlán, seat of the Aztec Empire./n/nIn 1427, at the age of 47, Itzcoatl was elected Tlatoani of Tenochtitlán and created a “triple Alliance” with the rulers of Texcoco and Tlacopan, two other city-states. They would become the three main cities of the Aztec Empire. Itzcoatl established the “Flower Wars” which were fought between the Aztecs and surrounding states to capture warriors which would be used as tribute sacrifice to appease their gods./n/nItzcoatl changed the history of the Aztec Empire by ordering the burning of all records including Aztec history so they could be rewritten. His goal was to represent their history in a way that favored the god Huitzilopochtli and his involvement in the creation of Aztec people. In addition, he massively expanded the empire, placed his efforts on improving their cities, and more./n/nAfter his death, Itzcoatl was replaced by Moctezuma I and later Moctezuma II (ca. 1466 – 1520), who was the last true Aztec Emperor. He expanded southward through conquest and strengthened the nobility and weakened the commoners, losing support from many of his subjects./n/nIn 1519, the Yucatan peninsula received 630 Spaniards and one Conquistador Hernán Cortés who burned his boats to keep his men from deserting, formed an alliance with the Totonacs, and headed inland with a mixed army to conquer or die. After winning a few battles along the way, Cortés marched into Tenochtitlán. Despite their smaller numbers, Cortés promptly took Moctezuma prisoner in his own palace. The Aztecs rioted and drove Cortés back to the coast. Unfortunately, diseases like smallpox, carried by the Spaniards, killed a significant part of the Indigenous population. Meanwhile, Cortés regrouped, allied with other tribes, and returned with a massive army. His forces along with the growing arrival of European colonizers led to the death of Indigenous communities, the deterioration and loss of entire cultures, and the stealing of wealth from the Aztec Empire, much of which was sent back to Europe.</Text>
    </Line>
    <Line Key="TXT_ENC_NTN_BELGIUM_HISTORY_0">
      <Text>Belgium resides in the north-west corner of Europe. It was part of what the Romans called "Gaul" until Julius Caesar conquered the region around 58 BCE. The area would be split between the Roman Provinces of Gallia Belgica and Germania Inferior./n/nEventually Rome fell. Nearly 1500 complex years of European history passed as Frankish and Germanic kingdoms traded Belgium back and forth. It was under Merovingian control, then the Carolingians. When that ended, the country was divided between Lothringia and West Francia. Then the Holy Roman Empire took over. Later the country was claimed by Spain, the Austrian Empire, and France. After Napoleon fell in 1814, the area including Belgium and the Netherlands was unified into a single polity: the United Kingdom of the Netherlands. In 1830 the Belgians declared independence as both regions had different visions for the political and economic development of their territory. This declaration of independence established the Belgian Kingdom. The Netherlands attempted to invade Belgium; however, Belgium remained a free country./n/nIn the 19th and early 20th centuries, Belgium became a surprise colonial power. They elected a Liberal government in 1847 which quickly industrialized the region. This led to economic prosperity and gave Belgium more importance at an international level. In 1885, King Leopold II of Belgium took control over the Congo Free State. Under his rule, the people of Congo greatly suffered. In 1908, the Belgian government took Leopold’s control of Congo away, but Belgium continued to rule Congo until 1960./n/nIn 1914, World War I happened. Germany invaded Belgium, sweeping into France through Belgium and Luxembourg. During the battle, the Germans instituted a terror campaign against Belgian civilians. After a couple of months’ battle, the country was overrun and the French, British, and surviving Belgian forces retreated into France. Germany held Belgium until an armistice was called in 1918. Twenty years later, during World War II, Belgium met a similar fate: Germany occupied Belgium once more but was liberated by the Allies in 1944./n/nBelgium became a founding member of the European Union in 1993 and in 1999, Belgium adopted the Euro as their form of currency. Belgium is a beautiful, multi-cultural country sitting astride the cultural divide between French and Germanic Europe. It is loaded with castles and parks and quaint old cities, and its capital, Brussels, is a beautiful mixture of new and old architecture and now serves as the headquarters of the European Union.</Text>
    </Line>
    <Line Key="TXT_ENC_NTN_BYZANTINE_EMPIRE_HISTORY_0">
      <Text>In the second century CE, Rome controlled much of Europe and virtually the entire Mediterranean basin. Many of the rich, urbanized portions of the Empire were in the east, far from Roman oversight: too big to manage. So, in 330, Constantine moved the capital to the city of Byzantium to Constantinople (later named Istanbul.)/n/nChristianity was legalized after Constantine moved the government east and Greek replaced Latin as the official language of the Byzantine government. Meanwhile, the western portion of the old empire was riding a struggle bus driven by Attila the Hun. Threatened Byzantines, both east and west, had to pay him off to stop the turmoil. By 480, much of the western empire was lost to Germanic tribes and other invaders./n/nIn 518, Justin I became Emperor of Byzantium. Under him and his successors, the empire recaptured much of what was lost in the west booting the Vandals out of North Africa, and snatching much of Italy back from the Goths. The Byzantines and various Germanic forces would fight over Italy and Western Europe for the next few centuries. Meanwhile on the Eastern edge of the Empire, the Byzantines engaged in a decades-long border war with Persia./n/nOver the course of its long history, Byzantium was a strong supporter of Christianity, the arts, and science. Byzantine artwork and literature were specialized in manuscripts, wood panels, and mosaics and were largely religious in nature. In 360, the Empire constructed the Hagia Sophia in Constantinople, advanced the study of hydraulics and physics, reformed the legal system, and greatly improved the practice of medicine./n/nIn the 13th century, Constantinople was sacked during the Fourth Crusade. The Crusaders had organized an attack to capture Muslim controlled Jerusalem, but the Crusaders sacked Constantinople instead, deteriorating the Empire. In 1453, the Ottoman Empire conquered Constantinople and canceled the Byzantine Empire until further notice. The Empire survived the fall of the Roman Empire through the Middle Ages.</Text>
    </Line>
    <Line Key="TXT_ENC_NTN_CELTS_HISTORY_0">
      <Text>The Celts, or Celtic peoples, were a group of hundreds of Indo-European tribes spread across western Europe, most likely originating from the areas near the Danube River. The origins of the Celts are debated, but the archeological evidence found in Hallstatt, Austria links them to the Hallstatt culture from the Bronze and Iron Age. From this point, most tribes migrated to the west and south of Europe, crossing all the way into the island territories in the west. Eventually they would spread east as well. At the height of their expansion efforts, estimated to be between 500 BCE and 100 BCE, the Celts were considered one of the largest groups of people spread across Europe./n/nResearching and learning about the history of Celts can be complicated, as archeological evidence proves their existence since 1200 BCE, but there is little written evidence of their existence until the 7th and 8th centuries. The available records come mainly from Greco-Roman sources created by Greek and Roman historians, writers, and politicians. These writings reveal that the Greeks and Romans saw them as barbaric compared to their own societies./n/nThe Celts were considered to be fierce and sometimes ruthless warriors. Throughout their history they battled neighboring tribes for loot, to establish social hierarchy, or to conquer their neighbors. They battled the Etruscans, defeated them, and took over the territory in Po Valley located in Italy. Most notably, the mighty Celts faced the Romans during the Roman Empire’s expansion efforts. This included Julius Caesar's campaign against the peoples of Gaul during the Gallic Wars (58 BCE-50 BCE). The Celts ultimately fell to the unstoppable Roman army. Unfortunately, as a result, Celtic art, culture, and religion were significantly impacted with a large portion of it being destroyed. The tribes residing in Ireland and Britain retained more of their heritage for longer as they had the advantage of an ocean between them and their enemies. By the 3rd century BCE, the Celts were massively defeated by the Romans. The Celts’ final battles against the Romans took place in 43 CE when the Romans conquered Britain. Celts in other areas of Europe were defeated by the Slavs, the Huns, and other Germanic tribes during the Migration Period. This forced them to disperse and assimilate into the new groups which took over their territory./n/nThe Celts were often misrepresented as barbaric, dangerous peoples; however, this is far from the truth. They formed complex societies which shared similar languages, religions, and culture which have left a lasting impact across Europe. In fact, Celtic culture is alive and well, especially in northwestern Europe—this is thanks to the Celtic Revival of the 19th and 20th century. Art, music, and literature were key elements to this revival and remain an essential part in celebrating Celtic heritage.</Text>
    </Line>
    <Line Key="TXT_ENC_NTN_CHEROKEE_HISTORY_0">
      <Text>The origins of the Cherokee are uncertain but oral tradition typically points their origins to the north of the United States in Iroquois territory. From this point they migrated to the southeastern portion of the country. Before encountering Europeans, the Cherokee, who refer to themselves as Anigiduwagi, were a confederacy focused on hunting, warfare, and agriculture. They had stone knives, axes, and chisels, clay pottery and log cabins with bark roofs, grew corn, beans, and squash, and hunted deer and elk for food and leather./n/nThe first European contact was in 1540 when Spanish conquistador Hernando de Soto and his men encountered the Cherokee in the southeastern United States. The British and the French also encountered these Indigenous people upon their arrival. The encounters brought along alliances, wars, and the introduction of infectious diseases. These interactions shrunk Cherokee territory and population significantly./n/nThe discovery of gold in the region increased tensions between the United States and the Cherokee. In 1835, the Treaty of New Echota was signed which ceded Cherokee territory east of the Mississippi and pushed the nation to the west. A majority of the nation’s people refused the terms of the treaty and the relocation. United States President Andrew Jackson ordered their forceful removal from their land and into relocation camps while their home was destroyed. The Cherokee were relocated at gunpoint, dying through starvation, exhaustion, exposure, and disease. The forceful removal and transport of Indigenous peoples, including the Cherokee, would be named the Trail of Tears. In 1846 the Cherokee and the United States signed a treaty establishing the Cherokee as one nation and their reservation in Oklahoma would become their official territory./n/nThe Cherokee began rebuilding their shattered world in Oklahoma with Tahlequah named as the capital. They built government buildings, education centers, religious centers, homes, and businesses. Despite their progress, the Nation continued to face countless adversities with little support from the United States government. In 1970, The Cherokee Nation was given the right to elect their Principal Chief. In 1985, Wilma Mankiller was the first female to ascend to the position of Principal Chief. Under her leadership, the nation grew from 60,000 members to nearly 170,000. Her work focused on improving access to water, education, and land management for her people./n/nToday, the Cherokee remain a sovereign authority over the Reservation which continues to serve and protect Cherokee people.</Text>
    </Line>
    <Line Key="TXT_ENC_NTN_CHINA_HISTORY_0">
      <Text>China occupies a large section of Eastern Asia and more than 4,000 years of world history. A population of approximately 1.4 billion people, China is a remarkable country filled with rich history and culture./n/nThe earliest Chinese dynasty (Xia) appeared around 2100 BCE, succeeded by the Shang dynasty, then replaced by the Zhou. During the Warring States Period, seven states fought incessantly for 200 years, until Ying Zheng, the Qin state ruler, methodically conquered every other state and declared himself Qin Shi Huang, First Emperor of Qin./n/nQin Shi Huang brought some significant change to the region. He created a national legal system, standardized writing, currency, weights, measures, and more. Unfortunately, Qin was not very popular with his subjects, and his dynasty barely outlasted his death./n/nThe Han dynasty emerged as Qin's replacement for 400 years, followed by the Three Kingdoms period, the Five Barbarians, the partition of China and later reunification, the Sui, Tang, and Song dynasties. Confucianism appeared around 500 BCE and Buddhism followed about 600 years later. Then, the Mongols under Genghis Khan took over everything. Kublai Khan's Yuan dynasty was succeeded by the Ming dynasty. During this period military expeditions expanded the Empire and conquered nearby countries./n/nThe Qing Dynasty was the last imperial dynasty of China until it was overthrown and replaced in 1912 by the Republic of China. In 1949, the People’s Republic of China was established with Mao Zedong as its leader. Under Mao’s power, China turned into an international leading power which implemented basic healthcare, improved education, women’s rights, and land reform, and expanded on technology. Remarkable modernization continued making China a 21st century superpower./n/nIn an article like this, we must note some of the many world-changing Chinese inventions. The "Big Four": papermaking, printing, gunpowder, and the compass.</Text>
    </Line>
    <Line Key="TXT_ENC_NTN_CROW_NATION_HISTORY_0">
      <Text>The Crow people, who also refer to themselves as Apsáalooke, are based out of the state of Montana in the United States. Their official name is The Crow Tribe of Indians, and they reside on their own reservation. The Indigenous group eventually known as the Crow Nation first settled near Lake Erie. From there they migrated to Manitoba, North Dakota, and eventually settled in Montana, due mostly to the encroaching Očhéthi Šakówiŋ (also known as the Sioux), and Cheyenne tribes. In turn, the Crow battled the Shoshone from Montana upon arrival. Over time the Crow settled much of the Yellowstone and Musselshell River basins and sections of the Northern Plains into Montana and Wyoming./n/nThe Crow settled down to a more nomadic lifestyle and eventually divided into four groups, the Mountain Crow, the River Crow, Kicked in the Bellies, and the Beaver Dries its Fur. The Crow, along with other Plains Indian tribes quickly embraced the horse and made it an asset to their hunting and warfare. They became horse breeders, traders, and sellers. Unfortunately, this made them a target for their enemies, the Blackfoot Confederacy./n/nDuring the 18th century, the Crow were pushed further west and remained rivals against the Cheyenne and the Očhéthi Šakówiŋ. The Treaty of Fort Laramie of 1851 declared the boundaries of Crow land, but their enemies continued to push into their boundaries, raising the tensions even higher. As a result, the Crow Nation allied with the United States military during the Plains wars of the 1860s and 70s. One of the most significant battles, the Great Sioux War of 1876-77 ended in the defeat of the longtime Crow enemies, the Očhéthi Šakówiŋ, and their Cheyenne allies./n/nIt is important to note that the Crow Nation, like other Indigenous tribes of the territory, were severely impacted by the introduction of infectious diseases and displacement from colonizers./n/nIn 1918, the Crow organized an event for them to display their culture and traditions and invited members of other tribes to visit and participate. The Crow have maintained many of their historic traditions, proudly displayed during the annual Crow Fair and Rodeo. This tribal-wide party includes a parade, rodeo, dancing, and over 40,000 visitors.</Text>
    </Line>
    <Line Key="TXT_ENC_NTN_EGYPT_HISTORY_0">
      <Text>As far back as 5000-6000 BCE, Egypt’s settlers were largely farmers, measuring their lives by the ebb and flow of the Nile River that stretched from deep in Africa to the Mediterranean Sea. Egypt’s northern portion (near the Mediterranean) is known as "Lower Egypt," while the southern portion is "Upper Egypt." The first kingdom of a unified Upper and Lower Egypt (“First Dynasty”) was founded around 3100 BCE (predating writing). Tradition says the first king was named Menes, who founded Memphis, the kingdom's capital./n/nEgypt went through 30 Pharaonic dynasties between the Old, Middle, New, and Late New Kingdoms…plus Intermediate Periods between./n/nEgyptians had a magnificent religion full of barges carrying the sun and animal-headed deities, including the Pharaohs (government officials often served as priests). Egyptian funerary rites were elaborate, and the bodies of important people were carefully mummified for the journey to the afterlife./n/nShortly after Pharaoh Khufu (aka, "Cheops") constructed the Great Pyramid complex as his tomb, the Great Sphinx was built to honor the pharaoh Khafre (who constructed the Second Pyramid at Giza). These undertakings required sophisticated construction techniques, mastery of logistics, and excess national wealth. Surviving ancient Egyptian art and architecture are usually found in and around these tombs./n/nIn the first millennium BCE, Egypt experienced increasing pressure from the southern Nubians, the eastern Assyrians, and Babylonians, and eventually Persia which conquered Egypt in 525 BCE./n/nIn 332 BCE, Alexander the Great liberated the Egyptians from the Persians. After Alexander died, Ptolemy (one of his generals) became Pharoah. The Ptolemaic dynasty lasted 300 years, ending with Cleopatra VII. After her death, Egypt became a province of the Roman Empire./n/nEgypt remained under Roman (and later Byzantine) control until the Rashidun Caliphate took control in the 7th century CE. They were succeeded by the Ummayads, Abbasids, and Fatimids. Saladin and the Ayyubids controlled Egypt from 1174 – 1251. In 1251 the Mamluks overthrew the Ayyubids and set up their own empire. In 1258, the Mongols sacked Baghdad, leading Cairo to become the center of the Muslim world. Egypt passed hands from the Ottomans (1517) to Napoleon Bonaparte (1798) to Muhammed Ali (1805), and the British (1882). In 1922, Egypt gained its independence.</Text>
    </Line>
    <Line Key="TXT_ENC_NTN_ENGLAND_HISTORY_0">
      <Text>England shares the island of Great Britain with Scotland and Wales. Protected from cold winters at the end of the Gulf Stream, England is a pleasant, green land of rolling hills. The Thames River runs along the bottom third of the country and alongside the sprawling city of London./n/nThe Celts ambled onto Great Britain during the Iron Age, pushing the previous inhabitants into Ireland, Wales, and Scotland. The Romans came conquering in the first century BCE. followed by the Germanic Anglo-Saxons who took over (King Arthur fought the invaders…probably fictionally.) The new rulers invited their relatives. Everyone set up rival kingdoms. The population started Christianizing in the 7th century./n/nIn 787, the Vikings became the new enemies. The English and Danish kings traded territory for 300 years. In 1066, William of Normandy (French Kingdom) invaded and beat the Anglo-Saxon army at the Battle of Hastings, took over England and conquered Ireland too./n/nThe Norman nobility fought for England /:I/and/r/ France. King Richard I rarely showed up in England. His annoying heir, King John, was forced to sign the /:I/Magna Carta,/r/ limiting the monarchy's power./n/nMore history. More kings. The (longer than) Hundred Years' War with France. Henry VIII married and executed wives, broke up with the Catholic Church, and reconquered Ireland. Queen Elizabeth claimed virginity and supported William Shakespeare. In the 17th century, England united with Wales, then Scotland, unifying Great Britain. Largest, richest, and strongest in the union, England remained dominant./n/nIn between all of this, England began colonizing territories further away from home such as India, creating overseas empires. In the 19th century England fought Napoleon Bonaparte and Germany in the 20th– twice./n/nEngland has a long, respected literary tradition and has claimed many inventions. They claim the invention of the reflecting telescope, steam engine, Bessemer process for making steel, chocolate bar, and the game of cricket.</Text>
    </Line>
    <Line Key="TXT_ENC_NTN_ETHIOPIA_HISTORY_0">
      <Text>Ethiopia is a landlocked country located in the Horn of Africa, known for its rich and extensive history. While the country’s origins have been traced back to millions of years ago, D’mt is recognized as the region’s first major kingdom. D’mt was known for its impressive trade and agriculture. Around the 4th century BCE, the kingdom grew weak and broke off into smaller states. These territories then united in the 1st century CE under the state of Aksum, also spelled Axum. The Aksumite Empire grew into a major commercial powerhouse. Around 330 CE, King Ezana made Christianity its state religion, and under King Kaleb, Aksum reached the height of its territorial expansion and power./n/nBeginning during the 6th century, the Aksumite Empire declined due to Persian and Arab invasions which heavily impacted Aksum’s trade. The Zagwe Dynasty appeared around the 11th or 12th century and was overthrown in 1270 CE by Yekuno Amlak which established the Solomonic Dynasty. This was followed by the “Age of Princes” where warlords and local figureheads held power, not the emperor. The instability of this fragmented region opened the door for Egypt to attack Ethiopia; however, Ethiopia came out victorious in battle./n/nUnder King Menelik II’s rule in the 19th century, Ethiopia grew stronger, and its borders were established, but tensions with Italy led to the Battle of Adwa. Ethiopia came out victorious. Haile Selassie took over in the 20th century with the goal of modernizing the country. A second Italian invasion hit Ethiopia by storm, but they successfully fended off their invaders with the help of Selassie’s leadership and British allies. After Ethiopia’s victories, Haile Selassie was seen as a national hero until 1973 when his policies led Ethiopia into political uncertainty, economic crisis, and famine./n/nHaile Selassie was deposed in 1974, replaced by Mengistu Haile Mariam, who established the People’s Democratic Republic of Ethiopia. Mengistu’s reign was turbulent and incredibly detrimental to Ethiopia. The Ethiopian People’s Revolutionary Democratic Front (EPRDF) took over and the Transnational Government of Ethiopia was established. In 1993, Eritrea, which was part of Ethiopian territory, declared its independence from Ethiopia. In 1994, a new constitution was created for Ethiopia, and the first democratic elections happened in 1995./n/nModern day Ethiopia thrives from their agricultural sector with coffee being one of their most important exports along with khat, oil seeds, wheat, and gold.</Text>
    </Line>
    <Line Key="TXT_ENC_NTN_FRANCE_HISTORY_0">
      <Text>Located in Western Europe, France is composed of fertile plains, rolling hills, valleys, and grassland, crossed by rivers, and bounded by southern and eastern mountains./n/nSome of the most notable ancient settlers in France were the Greeks who founded Marseille in 600 BCE, while Gallic and Celtic tribes came from the east. Peace halted as Julius Caesar conquered Gaul in 52 BCE, then Germanic tribes divided Gaul into Teutonic kingdoms. By 486, Clovis I had driven out the last Roman governor and become the first ruler of the united Franks which were then divided by his four sons./n/nCharlemagne reunited the kingdom and added German territory in 768, creating the Holy Roman Empire. His son, Louis I, inherited the empire, but his three sons split it. Among the split was West Francia (eventually modern France)./n/nThe 9th century power devolved to local nobility and neighboring powers who married and conquered their way into French territory. French kings slowly regained power by doing the same. The longer-than-Hundred Years' War against the English and the Black Death (1347-1351) killed many./n/nAfter the Renaissance, 17th and 18th century peasants were done with French nobility’s greedy, gaudy oppression. This brought battles, the Bastille was stormed, and chaos reigned. Worried, foreign monarchs sent armies to restore the deposed King Louis XVI. The First Republic was declared, followed by an abortive counter-revolution./n/nIn 1799, Napoleon Bonaparte came into play, reorganizing the French government, modernizing the justice system, and naming himself Emperor. Prussia and other powers launched another invasion of France, forcing Napoleon’s resignation. He returned to power for 100 days before the defeat at Waterloo. The victorious allies /:I/tried/r/ to reinstitute a monarchy./n/nIn 1852, Bonaparte's nephew, Louis-Napoleon, overthrew the government and declared the second Empire which was then defeated in the 1870 Franco-Prussian War. France declared itself the Third Republic, creating the second largest empire overseas./n/nThe first half of the 20th century was tough. During the First World War I, France faced German invasion, trench warfare on French soil, and chemical weapons. Then, during World War II, the German invasion reached Paris in a month but in 1944 France was liberated./n/nFrance is home to one of the most famous landmarks, the Eiffel tower, and home to great philosophers like Jean-Jacques Rousseau and René Descartes.</Text>
    </Line>
    <Line Key="TXT_ENC_NTN_GEORGIA_HISTORY_0">
      <Text>Georgia lies between Asia and Europe. This rich countryside is covered in forest and scrubland with subtropical area bordering the Black Sea and snow peaked Greater Caucasus mountains./n/nPopulated since the Neolithic periods, the Greeks thought the Caucasus were where Zeus punished Prometheus for giving fire to humankind. In 66 BCE, Roman general Pompey the Great conquered the area. Georgia was Christianized around 330 CE. It was then passed around between the Byzantine Empire, Persians, and the Arabian caliphs./n/nBy the 9th century, Ashot I claimed the title of hereditary prince of Iberia (part of modern Georgia) from the weakening Byzantine Empire. In 1014, King Bagrat III united eastern and western Georgia. In 1122 King David IV took Tbilisi from the Muslim conquerors./n/nThe kingdom's power and prestige were at their height under Queen Tamar, named co-ruler by her father (1160-1213). With expansion south along the Turkish coast, and north across the Greater Caucasus into modern Russia, she created an empire, ushered in a golden age, and was titled "King of Kings," and "Champion of the Messiah."/n/nAfter Tamar died, the region suffered under the Mongols, followed by Timur (Tamerlane), a particularly brutal Turkic conqueror. The last ruler of a united Georgia was in 1412./n/nAfter three centuries of Persian-Ottoman war over dominance of the country, Georgian rulers sought Russian protection in the 18th century. By the end of the 19th century, Georgia had enough of Russian influence. In 1918 Georgia became an independent state. After successful resistance to British occupation’s attempt at installing a Tsarist government, Georgia declared independence in 1920 and then became a member of the USSR in 1921 under the Soviet regime./n/nFor 25 years Georgia endured repression, collectivization, and period purges in the worker's paradise. Modernization changed society from agrarian to urbanized industrial./n/nIn 1991 Georgia declared its independence from the rapidly collapsing Soviet Union. Since then, Georgia has one of the fastest growing economies in Eastern Europe, exporting machinery, gold, copper ore, nuts, and wine.</Text>
    </Line>
    <Line Key="TXT_ENC_NTN_GERMANY_HISTORY_0">
      <Text>The origin of Germany began with the settlement of Germanic tribes in central Europe. They coexisted as hundreds of smaller states based on leadership, religion, cities, etc., but were never unified as one united state. By the 8th century they were used to coexisting with the Romans, including living under Charlemagne’s rule./n/nBy the time Germany entered its Medieval period, the Holy Roman Empire diminished and a lack of unity among local rulers became evident as they unsuccessfully tried to carve out their own state. The rise of the Protestant Reformation occurred during this period which weakened German speaking Europe even more./n/nCenturies later, the two largest German states, Prussia, and Austria, battled to lead the remaining kingdoms. After Napoleon, emperor of France’s failed conquer Prussia, the Congress of Vienna redesigned the layout of Europe and established only 39 German states. This increased the pressure to continue the unification of Germany, sparking revolutions in 1848, and about two decades later, in 1871, the unification of Germany under Emperor Wilhelm I, king of Prussia. This effort was led by Otto von Bismarck who through means of diplomacy and limited warfare, acquired Prussia and created what he named the “small Germany.”/n/nBy World War I (1914-1918), Germany unsuccessfully attempted to expand their territory resulting in the Treaty of Versailles, which imposed penalties on Germany including lost territory, military dismantlement, and a monetary penalty. The Weimar Republic was then created to help Germany transition into a more democratic state; however, by the early 1930s the antidemocratic parties gained the leading votes, and a new form of government was established with the hope that a new authoritarian government could replace the republic. In 1933, Adolf Hitler was named leader of this government, implementing a totalitarian regime based on racial purity and territorial expansion. Hitler was responsible for the Holocaust, the mass genocide of European Jews among other communities. In 1945 he was deposed, and Germany was divided into two states which remained for fifty years until the fall of the Berlin Wall in 1990, unifying West and East Germany into one state./n/nModern Germany has quickly turned into an industrial powerhouse and continues its work to rebuild Eastern Germany. They are the home of the original printing press, fairytale-like castles, and great soccer.</Text>
    </Line>
    <Line Key="TXT_ENC_NTN_GHANA_HISTORY_0">
      <Text>Ghana is located on the underside of the western bulge of Africa. Ghana is named for a large trading empire which didn't actually occupy the present nation's location: it was about 500 miles to the northwest. Modern Ghana was a great trading center with links to the empires of Mali and Songhai and elsewhere./n/nIn 1471, the Portuguese arrived and quickly saw the potential for highly lucrative trading. The Portuguese traded cloth, beads, metal, and arms for gold. The entire region was named the "Gold Coast" because metal was so widely available. To protect their trade monopoly, the Portuguese leased land from the natives and built stone fortresses along the coast. By the 17th century other European broke the monopoly, putting up their own forts. Ghana grew wealthy on the gold and slave trade, and with access to new weapons and technologies, they began to dominate the inland people./n/nThe Ashanti empire came into being around 1670 CE, when Osei Tutu came to power. A local chief, Tutu united the Ashanti and crushed all resistance. He was installed as Asantehene, or king of Ashanti. Tutu established the state capital at Kumasi. His symbol of power was the "Golden Stool," which was bestowed by heaven, and which contained the spirit of the people./n/nThe Ashanti resented British occupation of the coastal castles, which the Ashanti claimed as their territory. The Ashanti occupied some castles, and in 1874 the British marched on Kumasi. The campaign exposed Ashanti weakness, and subject tribes revolted, aided by the British. In 1902 Ashanti was declared a British colony./n/nThe early 20th century saw the rapid growth of a new export product for Ghana – cocoa. The product had been introduced in the 1870s, but by 1920 Ghana was exporting half the world's supply of cocoa. The influx of money allowed the construction of modern communications, transport, and educational facilities./n/nIn 1957 Ghana received recognition as an independent country. From 1957 to 1975 the country suffered through a series of military coups and failed governments. In 1979 Air Force Lieutenant Jerry Rawlings organized a coup and then installed a parliamentary government. By 1981 Rawlings decided that the new government was failing and organized another coup. He remained in charge of the new government./n/nJerry Rawlings also privatized industries creating long-term economic growth. By the '90s Ghana had one of the highest growth rates in Africa. Rawlings won re-election twice, and in 2001 stepped down, replaced by John Kufuor in the first peaceful transfer of power between democratically elected governments since independence in 1957.</Text>
    </Line>
    <Line Key="TXT_ENC_NTN_GREECE_HISTORY_0">
      <Text>Greece, also known as the Hellenic republic, is most often known for its rich history and popular mythology. Its territory juts from the Balkans into the Mediterranean Sea. Humans arrived in the area over 200,000 years ago. The early Greeks sent out groups to build colonies from Spain in the west, to Africa in the south, and Asia Minor and the Black Sea in the east. Prosperity allowed time to create architecture, art, philosophy, and drama./n/nIn the 5th century BCE Greek expansion brought them into conflict with Persia. In 492 BCE they invaded mainland Greece itself and after 20 years of fighting, the Persians were beaten back by an alliance of city-states. The next 50 years were a golden age for Athens./n/nIn 431 BCE, Athens went to war against Sparta and other city-states who were tired of being under Athenian rule. The disastrous war lasted 27 years and ended with a decisive Spartan victory. Sparta was not a very good coalition leader, and Greece remained fragmented until Philip II of Macedon and his son, Alexander the Great, united the territories at sword point./n/nRight around 150 BCE, the Romans, who admired Greek culture, captured the region. They replicated much of their religion, art, and architecture. Christianity then spread into Greece in the 2nd and 3rd centuries CE. As western Rome collapsed, the Byzantine Empire inherited Greece until the 14th century when the Ottomans took over./n/nThe Ottomans held Greece until 1821, when the Greek citizens revolted and drove them out. The Greeks engaged in a series of civil wars, during which the Ottomans came back in to try to reconquer them. Foreign powers intervened, and in 1831 Europeans installed Bavarian Prince Otto von Wittelsbach as king of Greece. Otto was deposed after 30 years and was replaced by Prince Wilhelm of Denmark./n/nIn 1940, During World War II, Greece fought off an Italian invasion. In 1941 the German army captured the country after incredibly fierce resistance. During the German occupation countless Greeks died from German crimes against civilians./n/nGreece was liberated after the Allied victory and joined the European Union in 1981. Today it is a modern European country, home of the original Olympic games, the Acropolis, and the ancient Theatre of Epidaurus.</Text>
    </Line>
    <Line Key="TXT_ENC_NTN_HOLY_ROMAN_EMPIRE_HISTORY_0">
      <Text>Once the Roman Empire fell in the west, much of Europe was split up between kingdoms. These were cobbled together from the ruins by local warlords or groups of invaders driven west. The Frankish Carolingian family produced a series of conqueror–kings, the most famous being Charlemagne (ca. 748– ca. 814). Charlemagne expanded the Frankish state, into Italy and east into Germany. In 800, he was crowned "Emperor of the Romans" by Pope Leo III, 300 years after the last Emperor in Rome./n/nIn 814 Charlemagne died, leaving his empire to his son, Louis. When Louis died, the empire was split between his three sons. Later, one of his grandsons, Charles the Fat, managed to reunite the empire before his death on 888, when it was divided again. The eastern portion of Charlemagne's empire would evolve into the Holy Roman Empire./n/nAfter the Carolingians, the Holy Roman Empire came under control of the Liudolfing dynasty. In 951 King Otto I took control of the northern half of Italy via marriage. This gave him control over Rome, and therefore the Papacy. In 962, Otto I was given the title Emperor, last awarded to Charlemagne 150 years earlier./n/nFrederick Barbarossa I was crowned in 1155. He attempted to add the Kingdom of Sicily to their territory. This disturbed the popes, who were trying to keep the emperor's powers limited. There was more scheming. There was no recognized king from 1254 to about 1312, when Henry VII was crowned. In the 14th century, the Catholic Church endured a power struggle among who would take the role of the papacy./n/nThe emperor then convened the 1495 Diet of Worms, which called for the transfer of some power from the emperor to a council of nobility. It also looked to reform taxation and strengthen the rule of law in the empire. In 1517, Martin Luther launched the "Reformation," a call for major restructuring of Christianity. Large cities and northern districts became Protestant while the southern kingdoms and the emperors remained Catholic./n/nIn the 17th century the Thirty Years' War diminished the Empire and cost it much of its external territory. In 1806, Emperor Francis II released all the imperial states and abdicated his title, which marked the end of the Holy Roman Empire. The empire had been declining for many years and internal and external conflicts contributed to its fall.</Text>
    </Line>
    <Line Key="TXT_ENC_NTN_INCA_EMPIRE_HISTORY_0">
      <Text>The Inca Empire was a massive, multicultural empire in the western part of South America. Their two biggest influences were two preceding empires from the Andean region—the Tiwanaku and the Wari. What is known about the Incas comes from oral tradition and the written accounts kept by colonizers. The Inca people can be traced back to 12th and 13th century tribes in Cusco, but their oral history includes several myths on what the Incans attribute to be their true origin. Manco Cápac is cited as the founder of the Inca and the Kingdom of Cusco./n/nIn 1438, Sapa Inca (paramount leader) Pachacuti and his people set forth the expansion of what would become the largest empire in pre-Colombian America. He defeated the Chanca in the Cusco Valley, took the Kingdom of Cusco plus other smaller conquests, and organized them into Tawantinsuyu. This was the way the Incans referred to their empire. It was the central government with the Inca as their leader with four other provinces. King Pachacuti saw major success as he was skilled in military and diplomatic affairs and had loyal government officials to aid him with monetary and political exchanges. It is believed that Machu Picchu was built by Pachacuti. He named his son Amaru Yupanqui as his successor but was replaced by his brother Túpac Inca Yupanqui. Under Túpac Inca’s leadership, the empire continued its expansion./n/nEuropean contact by Spanish conquistadors happened by 1526, led by explorer Francisco Pizarro. In 1529 he received approval from the Queen of Spain to conquer the Incas. During the 16th century, the Incas were weakened by internal instability stemming from a war of succession, uprisings, and exposure to infectious diseases. This left them particularly vulnerable to the 1532 return of the conquistadors who brought stronger armor and weapons that the Incas could not match. In 1572, the last major Inca stronghold fell under Spanish control. The last emperor, Tupac Amaru, was captured and executed. While resistance against the colonization continued, Inca authority over the region had ended. Minor attempts at reclaiming the territory or reviving the empire were launched but were not effective./n/nAfter their fall to the Spanish army, the Inca empire, along with a significant amount of their culture, was destroyed. Countless Incan lives were lost to the wars and injustices carried out by the Spaniards, and to mass epidemics of diseases.</Text>
    </Line>
    <Line Key="TXT_ENC_NTN_INDIA_HISTORY_0">
      <Text>India occupies most of a sub-continent appended to southern Asia in-between the Arabian Sea and the Bay of Bengal./n/nFor much of history, India has been divided into kingdoms/empires. In 322 BCE Chandragupta Maurya overthrew an earlier empire and conquered most of modern India/Pakistan, creating the Maurya Empire. Its greatest leader was Ashoka, who ruled from approximately 268 to 232 BCE (the accuracy of these dates is often debated.)/n/nAshoka was a fighting king who started as a conqueror and later embraced peace and Buddhism. He sent out missionaries to spread the religion, tried to maintain friendly relations with other nearby nations, and engaged in massive public works projects across the empire. His reign is considered a golden age in Indian history./n/nFollowing the fall of the Maurya Empire, various local factions gained power. For the next 1000 years or so no one was able to reunite the empire, though a lot of people tried. In the 12th century CE Muslim nomadic tribes who had earlier overrun the north-west portion of India created the Delhi Sultanate, ruling much of northern and western India/Pakistan./n/nIn the 16th century, more Muslim conquerors arrived, taking the top two thirds of the subcontinent, and creating the Mughal Empire. India mostly thrived under the Mughal, enjoying an expanding economy and great artistic and scientific development./n/nBy the 18th century the Mughal's power had declined, and new European players arrived, building trading outposts along the coasts. The British were the most successful and gained power over the various kingdoms of the subcontinent one after the other. By the early 19th century most of India was a British possession./n/nThe British turned India from an economic powerhouse to a colonial production house. Raw goods were shipped from India to factories in Great Britain, and Indian manufacturing weakened./n/nAfter World War I, many Indians began to agitate for independence. They slowly wrested some local authority from Parliament, although most power still resided in the English-imposed government and back in Westminster. Revolutionaries like Jawaharlal Nehru and Mohandas Gandhi organized and protested./n/nIn 1947, India achieved independence from England. But as part of the price of that independence, the country was split into pieces, with Hindu India in the middle and Muslim Pakistan conveniently split in two bits – on the east and west edges, a thousand miles apart. In 1972 Eastern Pakistan gained independence from Pakistan, becoming Bangladesh./n/nIndependent India is a growing, thriving democracy. Much of the government's efforts are expended on modernization and culture, art, and architecture continue to thrive.</Text>
    </Line>
    <Line Key="TXT_ENC_NTN_ITALY_HISTORY_0">
      <Text>Italy is a country sticking into the Mediterranean Sea from the bottom of Europe. For several thousand years Italy was home to the Roman Empire, which was centered on the city of Rome, halfway down the western side./n/nIn 395 CE the Roman Empire split in two, with Rome remaining the capital of the Western Empire. After the Empire collapsed, Italy fell under the control of the German Goths, Ostrogoths, and Vandals. The Pope, leader of the Catholic Church, remained in Rome as it was dominated by invaders, many of whom had turned Catholic at one point or another. The Eastern Empire briefly recaptured and lost Rome in the 6th century./n/nDuring the Middle Ages, Italian city-states managed to keep their independence by banding together against any of the larger surrounding entities trying to conquer them. Many of these cities were significant maritime powers, growing rich from the trade throughout the Mediterranean, into the Black Sea, and around Spain and up to Great Britain and beyond./n/nIn the 15th century Italy vaulted out of the Middle Ages and into the Modern Era via the Renaissance, a 200-year period of enormous progress in arts, politics, philosophy, and science./n/nIn 1799 Napoleon captured Italy. It remained partitioned after Napoleon's fall, until partly unified in 1860-61 by Italian nationalists including Giuseppe Garibaldi and Giuseppe Mazzini. Once reunited, Italy became a serious power in Europe./n/nIn World War I it joined the Allied side, contributing significant effort to the cause, including over 600,000 soldiers lost and a similar number of civilian casualties. After WWI, Benito Mussolini came to power on a platform of returning Italy to what he considered Imperial greatness. When World War II began, Mussolini waited until France was weakened to declare war and invade with the goal of retaking what they believed to be Italian territory. In 1943 the Allies invaded Sicily, and Mussolini's government collapsed. After the war, Italy became a republic. Soon after, they joined NATO, and in 1993 they became a founding member of the European Union./n/nItaly is known for being shaped like a fashionable boot and is home to breathtaking landmarks like the Colosseum, beautiful seas, and some amazing food and wine.</Text>
    </Line>
    <Line Key="TXT_ENC_NTN_JAPAN_HISTORY_0">
      <Text>Japan exists on a group of islands off the coast of Asia. The landscape is mountainous and rugged and enjoys more than its share of earthquakes./n/nJapan was first inhabited between 30,000 BCE and 11,000 BCE, during a period sometimes referred to as the “Pre-Ceramic” era. Japan's Jōmon period and culture followed from about 10,500 BCE to about 300 BCE. Then during the 4th century through the 9th century, Japan was unified from its fragmented regions and led under rule of and emperor./n/nReform and new a new religion, Buddhism, appeared in Japan in the 6th century under Prince Shotoku. He also wrote the "Seventeen-Article Constitution," which organized the state and government according to Confucian principles. For the next several hundred years Japanese emperors engaged in various internal reforms and adventures on the mainland. The following Imperial successions were violent, often involving a relative grabbing power and executing all their competitors./n/nAround the 11th century the samurai began to be a powerful force in Japan. Through the Shogunate, the Samurai would continue to rule until the 19th century. The next two centuries saw the weakening of the shogunate and disintegration of centralized power. Peasants formed strong unions with each other to fight banditry and local nobility./n/nThe Warring States Period lasted from approximately 1450-1600 CE. Oda Nobunaga was a particularly effective and brutal warlord. He had a series of brilliant military successes before he was betrayed and killed. Nobunaga was succeeded by Toyotomi Hideyoshi and then Tokugawa Ieyasu, both extremely able statesmen and generals. Ieyasu completed the reunification of Japan. The Tokugawa shogunate ruled Japan until 1868./n/nIn 1854 the United States sent a fleet of military ships to open trade with Japan. The repercussions of this caused the collapse of the shogunate, and power temporarily returned to the emperor./n/nAfter World War I the country lurched into military rule with goals of expansionism in sight. In 1936 Japan joined the Axis powers. They launched a surprise attack on the US Naval forces in Pearl Harbor in 1941. In retaliation, the United States dropped atomic bombs on Hiroshima and Nagasaki. This forced the Japanese military rulers finally to acknowledge defeat and surrender. The United States armed forces occupied the country until 1952. Since then, modern Japan has invested in promoting technology, education, and their rich culture.</Text>
    </Line>
    <Line Key="TXT_ENC_NTN_KOREA_HISTORY_0">
      <Text>According to legend, Gojoseon, created in 2333 BCE, was the first major kingdom on the Korean peninsula. It was overthrown around 108 BCE. Three new kingdoms emerged from the Korean peninsula from around 57 BCE to about 670 CE. These emerged from different tribal states from the south of the peninsula to the Sungari basin. They were named Goguryeo, Baekje, and Silla. They became centralized governments who interacted with each other. During these exchanges, Buddhism was introduced and named state religion. Soon after, Silla took over the Korean peninsula./n/nThe Goryeo Dynasty followed in 935 but they faced many invasions from the Mongols and faced a weakening state. In 1392, General Yi Song-gye overthrew the Goryeo Dynasty and established the Joseon Dynasty which lasted until 1910. During this time, a Confucian state replaced Buddhism. Under the rule of Sejong the Great, society completely flourished intellectually and culturally. A royal academy was established, and the Korean phonetic alphabet was completed./n/nIn 1592 and in 1597, the Japanese attempted to invade the region; however, Korean armies and people across the nation joined forces to drive out the invasion. Both wars destroyed most of Korea, ruining homes, palaces, cultural sites, and more./n/nAlthough Korea did not want to open its doors to outside powers, they were forced to sign trade treaties with the United States, then UK, Germany, Russia, and France. While this opened the door for modernization, Korea became a territory China and Japan battled for. Koreans faced unimaginable suffering because of these conflicts. Japan made Korea a protectorate in 1905 and in 1910 Japan annexed Korea./n/nKorea continued to fight for their independence. The March First Movement was a turning point for Korean liberation. Koreans read a declaration of independence in Seoul on March 1st, 1919. The end of Japanese rule came in 1945 when the Korean armies and their allies forced the Japanese to surrender. By 1947, the southern territory held general elections and established a government free of foreign troops on August 15th, 1948. This signaled the start of the Republic of Korea with Ri Seungman as their first president. The north was placed under Soviet control with Gim Il-seong as leader. They declared on September 9th, 1948, that the Democratic People’s Republic of Korea led by Gim Il-seong was their only lawful government. Despite both establishing new governments, the Korean War was caused by the north’s attempt to invade the south. This ended on July 27th, 1953, and the boundary between North and South Korea was officially defined.</Text>
    </Line>
    <Line Key="TXT_ENC_NTN_KUSH_HISTORY_0">
      <Text>Kush, also known as the Kingdom of Kush, was an ancient kingdom in Nubia. It was located on what is now Sudan and the southern portion of Egypt. Kush flourished around 1070 BCE around the time that the New Kingdom of Egypt collapsed. Nubia had been under Egyptian control for hundreds of years, and it had adopted many customs from its more powerful neighbor. What is known about the politics and economy of the kingdom is varied. It is assumed that rulers of the kingdom were responsible for maintaining the appropriate standards regarding state religion and their gods./n/nKush spent years chipping away at Egypt until it had conquered their territory. A Kushite Pharaoh completed the job around 710 by conquering the territory of northern Egypt. Under the Kush Pharaohs, Egypt began to spread its power deeper into the Middle East where it clashed with the Assyrians over control of Jerusalem. They rebuilt many of Egypt's temples and monuments, developed their own alphabet, and were generally constructive./n/nBetween 674 and 671, the Assyrians began their invasion of Egypt, captured Memphis, and drove the Kush Pharaohs south. The Assyrians and Kush spent a few decades fighting over Egypt. Ultimately in 656, a native Egyptian regained control over northern Egypt, and the Kushites were relegated to their old southern kingdom./n/nBack in Kush, the kingdom stayed solvent working their iron, gold, and emerald mines. They traded with Romans and fought off the occasional Egyptian invasion. In the first century, the Kushites fought the Romans, who by this time had taken full control of Egypt. The Kushites were led by Kandake Amanirenas, queen regnant of the Kush empire. They fought the Romans to a standstill, gaining a favorable treaty with Rome. The Romans resumed trade with Kush and maintained a relatively peaceful relationship. The initial stages of the fall of the Kush are uncertain but many point to the 4th century CE when the Aksum of Ethiopia destroyed the kingdom, leaving behind a weak country until about the sixth century CE when it would finally dissolve.</Text>
    </Line>
    <Line Key="TXT_ENC_NTN_MERCENARIES_HISTORY_0">
      <Text></Text>
    </Line>
    <Line Key="TXT_ENC_NTN_MEXICO_HISTORY_0">
      <Text>Pre-Columbian Mexico was home of a wide array of Indigenous tribes including the Maya, Olmec, Zapotec, and one of the most powerful societies in the region, the Aztecs. Their first contact with Europeans happened around 1519 when Spanish conquistadors entered their territory and claimed the territory for Spain./n/nThe Spanish named the new colony "New Spain" and founded Mexico City on the ruins of Tenochtitlán, the Aztec capital. Mexico revolted from Spain in a long, bloody rebellion lasting from 1810-1821. In 1821, Mexico declared its independence. The following decades were marked by instability as the young country tried to establish itself. To the north-east, the young United States eyed Mexico's northern territory. In 1848, during the Mexican American war, the USA claimed the territory that is now known as Texas, New Mexico, Nevada, Arizona, California, Utah, parts of Colorado, Wyoming, and Kansas./n/nIn 1857, Mexico adopted a new constitution that weakened the Catholic Church's hold on the government, established secular education, freedom of the press, and other reforms. This led to a civil war, ultimately won by the reformers. Mexico still had massive economic problems and a grotesquely large foreign debt. In 1861 President Benito Juárez, suspended payment of that debt for two years, prompting France to invade. The Mexican army defeated the initial French advances, but French Emperor Napoleon III conquered the country. With the help of the United States, the Mexicans rapidly overthrew the new government and France withdrew their forces./n/nGeneral Porfirio Diaz, hero of the war against the French, was elected President in 1876. Therein followed a kind of Mexican Gilded Age, with wealthy upper classes lording it over extremely poor locals. The government invested heavily in technology and national advancement but did not address the massive economic disparities Mexican faced. The Mexican Revolution sparked in 1910, lasting for a decade. It resulted in the constitution that remains in use to this day. One of the main figures in the revolution was Emiliano Zapata, leader of the revolt in Morelos. He championed a land reform movement that was called "Zapatismo." He was assassinated in 1919, but his ideas had a profound effect on the next government, which began a process of land redistribution and reforms in the early 1920s. The Institutional Revolutionary Party (PRI) ruled Mexico from 1929 until 2000. Mexico is an emerging industrialized country with rich culture. It is also recognized as a prime destination for tourism.</Text>
    </Line>
    <Line Key="TXT_ENC_NTN_MONGOL_EMPIRE_HISTORY_0">
      <Text>The Mongol Empire was a massive, continent-spanning empire, covering millions of square miles. The Mongol Empire began in 1206 CE when chieftain "Temüjin", more famously known as Genghis Khan, united several nomadic tribes living in the steppes of Mongolia. Upon being elected ruler of the coalition, Genghis Khan led his first attack./n/nThe Mongols were clever and ruthless. In battle, their unbeatable horse archers would ride in, fire off a volley, and ride away before an enemy response. When the enemy was disorganized and demoralized, they'd come in to finish the battle. When approaching a target city, the Mongols invited surrender, promising mercy. If the defenders refused, the Mongols would attack and loot the population. They were tolerant of foreign religions and let most places rule themselves if the taxes were paid. Naturally, some invaders adopted local religions and culture./n/nKhan spent a decade conquering pieces of China until he was (temporarily) halted by the southern Song Dynasty. He then turned west, capturing and/or destroying nearly everything in Central Asia. His forces reached the Caspian Sea by the time of Genghis's death in 1227. He named one of his sons, Ögedei, as his successor./n/nThe Empire continued expanding even after Genghis's death. They moved into areas such as the Middle East, Central China, Kievan Rus’, and Central Europe. In 1251, Möngke Khan was named the new ruler of the empire. He focused on construction projects and was tolerant of different religions and cultures. Despite being well managed by Möngke, the size of the Mongol territory was too large for one leader to properly manage it. The fall of the empire began when the emperor Möngke Khan died in 1259 with no named heir. A civil war broke out among the potential successors. Kublai, one of Genghis Khan’s grandsons, was victorious at war and was named their new leader. By the time of Kublai’s death in 1294, the Mongol empire had fractioned off into four different khanates. These were the Yuan Dynasty in East Asia, the Chagatai Khanate in Central Asia, the Golden Horde in Eastern Europe, and the Ilkhanate in Southwest Asia. The fall of the Yuan Dynasty in 1368 is typically named the official end of the empire—but the rest of the khanates fell one by one through the 14th and 15th centuries. The Chagatai Khanate’s remaining traces didn't fall until the 17th century.</Text>
    </Line>
    <Line Key="TXT_ENC_NTN_PALMYRENE_EMPIRE_HISTORY_0">
      <Text>The Palmyrene Empire was preceded by the autonomous Roman city of Palmyra and surrounding Roman provinces. This region was well known for its prosperous nature and key location among the region's trade routes. Around the year 235, the Roman Empire had fallen deep into political unrest and lacked a strong military command. It had severely fractured into several different states. Palmyra’s region, especially its trade, was threatened by the Sasanian Empire. The decisive Battle of Edessa circa 260 resulted in a major loss for the Roman army against the Sasanian Empire. Odaenathus, Palmyrene leader, was appointed as king of Palmyra to help protect the region. He was declared king of the Palmyrene kingdom and maintained loyalty to the Gallienus and the Romans./n/nOdaenathus, raised armies and defeated Shapur I and the Sasanian forces. He then focused on putting down any usurpers and battling the Persians. Odaenathus’ exact title remains disputed but regardless of this uncertainty, he was recognized as ruler of the Roman East by Gallienus. Odaenathus wanted more and began his attempt at expanding his kingdom. In 267 CE the king and one of his sons were assassinated. As a result, the crown went to his young son, Vaballathus. The young king's mother, Zenobia, ruled as regent./n/nIn 270, Zenobia marched her army from Palmyra to Bosra, killed the Roman governor, and moved forward with the goal of expanding their territory. In October, Zenobia marched into Egypt and was declared queen. The Roman leader retreated to Babylon Fortress in Egypt, but the Palmyrene followed, besieging the city, and killing the Roman leader. The next year the army marched north, capturing a sizable chunk of Anatolia./n/nZenobia thought that she could engage Rome as an equal. She tried to negotiate the new borders with the emperor, but with no success. In 272 the Roman army under Marcus Aurelius entered Anatolia and began the long march on Palmyra. In response, Zenobia declared herself Empress and her son Emperor of the Palmyrene Empire and seceded from Rome. The Roman army reclaimed Egypt, driving the Queen back to Palmyra where the Romans sieged the city./n/nZenobia fled and was captured, her fate unknown. Aurelian spared Palmyra, although the city's military was disbanded, and its fortifications destroyed. Palmyra rebelled again in 273 and yielded. The city was razed to the ground, which marked the official end of the short-lived Palmyrene Empire.</Text>
    </Line>
    <Line Key="TXT_ENC_NTN_PERSIAN_EMPIRE_HISTORY_0">
      <Text>The Persian Empire was a group of dynasties located in what is modern day Iran. The first and most well-known of these dynasties, known as the Achaemenid Empire, is often referred to as the Persian Empire, but it was the first of many Persian dynasties to follow./n/nCyrus II founded the Achaemenid Empire in 550 BCE. He was known as an intelligent, fair, and reasonable ruler. Cambyses II, Cyrus’ son, took over the throne around 529, but died around 522 and in the ensuing turmoil one of his generals, Darius I, took charge of the empire./n/nShah Darius, later named Darius the Great, faced a fractured empire which could have easily slipped through his fingers. He had to quell small uprisings across the empire and previously conquered territories were planning their freedom. After he unified his empire, he expanded it to reach as far as the Indus Valley. He set governmental systems to properly manage the vastness of the territory. The military was reorganized and fortified, a common currency was established, and a new tax system was set up to help properly fund the Achaemenid empire. He also invested in expanding social infrastructure and welfare programs. He built a capital at Persepolis hoping to display the countless cultures his empire possessed and celebrated. Under Darius I, the empire also faced the start of Greco-Persian wars from 499 to 449. These were traced back to Cyrus II’s claim over Ionia, a Greek inhabited region, in 547. Darius’ son, Xerxes I, was the successor of his empire; however, the empire would begin its decline under his leadership./n/nThe tax increase over the territory displeased many, leading to revolts and sparking urges for liberation from some of the Shah’s dedicated leadership. In the 5th century BCE, the Achaemenid Empire fought the Greek city-states for control of the Aegean islands and Turkish coast. Eventually the Greeks' naval superiority forced a Persian retreat from Greece. After Xerxes I’s death, the Persian Empire had a period of significant political instability and mostly unsuccessful campaigns against Greece. This led to significant political, social, and economic fractioning across the empire, giving Alexander the Great, King of Macedon enough room to attack and conquer the Achaemenid Empire in 330 BCE. The remaining territories of the empire broke off into separate entities and were led by an array of Persian dynasties. Persia and Persian culture continued to flourish and influence the people and empires they encountered.</Text>
    </Line>
    <Line Key="TXT_ENC_NTN_POLAND_HISTORY_0">
      <Text>Poland is a country located in central Europe and is surrounded by seven other countries. Poland’s origins can be traced back to groups of West Slavic peoples who organized themselves in tribes across the area, led by dukes. The nation of Poland is said to have come into existence in 966 CE. Duke Mieszko managed to subjugate most of the neighboring tribes and named himself the first ruler of the Piast Dynasty. He adopted Western Christianity, which allowed for better relations with the Christianized nations to the west and south. The Duchy of Poland was recognized as a kingdom in 1025. The Piast dynasty lasted for around 400 years, during which Poland continued to expand and consolidate power./n/nIn the 16th century, Poland joined in a commonwealth with the Grand Duchy of Lithuania. In 1791 the commonwealth enacted a constitution that enacted land and political reform, weakened the nobility, and put the peasantry under the protection of the Crown. The Commonwealth's neighbors didn't appreciate these newfangled reforms and responded by declaring war and invading. Poland was partitioned between Russia, Prussia, and the Habsburgs of Austria./n/nIn 1914 the Austrians declared war on Serbia. This is known collectively as "World War I." The war ended in 1918 leaving Austria and Germany economically devastated after experiencing a major loss. Meanwhile, Russia was facing a major revolution. The Poles saw their chance and declared themselves the Second Polish Republic. Marshal Jozef Pilsudski assumed control, and Poland spent the next twenty years rebuilding./n/nIn 1938 Poland sat between Adolf Hitler's Germany and Josef Stalin's Soviet Union. On September 1, 1939, Germany invaded Poland. Sixteen days later the Soviet Union also invaded Poland. As a result, Germany declared war on the Soviet Union in 1941 and drove the Soviet forces out of their half of Poland./n/nDuring the German occupation of Poland, Polish citizens severely suffered. Nazi Germany targeted Jewish Poles, Catholics, as well as other Polish communities, making them victims of the mass genocide during the Holocaust. In addition, German forces destroyed the city of Warsaw via bombings and artillery fire, in retaliation of Polish uprisings and resistance to German occupation. The Siege of Warsaw took thousands of civilian lives and turned a majority of the capital city into rubble./n/nAfter World War II, the Polish People’s Republic remained under Soviet control for 40 years. In 1989 Polish unions led a mostly peaceful revolt, laying the foundation of the Republic of Poland signaling the rise of a new Polish state. Poland has faced many challenges but have worked hard to reform and rebuild. They are emerging as a modern state with a vibrant population.</Text>
    </Line>
    <Line Key="TXT_ENC_NTN_ROMAN_EMPIRE_HISTORY_0">
      <Text>/:B/Note:/r/ This entry covers the original empire based in Rome. At around 395 CE the Empire split in two. The Roman Empire occupies a huge place in Western history. It was a really big and powerful political organization that conquered a majority of Western Europe, North Africa, and the Middle East./n/nRome was founded in the 8th century BCE on the banks of the Tiber River in central Italy. According to legend the city was founded by Romulus and Remus, two brothers who had been abandoned by their parents and raised by wolves. Rome was a monarchy for the first two centuries of its existence and replaced with a republic in 509 BCE./n/nIn the fourth century BCE Rome began to seriously expand its territory in Italy expanding into the Mediterranean and were no match for their enemies when taking over their land./n/nIn later years, Rome saw rising hostility between nobility and commoners, between the senate and democratic forces. In 60 BCE Gaius Julius Caesar, Marcus Licinius Crassus, and Gnaeus Pompeius Magnus, decided to rule Rome together, squabbling for dominance. The "First Triumvirate" remained relatively stable until 53 BCE, when Crassus died in battle while trying to conquer Persia. The two surviving leaders began maneuvering for power. While Caesar was off in Gaul, back in Rome Pompey and his allies moved against him politically./n/nFacing prosecution at home, Caesar refused to surrender his army, instead marching it to Rome. Caesar's army defeated Pompey and assumed power. He immediately began to weaken the Senate and other Roman political institutions. The Roman elites responded by assassinating Caesar and starting another civil war, but Caesar's heir, Octavian, defeated the assassins and their allies. In 27 BCE, Octavian took the name of "Augustus," making himself the first emperor./n/nRome would be ruled by a series of emperors for the remainder of its days. In 476 Rome was captured by German warlord Odovacar, who named himself King of Italy./n/nThe Roman Empire had magnificent architecture and invested in public works projects. Rome had a state religion heavily based upon that of Greece, with a big pantheon of gods. However, in 313 CE Emperor Constantine converted to Christianity and in 380 CE Christianity was declared to be the state religion.</Text>
    </Line>
    <Line Key="TXT_ENC_NTN_RUSSIA_HISTORY_0">
      <Text>Russia’s history can be traced back to before the establishment of the East Slavs in Europe; however, the most recognized date as the start of the Russian state is 862 CE. This is when the Rus’ state in the north was established by the Varangians. Prince Oleg of Novgorod then took Kiev (now known as Kyiv) and united the northern and southern territories of the Eastern Slavs. They were influenced by the Byzantine Empire, making the region turn to Christianity around 988 CE./n/nThe arrival of the Mongols in the 13th century weakened and disintegrated Kievan Rus’. After the 13th century, the region of Moscow, also known as the Grand Duchy of Moscow, was a thriving state which would later unite itself with the surrounding territories under the leadership of Ivan the Great. Under Ivan IV’s reign, the Grand Duchy of Moscow turned into a Tsardom—the Tsardom of Russia. Ivan declared himself Tsar of the region in 1547 and conquered territory in Asia. His leadership was widely disapproved of which earned him the nickname “Ivan the Terrible.”/n/nThe 16th century Time of Troubles brought lots of trouble. In 1721, Peter the Great declared Russia an empire, raised taxes for his wars, reduced serfs to slaves, and established Saint Petersburg as the capital, signaling a western reorientation. Catherine the Great became empress in 1762. She continued to expand west and promoted the Russian Enlightenment. She rebuilt cities, invested in education, healthcare and in the arts. In the early 19th century Napoleon Bonaparte attempted to invade Russia. Her grandson, Alexander I, successfully pushed back on Napoleon’s attempts of invasion./n/nDuring the 19th century Russia saw many internal uprisings and a civil war. In 1917 they saw the Russian Revolution, signifying the end of the monarchy. In the 20th century, Russia joined World War I as a member of the Allied powers. In 1922 they formed the Soviet Union (USSR) with 15 republics. During World War II, the USSR was part of the allies, defeating Nazi Germany and its allies. Soon after, the Soviet Union entered the Cold War against the USA. In 1991 the USSR was dissolved, the Cold War was coming to an end, and Russia emerged as the Russian Federation. Russian remains the Russian Federation as of 2023.</Text>
    </Line>
    <Line Key="TXT_ENC_NTN_SONGHAI_EMPIRE_HISTORY_0">
      <Text>The Songhai were a group of peoples that settled on the Niger River in and around the city of Gao, in Western Africa in approximately 800 CE. Although they were conquered by the Mali Empire, the Songhai gained their independence during the 15th century as the Mali empire was deteriorating./n/nAround the mid-1460s Sonni ʿAlī, a Songhai king, began his campaign to expand the Songhai Empire. He reorganized his army and created careful plans to conquer additional territory. Eventually, he was able to take over a significant part of the previously thriving Mali Empire. Most notably, he recaptured and sacked Timbuktu, one of the great cities and ports on the Niger River. In 1473 Sonni captured the rich trading city of Djenne after a seven-year siege. His control of both the area's trade routes made the Songhai Empire rich and prosperous. The trade of luxury goods, sugar, horses, gold, spices, nuts, etc., allowed the regions near the ports to thrive. They invested in urbanization and religious education and mosques./n/nSonni ʿAlī’s son, Sonni Baru, took over for his father; however, he was deposed by King Muhammad I around 1494. He was an army commander who implemented the use of the term Askia to mean “ruler,” and is credited with a massive territorial expansion for the empire. During his reign Askia Muhammad took steps to turn Songhai into an Islamic state, including the adherence to the tenets of the Qur’an. Muhammad I reorganized the empire's government and built a standing army and navy. He built schools and mosques and invited scholars to his court. He made a hajj to Mecca, where he recruited scholars from Egypt and Morocco to teach at Songhai universities rebuilt in Timbuktu. Muhammad I was replaced by his son, Musa, in 1528./n/nThe Songhai Empire survived around 60 more years, but rising political instability caused by unreliable leadership and internal uprisings weakened the empire until it was destroyed by invading Moroccan forces. Despite the Songhai’s larger army, the Moroccan army possessed more advanced weapons and technology, which led them to victory. At its height, the Songhai empire was about 550,000 square miles, the largest empire in West Africa.</Text>
    </Line>
    <Line Key="TXT_ENC_NTN_SPAIN_HISTORY_0">
      <Text>Spain occupies most of the Iberian Peninsula on the southwest corner of Europe. When the Phoenicians appeared in around 800 BCE, they discovered a thriving Bronze Age culture. The Phoenicians promptly settled on the coast of Spain and North Africa. One of these settlements turned into Carthage./n/nIn the second century BCE the Romans pushed the Carthaginians out of Spain and occupied the southern coastal settlements. They spent the next centuries fighting the Iberian groups of central and northern Spain, Germanic tribes, the Vandals, Alans, Suebi, and the Visigoths./n/nThroughout the Middle Ages, Spanish Catholics fought each other and Muslims for dominance. In 1469, Prince Ferdinand II of Aragon married Isabella of Castile who launched the Spanish Inquisition against Jews and Muslims. The Catholic Monarchs also invested in voyages of exploration. In 1492 Christopher Columbus landed in the Americas and claimed land for Spain. The Crown also controlled colonies across parts of Africa and Asia./n/nIn the late 18th century Spain allied with French military leader Napoleon Bonaparte who installed his brother as king of Spain. The Spaniards later revolted against the puppet monarch. During this period, Spain lost hold of most of its claims in the Americas. Eventually, Napoleon fell, and his brother was removed from the Spanish crown. Spain was ruined financially and politically divided./n/nIn 1868 Queen Isabella II was driven out of the country. She was replaced by Prince Amadeo of Savoy, who was ousted and replaced by the Spanish Republic. Then Isabella's son, Alfonso XII was returned to the throne. Under Alfonso XII, Spain adopted a new constitution and became a constitutional monarchy. Spain was modernized but the political system was rife with corruption./n/nIn 1921, a Spanish army was virtually destroyed by native rebels in Morocco. This led to an army revolt in 1923 in which Captain General Primo de Rivera took dictatorial power. The dictatorship lasted until 1931, when riots led to the collapse of the government. King Alfonso XIII, son of Alfonso XII, fled Spain, and the Second Spanish Republic was formed. In 1936 the Spanish Civil War broke out. Nationalist Francisco Franco and his army won the war in 1939./n/nSpain remained under Franco's control until his death in 1975. Juan Carlos, who was grandson to King Alfonso XIII, was installed as king and head of state, and democracy was restored under the new constitution of 1978.</Text>
    </Line>
    <Line Key="TXT_ENC_NTN_THAILAND_HISTORY_0">
      <Text>Tracing Thai history before the 13th century is difficult as most of what is known comes from archeological findings. In 1238, a local ruler named Pho Khun Bang Klang Hao rebelled against the Khmer Empire and crowned himself the first king of the Sukhothai kingdom, signaling the dawn of the Thai nation. The Sukhothai kingdom was a loose organization of independent lords handling their domains. King Ram Khamhaeng ruled from 1279 – 1298 during which he significantly expanded the kingdom's reach. He is also credited with inventing the Thai script./n/nDuring the 14th century, the kingdom of Ayutthaya absorbed Sukhothai as part of their territory and battled the Lan Na, another major Thai state. They had a thriving economy and culture. The Portuguese contacted them in the 16th century which resulted in treaties and allyship. The Portuguese referred to the territory as Siam, potentially originating from a Sanskrit word, “syam,” which became a commonly accepted term for the territory./n/nDespite Ayutthaya’s prosperity, the 18th century brought renewed conflict with Burma (modern day Myanmar) which was preceded by outstanding conflict from centuries before. From 1766 to 1767, Burma mercilessly attacked the city of Ayutthaya and in 1767, Burma destroyed and sacked the city. The Siamese were able to recover quickly after the devastating loss. After driving Burma out and defeating the other warlords, military general Taskin reunited the country and placed its capital in Thonburi. He was replaced in 1782 by General Chakri, later named King Rama I. He was the first king of the modern Chakri Dynasty and named Bangkok its capital. Siam opened its doors to western trade during the early 19th century. Under kings Mongkut and Chulalongkorn, Siam faced threats of colonization from France and Britain, which after several wars and treaties, led to the modern-day borders of Thailand. Chulalongkorn’s son, Vajiravudh took power in 1910./n/nKing Vajiravudh promoted Thai nationalism and was also an advocate for the arts, literature, and education. In 1932 a coup forced King Prajadhipok (Vajiravudh's brother and heir) to accept a constitution, ending the monarchy's absolute power. In 1938, Siam entered a dictatorship under Phibunsongkhram, who officially changed the country’s name from Siam to Thailand./n/nThe 20th century saw increased modernization, growing class resentment, and persistent political changes. As of 2023, Thailand remains a constitutional monarchy.</Text>
    </Line>
    <Line Key="TXT_ENC_NTN_THE_WILDERNESS_HISTORY_0">
      <Text></Text>
    </Line>
    <Line Key="TXT_ENC_NTN_UNITED_STATES_HISTORY_0">
      <Text>The United States of America is mostly located on a big piece of land in North America, between Canada and Mexico. Alaska, Hawaii, and other United States territories exist outside of the mainland./n/nDuring its pre-colonial period, the territory covering the modern United States was rich with a variety of Indigenous populations. They thrived off the land, traded, battled, and developed complex societies with their own unique cultures, religions, technologies, and more./n/nDuring the 15th and 16th centuries, European colonizers arrive on native land searching for a place to start a new life. By the end of the 17th century England had displaced thousands of natives and planted colonies from South Carolina to New England. At the same time, African slaves were introduced to North America./n/nBy the 18th century the 13 colonies were prospering and wanted freedom from their British imposed governor and the Crown’s unreasonable policies like high taxation. A revolutionary war had begun. On July 4th, 1776, the United States declared their independence and continued the fight against the British for another 13 years. General George Washington was named the first president of the United States of America, and a constitution was established./n/nIn 1860, anti-slavery politician Abraham Lincoln was elected President and by 1861 Union and Confederate armies battled for over 4 years over Lincoln’s attempts to end slavery. The North won in 1865 and slaves were freed. Despite gaining freedom, Black Americans did not gain the same rights as white Americans./n/nIn 1917 the United States was a part of both World War I, standing with the Allies, and later in World War II battling Germany and Japan. They dropped the first and only atomic bombs used in warfare on Hiroshima and Nagasaki, Japan/n/nThe next century of the country was even more eventful. The Civil Rights movement of the 1950s/60s where Black Americans demanded their civil rights reached new heights with Martin Luther King, Jr at its front. Under President George W. Bush, the United States of America suffered a terrorist attack on September 11th, 2001. American forces then invaded Iraq and Afghanistan in retaliation. In 2008, Barack Obama was named the very first black president of the country./n/nThe United States of America is still a major contributor to worldwide initiatives in technology, education, and more.</Text>
    </Line>
    <Line Key="TXT_ENC_NTN_VENEZUELA_HISTORY_0">
      <Text>Evidence of pre-Colombian communities in Venezuela go as far back as 15,000 years ago. Out of the many societies in the region, the Timoto–Cuica were the most complex of the region. Christopher Columbus an Italian explorer who sailed for the Spanish crown, encountered Venezuela in 1498 CE. In 1522, the Spaniards established a permanent settlement near the present city of Cumaná. Venezuelans began seriously agitating for independence in the early 19th century. The liberating forces, led by Simón Bolívar, declared its independence on July 5th, 1811, to form part of New Granada and later, Gran Colombia. In 1830, Venezuela broke away from Gran Colombia, forming its own independent state. The next 70 years the country alternated between oppressive dictatorial rule and destructive civil wars./n/nIn the early 20th century oil was discovered under Lake Maracaibo. By 1935 Venezuela was rich, its economy transformed from agriculture to oil exportation. Oil money fueled corruption and centralized power, and Venezuela was a virtual dictatorship until World War II./n/nIn 1941 new leaders instituted a variety of political reforms. The year 1947 saw the first free election in the nation's history. In 1948 the new government was overthrown by a military junta. Various dictators remained in power for the next decade, racking up huge national debt. The military government failed under the weight of that debt in 1958. The next 30 years were filled with economic and political strife, riots, and several coup attempts./n/nIn 1998, leftist leader Hugo Chávez came to power. He was running on undoing the privatization of the oil industry, wealth distribution, anti-corruption, and keeping Venezuela out of the clutches of global capitalists. He implemented land reform, free healthcare and education, and other popular programs for his base, paid for by oil revenue and debt. Chávez did not have an easy Presidency. He survived a coup in 2002 and a recall vote in 2004. In 2009 Chávez passed a referendum amending the constitution to eliminate term limits, ensuring that he could run for re-election indefinitely. In 2012 Hugo Chávez won reelection, but he died in 2013./n/nChávez was replaced by his Vice President, Nicolás Maduro, who immediately also began to rule by decree. In 2018 Maduro ran for reelection. He claimed victory, but the results have been challenged by the opposition, who have declared the National Assembly President Juan Guaido acting President of the country. As of 2023, Maduro is still in power.</Text>
    </Line>
    <Line Key="TXT_ENC_NTN_ZULU_HISTORY_0">
      <Text>The Zulu are Bantu-speaking people originating in and around what is now the KwaZulu-Natal province of South Africa. KwaZulu-Natal is mostly savannah and rolling hills and generally warm, though some interior places may see winter freezing./n/nIn the 18th century, the Zulu were farmers and cattle herders much like their neighbors. In 1787, Shaka Zulu was born. The illegitimate son of King Senzangakona, Shaka was exiled to another tribe, but in 1818 he returned and assumed power upon his father's death./n/nShaka Zulu was an able administrator. He centralized power and ensured that the priestly class were subservient to his government, formed alliances with local tribes, and invited defeated clans into the nation with full equality. By Shaka's death in 1828, the Zulu empire was 250,000 people strong and covered roughly 12,000 square miles./n/nShaka was murdered by his half-brothers, Dingane and Mhlangana. At which point, Dingane immediately killed Mhlangana and all his relatives./n/nIn 1837 a Boer leader (white South African of Dutch descent) made a deal with Dingane to purchase land for the Boers to settle. After the treaty was settled, Dingane invited the Boer leaders to a party and ambushed them, then killed another 250 settlers nearby. The surviving Boers came back full throttle and sent Dingane and his troops north. Dingane was assassinated shortly thereafter./n/nMpande (Dingane’s half-brother) repaired relations with the Boers (who were now settled in the area) and later with the British (who came in and conquered the Boers). Mpande was replaced by his son Cetshwayo./n/nIn 1878, British adventurer Sir Henry Bartle started a war with the Zulu that became the worst defeat by native African forces in British history. The British regrouped and ultimately took Ulundi, the Zulu capital, later that year./n/nThe British divided the kingdom into portions too small to threaten their dominance, resulting in wars between the smaller kingdoms. In 1883 they returned Cetshwayo to power but annexed Zululand in 1887. Eventually, control of the land was handed over to the new nation of South Africa. When apartheid ended in 1994, the land was combined with Natal, creating the province of KwaZulu-Natal.</Text>
    </Line>
  </Locale>
</GameText>
