<?xml version="1.0" encoding="UTF-8"?>
<GameText>
  <!--This is a generated file.  Do not edit this file.  Edit the original source file and regenerate-->
  <Locale ID="en">
    <Line Key="TXT_ENC_IMP_ARSENAL_HISTORY_0">
      <Text></Text>
    </Line>
    <Line Key="TXT_ENC_IMP_ARSENAL_STRATEGY_0">
      <Text>Upon unlocking Gunpowder, prioritize upgrading the Barracks to Arsenal Improvements. Once constructed, you’ll be able to create significantly more potent weapons for your armed Forces, enhancing their range, strength, and overall impact.</Text>
    </Line>
    <Line Key="TXT_ENC_IMP_CUSTOMS_HOUSE_HISTORY_0">
      <Text></Text>
    </Line>
    <Line Key="TXT_ENC_IMP_CUSTOMS_HOUSE_STRATEGY_0">
      <Text>When your nation reaches the Antiquities era, constructing a Customs House can significantly boost your economy, depending on the {TXT_TRM_CITY} layout./n/nTo maximize its impact, position the Customs House in a {TXT_TRM_REGION} with multiple /href:t:Term:term_Zone/Zones/Endhref/. Surround it with {TXT_TRM_DOM_COMMERCE} /href:t:Term:term_Improvement/Improvements/Endhref/ to gain bonus {TXT_TRM_COIN}, or {TXT_TRM_DOM_INDUSTRY} /href:t:Term:term_Improvement/Improvements/Endhref/ to enhance {TXT_TRM_WEALTH} – each {TXT_TRM_IMPROVEMENT} you build stacks its benefits. Additionally, assigning an {TXT_TRM_WORKER} to this improvement increases {TXT_TRM_PRODUCTION} for the city.</Text>
    </Line>
    <Line Key="TXT_ENC_IMP_POST_OFFICE_HISTORY_0">
      <Text></Text>
    </Line>
    <Line Key="TXT_ENC_IMP_POST_OFFICE_STRATEGY_0">
      <Text>Upgrade your Custom Houses to Post Offices to significantly boost the impact of your {TXT_TRM_CITY} {TXT_TRM_WEALTH}. If you plan your layout well, the Post Office will generate bonus {TXT_TRM_WEALTH} for each {TXT_TRM_DOM_INDUSTRY} {TXT_TRM_IMPROVEMENT} in the same {TXT_TRM_REGION} – be sure to place it in a /href:t:Term:term_Zone/Zone/Endhref/ surrounded by Improvements like Forges and Windmills. To further boost /href:t:Term:term_Production/City Production/Endhref/, don’t forget to place an {TXT_TRM_WORKER} in the Post Office</Text>
    </Line>
    <Line Key="TXT_ENC_IMP_SCULPTURE_GARDEN_HISTORY_0">
      <Text></Text>
    </Line>
    <Line Key="TXT_ENC_IMP_SCULPTURE_GARDEN_STRATEGY_0">
      <Text>Research Perspective Art in the Renaissance Era to upgrade your Monuments into this Masterpiece-creating Improvement. Once built, it boosts the {TXT_TRM_AESTHETICS} and provides additional {TXT_TRM_PRESTIGE}, per turn, for your Nation – a powerful ability./n/nAssigning a {TXT_TRM_PARAGON} to the Sculpture Garden will generate Statuary Masterpieces, which gives big {TXT_TRM_PRESTIGE} rewards too. Don’t forget to place an {TXT_TRM_WORKER} in the Sculpture Garden, each one you add will increase the Masterpiece Creation Speed.</Text>
    </Line>
    <Line Key="TXT_ENC_MPI_MAREANDFOAL_HISTORY_0">
      <Text>Late 8th century BCE, bronze, unknown Greek artist/n/nIn this bronze statue, a mare nurses a foal. These statues were created to show the shape of the animals but were not aesthetically lifelike. Often created as personal gifts and offerings to gods, these items seemed to have appeared during the late 8th century and disappeared by the end of the Geometric period.</Text>
    </Line>
  </Locale>
</GameText>
