<?xml version="1.0" encoding="UTF-8"?>
<GameText>
  <!--This is a generated file.  Do not edit this file.  Edit the original source file and regenerate-->
  <Locale ID="en">
    <Line Key="TXT_ENC_IMP_AIR_FORCE_ACADEMY_CHAPEL_HISTORY_0">
      <Text>Designed by Walter Netsch and completed in 1962 north of Colorado Springs, Colorado, the United States Air Force Academy Cadet Chapel is a paragon of modernist architecture. This chapel was designed with the goal of serving a diverse group of people, making it an all-faith center for worship. Services can be held in tandem with one another without interfering./n/nThe chapel includes a row of seventeen towering spires created by welding together 100 identical steel tetrahedrons. The tetrahedrons are spaced a foot apart. The openings between them are filled with multicolored stained glass, creating shining veins throughout the building. Whenever renovations or maintenance are conducted on the chapel, a massive hangar is built over the entire structure until it is ready for its next grand reveal./n/nThe Airforce Academy Cadet Chapel was awarded the American Institute of Architects' National Twenty-five Year Award in 1996 and was named a National Historic Landmark in 2004.</Text>
    </Line>
    <Line Key="TXT_ENC_IMP_AIR_FORCE_ACADEMY_CHAPEL_STRATEGY_0">
      <Text>The Air Force Academy Chapel increases the cap of your /href:t:Term:term_Nation/Nation’s/Endhref/ Air /href:t:Term:term_Army/Forces/Endhref/ by 3. In battle, all Air /href:t:Term:term_Army/Forces/Endhref/ reward you with bonus {TXT_TRM_PRESTIGE} when they defeat another {TXT_TRM_ENEMY} {TXT_TRM_UNIT}.</Text>
    </Line>
    <Line Key="TXT_ENC_IMP_ANGKOR_WAT_HISTORY_0">
      <Text>Angkor Wat is a 12th century temple complex at Angkor, Cambodia, built by King Suryavarman II. Suryavarman II ruled over one of the largest and richest kingdoms in Southeast Asian history. He constructed Angkor Wat to be his tomb. It was made of 10 million sandstone blocks excavated at a quarry 25 miles away, transported by canal, and assembled at Angkor by human and elephant labor. Construction spanned 30 years./n/nAngkor Wat is dedicated to the Hindu gods Shiva, Brahma, and Vishnu. A later king rededicated the temple to Buddhism, and much of the original carvings were replaced by Buddhist symbolism./n/nThe structures deteriorated over time; however, restoration efforts began in the 20th century.</Text>
    </Line>
    <Line Key="TXT_ENC_IMP_ANGKOR_WAT_STRATEGY_0">
      <Text>Angkor Wat provides a sizeable {TXT_TRM_AESTHETICS} increase for the {TXT_TRM_CITY} which it is built. After construction, all Shrines across your {TXT_TRM_NATION} provide an additional boost to {TXT_TRM_AESTHETICS} and {TXT_TRM_WEALTH}. Furthermore, each /href:t:Term:term_Worker/Experts/Endhref/ assigned to this Triumph will speed the {TXT_TRM_MASTERPIECE} creation rate for the {TXT_TRM_CITY}.</Text>
    </Line>
    <Line Key="TXT_ENC_IMP_BAGGER_293_HISTORY_0">
      <Text>Engineered by TAKRAF in the early 90’s and put into operation at a large mine in Germany in 1995, the SRs-8000 removes vast quantities of overburden and holds a world record as the largest terrestrial vehicle ever built. The SRs-8000 is a bucket-wheel excavator, a continuous digging machine used in large-scale open-pit mining operations. The term "bucket-wheel excavator" comes from a large wheel of buckets that scoop material as the wheel turns. This machine has 18 buckets in its 70.8 feet (21.6 m) diameter bucket-wheel, and each of them can hold about 233 cubic feet (6.6 m3) – just under a quarter of the volume of a 20 ft. container - of hard overburden material. The massive excavator requires only four people to operate at any one time and can move just under 8,500,000 cubic feet (240,000 m3) of overburden per day./n/nThis behemoth will not be setting any speed records however, its massive 85 feet (26 m) wide 12-track undercarriage providing it with a theoretical top speed of 0.4 miles per hour (0.7 km/h). It shares several records with similar machines, including the tallest terrestrial vehicle at 314 feet (96 m), as well as the longest terrestrial vehicle at 738 feet (225 m). The SRs-8000 is more than double the height of the Statue of Liberty and weighs almost four times more than the Eiffel Tower. Despite its slow speed, its massive bulk and somewhat intimidating design, which has made it a popular addition to science fiction and post-apocalyptic worlds, the machine is a true feat of engineering and very efficient and effective at what it was designed to do. An excavator based on the SRs-8000 was included in the show Westworld and has also appeared in games like Fallout./n/nFor further information on the machine, please visit TAKRAF’s website at www.takraf.com or send a mail to /href:t:mailto:info@takraf.com/info@takraf.com/endhref/.</Text>
    </Line>
    <Line Key="TXT_ENC_IMP_BAGGER_293_STRATEGY_0">
      <Text>{TXT_IMP_BAGGER_293} increases its City's population and causes all Industry Improvements in its Nation to provide Prestige per Turn. Completing this Triumph will award a wide array of materials.</Text>
    </Line>
    <Line Key="TXT_ENC_IMP_BRANDENBURG_GATE_HISTORY_0">
      <Text>The Brandenburg Gate is a monument located in Berlin, Germany in the Mitte district. It was first built in 1734, serving as a city gate. The gate marked the start of the road from Berlin to the town of Brandenburg an der Havel. However, the monument that stands in its place today was built in 1791 in Pariser Platz. Around 1795, the structure was crowned with a Quadriga. It was commissioned by King Frederick William II as a symbol of national pride./n/nThroughout its history, Brandenburg Gate has served as a symbol of both the division and the reunification of Germany. Today, it is one of the most popular tourist destinations and serves as the location for many significant events such as parades and rallies among other historical events.</Text>
    </Line>
    <Line Key="TXT_ENC_IMP_BRANDENBURG_GATE_STRATEGY_0">
      <Text>This iconic neoclassical monument stands as a symbol of unity and peace. Constructing the Brandenburg Gate not only grants a substantial {TXT_TRM_PRESTIGE} award but also significantly enhances your diplomatic relations with other Leaders.</Text>
    </Line>
    <Line Key="TXT_ENC_IMP_BURJ_KHALIFA_HISTORY_0">
      <Text>Towering over the city of Dubai in the United Arab Emirates, the Burj Khalifa is the tallest skyscraper in the world. It stands at a staggering 828 meters, or 2717 feet tall in Downtown Dubai. Construction on the massive building began in 2004 and was completed five years later in 2009 and earned Dubai international recognition./n/nThe tower was built to hold both residential and hotel spaces and has over 160 floors. Two observation decks are located on the 124th, 125th, and 148th floors, as well as one of the world's highest restaurants, /:I/At.mosphere/r/, on the 122nd floor. To provide enough transportation between floors for its residents and visitors, the skyscraper contains 57 elevators and 8 escalators. The Burj Khalifa is the home of about 1000 pieces of art specially commissioned for the building. The inspiration for the art is the concept of global harmony, as the building is symbolic of international collaboration and unity.</Text>
    </Line>
    <Line Key="TXT_ENC_IMP_BURJ_KHALIFA_STRATEGY_0">
      <Text>The Burj Khalifa greatly increases its City's Prosperity while decreasing its Happiness. Slotting /href:t:Term:term_Worker/Experts/Endhref/ into this Triumph provides a large sum of {TXT_ITM_COIN} per turn.</Text>
    </Line>
    <Line Key="TXT_ENC_IMP_CLASSICAL_GARDENS_OF_SUZHOU_HISTORY_0">
      <Text>The Classical Gardens of Suzhou are a collection of gardens built over about one thousand years. They exemplify the aesthetics of Chinese gardens. Normally built by scholars, the Classical Gardens of Suzhou focus on beautiful landscaping with designs that date back to the Northern Song dynasty in the 11th century. These gardens influenced the designs of even Imperial Gardens and represent the development of Chinese gardens over a massive span of nearly 2,000 years./n/nTheir beautiful landscaping was used to escape from the outside world and express the harmony between man and nature. Some notable features of these gardens that persisted through the years were a small pond surrounded by trees, rocks, and flowers with small pavilions scattered between winding paths. There are 108 gardens preserved in Suzhou, 9 of which were selected in 1997 and 2000 as UNESCO World Heritage Sites.</Text>
    </Line>
    <Line Key="TXT_ENC_IMP_CLASSICAL_GARDENS_OF_SUZHOU_STRATEGY_0">
      <Text>The Gardens enhance the likelihood of Activist, Scientist, and Writer Paragons appearing in your Nation. For each of these Paragons in your Nation, your Cities gain additional {TXT_TRM_EDUCATION} and {TXT_TRM_WEALTH}.</Text>
    </Line>
    <Line Key="TXT_ENC_IMP_COLOGNE_CATHEDRAL_HISTORY_0">
      <Text>The Cologne Cathedral in Cologne, Germany is the tallest twin-spire cathedral in the world and is a beautiful example of Gothic architecture and German Catholicism. Construction on the cathedral began in 1248 by Archbishop Konrad von Hochstaden, but it was not finished until 1880. Despite this massive construction time that spanned several centuries, Cologne Cathedral remained faithful to its original medieval floor plans. Currently, the church is the seat of the Archbishop of Cologne and the Archdiocese of Cologne./n/nThe cathedral has seen much hardship throughout the years after being mostly completed in the 19th century. During World War II, it was struck by at least 14 aerial bombs but remained standing despite its surrounding city being almost destroyed. Architects used bricks from surrounding destroyed buildings to repair the damage, and these bricks were visible until a renovation project in 2005.</Text>
    </Line>
    <Line Key="TXT_ENC_IMP_COLOGNE_CATHEDRAL_STRATEGY_0">
      <Text>The Cathedral increases the range of your Religion’s spread and provides a significant boost to the Security in the city where it is constructed.</Text>
    </Line>
    <Line Key="TXT_ENC_IMP_COLOSSEUM_HISTORY_0">
      <Text>This 3rd century amphitheater is one of the largest colosseums in North Africa. Located in Tunisia, this Roman inspired architectural feat is built solely on stone, mimicking the design of the famous Colosseum of Rome. It was built under emperor Gordian between 230 and 238 CE. Inside, its tiered seating system allows for up to about 35,000 spectators. Research and archeological findings suggest this amphitheater was used for gladiatorial games, performances, served as a citadel, and more./n/nDespite its age, the structure stands strong with little restoration work performed. It was named a UNESCO world heritage site in 1979.</Text>
    </Line>
    <Line Key="TXT_ENC_IMP_COLOSSEUM_STRATEGY_0">
      <Text>Completing this Triumph increases the {TXT_TRM_HAPPINESS} and {TXT_TRM_WEALTH} for all Cities in your {TXT_TRM_NATION}.</Text>
    </Line>
    <Line Key="TXT_ENC_IMP_COLOSSUS_OF_RHODES_HISTORY_0">
      <Text>The Colossus of Rhodes is a statue of the Greek sun god Helios. It was built in Rhodes beginning in 292 BCE and ending around 280 BCE. It was erected to commemorate Rhodes' victory over Demetrius I of Macedon, who had besieged the prosperous city of Rhodes for a year./n/nThe statue was composed of marble, iron, bronze, and stone. These materials were sourced from mines. It is believed much of the money used to purchase the materials came from selling the weapons abandoned by Demetrius’ army. The Colossus collapsed in an earthquake in 226 BCE and most of its remnants remained on the ground for hundreds of years. Over time the metal was looted and carted away to be melted, transformed, or sold.</Text>
    </Line>
    <Line Key="TXT_ENC_IMP_COLOSSUS_OF_RHODES_STRATEGY_0">
      <Text>This Triumph must be built along the Coast./n/nOnce constructed, the Colossus of Rhodes increases the craft production for Docks Improvements in the same City. Additionally, this prestigious Triumph bolsters your Nation’s navy by increasing the amount of Sea Forces you can recruit by 2.</Text>
    </Line>
    <Line Key="TXT_ENC_IMP_EIFFEL_TOWER_HISTORY_0">
      <Text>The Eiffel Tower is a wrought-iron structure in Paris, France. Constructed in 1889 on the Champ de Mars (Mars Field), the Eiffel Tower is named after Gustave Eiffel, the engineer whose company built the tower. It was built to commemorate the 100th anniversary of the French Revolution./n/nThe Tower was built as the 1889 entrance to the Exposition Universelle. Upon opening, it contained three restaurants at the main level, several scientific laboratories at the top, and an apartment for Eiffel. Elevators carry visitors to the main level and up to the top./n/nThe Tower is a wrought iron latticework anchored to the ground by four wide legs gently curving together into a needle about 305 meters high. Originally criticized by many for its design, it is now recognized as one of the most beautiful and recognizable structures in the world.</Text>
    </Line>
    <Line Key="TXT_ENC_IMP_EIFFEL_TOWER_STRATEGY_0">
      <Text>The Eiffel Tower grants Prestige per Turn. Slotting /href:t:Term:term_Worker/Experts/Endhref/ into this Triumph increases its Prestige output.</Text>
    </Line>
    <Line Key="TXT_ENC_IMP_GREAT_PYRAMIDS_OF_GIZA_HISTORY_0">
      <Text>The Great Pyramid of Giza is a stone pyramid built in what is modern day Cairo, Egypt. It is the oldest and largest of the three pyramids in the Giza plateau./n/nThe purpose of the Great Pyramid is highly debated, but the most accepted theory is that it was built as the tomb of the Egyptian pharaoh Khufu, also known as "Cheops." There are just a few chambers inside the Pyramid, variously named the "King's Chamber," "Queen's Chamber," "Grand Galley" and the "Big Void." It is made of roughly six million tons of rocks, all placed by manual labor. The mystery of how the Great Pyramid of Giza was built remains unanswered, but many believe a system of ramps along with some highly skilled workers, made its decades-long construction possible.</Text>
    </Line>
    <Line Key="TXT_ENC_IMP_GREAT_PYRAMIDS_OF_GIZA_STRATEGY_0">
      <Text>Upon unlocking Masonry technology, a Nation must skillfully craft the essential Ceramic Pots, Lithic Tools, and Rope needed to build this colossal megalith. Once complete, the Great Pyramid of Giza provides a moderate boost to {TXT_TRM_WEALTH}.</Text>
    </Line>
    <Line Key="TXT_ENC_IMP_GUGGENHEIM_MUSEUM_BILBAO_HISTORY_0">
      <Text>The Guggenheim Museum Bilbao is one of the largest museums in Spain and is heralded as a "signal moment of architectural culture". Its design is unique and modern and was adored by critics, academics, and the general public. It opened in October 1997 and was inaugurated by King Juan Carlos I of Spain. The museum contains over 250 works of art that are either permanent or rotated through visiting exhibits year-round./n/nThe Guggenheim Museum Bilbao was built in the port area of Bilbao, which served as the city's main source of income. Thanks to its immediate popularity, the city of Bilbao earned around 100 million euro in its first three years of operation which both recouped the museum's building cost and helped the city revitalize itself. This rejuvenation of the city was called the "Bilbao Effect."</Text>
    </Line>
    <Line Key="TXT_ENC_IMP_GUGGENHEIM_MUSEUM_BILBAO_STRATEGY_0">
      <Text>The Guggenheim Museum Bilbao increases the Masterpiece Creation Rate in all Cities and provides bonus Prestige per turn for each distinct Culture improvement in a Nation.</Text>
    </Line>
    <Line Key="TXT_ENC_IMP_HADRON_COLLIDER_HISTORY_0">
      <Text>Around the 1940s Rolf Widerøe began investigating electron accelerators and the use of high energy physics. His work significantly influenced the construction of what are known as particle colliders. One of the first particle colliders ever built was fired up in 1971 at CERN inside the Intersecting Storage Rings. Instruments such as these collide particles at the speed of light with the goal of studying how some of the smallest pieces of the universe interact. Some currently operating colliders include the RHIC in the United States, DAFNE in Italy, and the SuperKEKB in Japan.</Text>
    </Line>
    <Line Key="TXT_ENC_IMP_HADRON_COLLIDER_STRATEGY_0">
      <Text>The Particle Collider greatly increases the Prestige earned from Researching Technologies and decreases the Research cost for all Technologies. Completing this Triumph will grant a large boost to Research.</Text>
    </Line>
    <Line Key="TXT_ENC_IMP_HANGING_GARDENS_OF_NINEVEH_HISTORY_0">
      <Text>The Hanging Gardens of Nineveh were one of the Seven Wonders of the Ancient World. They were a massive set of tiered gardens that contained trees, shrubs, vines, and other foliage constructed on a mountain of mud bricks. Built by the Assyrian King Sennacherib around the 6th century, they resided near the Tigris River where the modern city of Mosul is today./n/nThe gardens were a technological marvel, since their size meant irrigation and engineering were needed to keep all the plants watered. Sennacherib built massive amounts of aqueducts, canals, and dams that carried water to the city of Nineveh using water-raising screws, which also provided the lush garden with the water needed to maintain it. Imported trees and hanging plants made the Hanging Gardens of Nineveh an exotic and beautiful place and inspired the use of Hanging Gardens throughout the ancient world.</Text>
    </Line>
    <Line Key="TXT_ENC_IMP_HANGING_GARDENS_OF_NINEVEH_STRATEGY_0">
      <Text>Unlock this Triumph with the power of Irrigation, a Bronze Age technology. These splendid gardens are painstakingly crafted using Flowers, Ceramic Pots, and a few Lithic Tools. Once fully realized, the Hanging Gardens provide a moderate boost to the {TXT_TRM_CITY} {TXT_TRM_HEALTH}.</Text>
    </Line>
    <Line Key="TXT_ENC_IMP_HIMEJI_JO_HISTORY_0">
      <Text>Himeji-jo, or Himeji Castle, is the most well-maintained and one of the largest castles in Japan. Built in the Hyōgo Prefecture of Japan, it contains 83 rooms and defense systems from the feudal era. The complex has been expanded many times during its existence and has changed hands just as many. Despite this, the castle has remained standing through many disasters. It survived the bombing of Himeji in World War II and the Great Hanshin earthquake in 1995./n/nHimeji-jo was named a UNESCO World Heritage Site in 1993, becoming one of the first in Japan. It is a Special Historic Site and five of its structures are considered National Treasures. Because of its importance to the Japanese people and its status as a World Heritage Site, the castle has closed for large restoration projects that cleaned the exterior and repaired previously damaged roofing and walls to restore it to its former glory.</Text>
    </Line>
    <Line Key="TXT_ENC_IMP_HIMEJI_JO_STRATEGY_0">
      <Text>Himeji-jo significantly boosts the /href:t:Term:term_City/City’s/Endhref/ {TXT_TRM_SIEGE_DEFENSE} and increases the {TXT_TRM_UNIT_STRENGTH} of all /href:t:Term:term_Army/Forces/Endhref/ stationed within its borders.</Text>
    </Line>
    <Line Key="TXT_ENC_IMP_HWASEONG_FORTRESS_HISTORY_0">
      <Text>Hwaseong Fortress was built by King Jeongjo in 1794 in Gyeonggi-do, South Korea, to preserve and honor the remains of his father, Crown Prince Jangheon. The fortress was built over a two-year period and contained a large palace, four main gates, and a full perimeter wall, The Suwoncheon (a large stream) flows through the center of the fortress. Unfortunately, the site suffered considerable damage during the Korean War, but conservation efforts continue to preserve the building./n/nThe fortress is extremely well-fortified. King Jeongjo wished to move the previous capital of Seoul to Suwon using the fortress as his base of operations. He wanted to leave the factional strife in Seoul behind and ordered people to move to Suwon, exempting them from taxes for ten years while also investing in social infrastructure, like schools, to encourage population growth.</Text>
    </Line>
    <Line Key="TXT_ENC_IMP_HWASEONG_FORTRESS_STRATEGY_0">
      <Text>Hwaseong Fortress greatly increases the rate at which its City generates Claims and increases the Strength of all Land Forces stationed within it.</Text>
    </Line>
    <Line Key="TXT_ENC_IMP_JOHNS_HOPKINS_HOSPITAL_HISTORY_0">
      <Text>Johns Hopkins Hospital was founded by philanthropist and city merchant Johns Hopkins to serve as a school and center for medical research in Baltimore, Maryland. It is one of the world's greatest hospitals and medical institutions. The hospital and school were the founding institutions of modern American medicine and made several advances in medical traditions including having residents and house staff./n/nThe hospital and school were built at the behest of Johns Hopkins, who left $7 million in his will to construct the two institutions that would bear his name. Since it was built, the hospital has made numerous medical advancements and achievements. The hospital also published the /:I/Harriet Lane Handbook/r/, which has been an essential tool for pediatricians all over the world for over 60 years.</Text>
    </Line>
    <Line Key="TXT_ENC_IMP_JOHNS_HOPKINS_HOSPITAL_STRATEGY_0">
      <Text>Johns Hopkins Hospital enhances the /href:t:Term:term_Health/Health/Endhref/ benefits Hospitals provide for your Nation. Additionally, each Hospital Improvement provides a modest increase to Research.</Text>
    </Line>
    <Line Key="TXT_ENC_IMP_LA_GRAND_PLACE_HISTORY_0">
      <Text>Also called the "Grote Markt", La Grand-Place is a large central square in Brussels, Belgium that is surrounded by opulent buildings that include the city's Town Hall.  It is one of the most beautiful squares in Europe and an important tourist destination. It was created during the same time Brussels began its commercial development. There are mentions of the Grand Market in documents dating back to 1174./n/nBrussels' Town Hall was built on the south side of La Grand-Place in the 15th century, which further marked it as a central hub for the city's residents and merchants. It fell to ruin in 1695 when Brussels was set upon by the French army and destroyed in a massive bombardment from cannons and mortars. It was rebuilt in the following years and served as a market until 1959.</Text>
    </Line>
    <Line Key="TXT_ENC_IMP_LA_GRAND_PLACE_STRATEGY_0">
      <Text>La Grand-Place significantly boosts the {TXT_TRM_WEALTH} of the City where it is constructed and increases the amount of {TXT_ITM_COIN} produced by Customs Houses. The first {TXT_TRM_WORKER} assigned to this Triumph boosts the amount of {TXT_TRM_RESEARCH} generated by Libraries, and the second {TXT_TRM_WORKER} stationed here gives bonus {TXT_TRM_HAPPINESS}.</Text>
    </Line>
    <Line Key="TXT_ENC_IMP_LIBRARY_OF_CELSUS_HISTORY_0">
      <Text>The Library of Celsus is one of the only remaining libraries from the Roman Empire. Located in ancient Ephesus (western Türkiye). It was originally built around 110-114 CE as a crypt to honor Gaius Julius Aquila’s father, Tiberius Julius Celsus Polemaeanus. He was a prominent man in Roman politics. The interior of the library covered 2,000 square feet, held up to 12,000 scrolls. The library was open to the public until it was destroyed in 262 CE by a massive fire that destroyed nearly all its contents and caused the building to collapse. The façade survived until it was knocked down by an earthquake around the 10th or 11th century. German archaeologist Volker Michael Strocka led the reconstruction campaign to repair the façade from 1970 to 1978.</Text>
    </Line>
    <Line Key="TXT_ENC_IMP_LIBRARY_OF_CELSUS_STRATEGY_0">
      <Text>This extraordinary repository of science boosts the {TXT_TRM_PRESTIGE} and {TXT_TRM_EDUCATION} for your {TXT_TRM_NATION}. Additionally, it serves as a favored spawning ground for Paragons within its grand halls. Building the Library of Celsus is no small feat: a {TXT_TRM_NATION} must not only gather a significant amount of {TXT_TRM_WOOD} and {TXT_TRM_STONE} for construction, but it must also /href:t:Term:term_Crafting/Craft/Endhref/ /i:Crafting/ the Books required to fill its shelves.</Text>
    </Line>
    <Line Key="TXT_ENC_IMP_LIGHTHOUSE_AT_ALEXANDRIA_HISTORY_0">
      <Text>The Lighthouse at Alexandria, used to guide and protect sailors as they approached the coast of the City of Alexandria, was built in the Island of Pharos, Egypt. It is assumed the lighthouse might have been dedicated to the gods Zeus Soter and Proteus, the Greek sea god. Created during the reigns of Ptolemy I and Ptolemy II circa 300-246 BCE, it stood over 100 meters tall, and was one of the Seven Wonders of the Ancient World. The lighthouse lasted well past Ptolemy's death but received quite a bit of structural damage from earthquakes in 796 and 951 CE. It eventually collapsed over three more earthquakes in 956, 1303, and 1323 CE. The lighthouse remained undiscovered until 1968, and then in 1994 when new remains were found on the floor of Alexandria's Eastern Harbor.</Text>
    </Line>
    <Line Key="TXT_ENC_IMP_LIGHTHOUSE_AT_ALEXANDRIA_STRATEGY_0">
      <Text>This Triumph must be built along the Coast./n/nThis Triumph is a testament to maritime ingenuity. The nation that charts the course of Navigation and can craft the components needed for construction may erect this beacon upon their shores. With its light, the Nation’s navy extends its Vision Range, and its Merchants may find additional markets to sell their wares. The sea, once veiled, now yields its secrets—a signal for trade and exploration.</Text>
    </Line>
    <Line Key="TXT_ENC_IMP_LONDON_EYE_HISTORY_0">
      <Text>The London Eye is one of the most iconic landmarks in England. It was built in 1999 as a landmark to commemorate the millennium (2000) in London. Located along the River Thames, it is the tallest observation wheel in Europe and is one of the most popular attractions in the United Kingdom. It towers over its surroundings at a massive height of 443 feet, which made it the world's tallest Ferris wheel when it opened in 2000. There are 32 capsules on the London Eye. Each of the capsules corresponds to one of the 32 boroughs of London, and while they normally remain empty for passengers, the 20th birthday of the London Eye saw them transform into "experiences" for guests. These experiences included a pub, a west end theater pod, and a garden party pod.</Text>
    </Line>
    <Line Key="TXT_ENC_IMP_LONDON_EYE_STRATEGY_0">
      <Text>The London Eye increases the {TXT_TRM_HAPPINESS} and {TXT_TRM_WEALTH} of a {TXT_TRM_CITY} for each {TXT_TRM_REGION} in its domain. Assigning /href:t:Term:term_Worker/Experts/Endhref/ to this Triumph results in additional {TXT_TRM_COIN} generation each turn.</Text>
    </Line>
    <Line Key="TXT_ENC_IMP_MINES_OF_RAMMLESBERG_HISTORY_0">
      <Text>The Mines of Rammelsberg are a large mine complex under the Rammelsberg mountain in Lower Saxony and is the only mine to have been working continuously for over 1,000 years. The earliest mining activity discovered in the mines dates back to around the 7th century CE thanks to the remnants of Anglo-Saxon burial objects made using the ore from the mine. No record of mining exists until 968 CE, well into the Middle Ages when Otto the Great used the mine to harvest silver ore deposits./n/nThe mines passed from kingdom to kingdom as the years went on, providing ample supplies of silver, copper, sulfur, and lead. The massive amounts of ore harvested from the mines gave great wealth and power to the city of Goslar that owned and managed them. The mines eventually ceased production in 1988 and were transformed into a mining museum open to the public.</Text>
    </Line>
    <Line Key="TXT_ENC_IMP_MINES_OF_RAMMLESBERG_STRATEGY_0">
      <Text>The Mines of Rammelsberg provide Precious Metals and Metal Ingots each turn and boost the {TXT_TRM_CRAFTPRODUCTION} for of {TXT_IMP_WORKSHOP {#123}} in this {TXT_TRM_CITY}. Assigning a {TXT_TRM_WORKER} to this {TXT_TRM_TRIUMPH} will also increase the {TXT_TRM_HARVESTPRODUCTION} for Stone Pits and Mines in this {TXT_TRM_CITY}.</Text>
    </Line>
    <Line Key="TXT_ENC_IMP_MONASTERY_OF_BATALHA_HISTORY_0">
      <Text>Found in the Centro Region of Portugal, the Batalha Monastery or the /:I/Monastery of Saint Mary of the Victory/r/ is one of the best examples of Late Gothic architecture in Portugal. It was originally built in 1386 after the Battle of Aljubarrota to commemorate the victory of the Portuguese army against the Castilians, guaranteeing Portuguese independence. The entire monastery took a full century to build and once it was fully erected, it was used as a burial site for the Aviz dynasty throughout the 15th century./n/nThanks to its unique design, the Monastery of Batalha served as a central influence for art and architecture after its completion. One of the monastery's most beautiful and complex features is its main door. Set around the door are over 100 statues that depict Christ, Saints, the Evangelists, the apostles, and other biblical figures like angels.</Text>
    </Line>
    <Line Key="TXT_ENC_IMP_MONASTERY_OF_BATALHA_STRATEGY_0">
      <Text>The Monastery increases the construction speed for Religious Triumphs and boosts the {TXT_TRM_WEALTH} and {TXT_TRM_HAPPINESS} for each Prophet and Engineer Paragon in your Nation. Additionally, completing the Monastery of Batalha will provide one free Paragon.</Text>
    </Line>
    <Line Key="TXT_ENC_IMP_NEMRUT_DAG_HISTORY_0">
      <Text>Located in Adıyaman Province, Türkiye, Nemrut Dağ has a collection of ancient statues of the gods built in 62 BCE by King Antiochus I Theos of Commagene. The formerly seated statues depict a mix of both Greek gods and gods of ancient Persia, including Zeus, Apollo, Hermis, Oromasdes, and Artagnes. The heads show deliberate damage to their faces that may have been a cause of iconoclasm, the social belief that it is important to destroy icons and monuments for religious reasons./n/nThe collection of statues is not the only point of interest at Nemrut Dağ. A large terrace on the western side of Mount Nemrut contains massive sculptures of lions and eagles and a carving depicting Mars, Jupiter, and Mercury. The positions of the planets and the stars surrounding it are their positions in the night sky on July 7th, 62 BCE. This carving, as well as the types of statues included, helped archaeologists identify Nemrut Dağ as a site of religious ceremonies.</Text>
    </Line>
    <Line Key="TXT_ENC_IMP_NEMRUT_DAG_STRATEGY_0">
      <Text>The pioneering Iron Age nation that researches the Code of Laws, gathers the essential Materials, Timber, Lithic Tools, and Statuary, shall witness this monumental Triumph stand tall, embodying the expansionist’s dream. Once erected, Nemrut Dag becomes a testament to a Nation’s ambition, granting the capacity to govern an additional City, regardless of the existing Government structure.</Text>
    </Line>
    <Line Key="TXT_ENC_IMP_OXFORD_UNIVERSITY_HISTORY_0">
      <Text>Oxford University, located in Oxford, England, is the oldest university in the English-speaking world. There is evidence of classes being taught at the university as early as 1096. It is one of the most prestigious academic institutions in the world, with many Nobel Prize laureates and Turing Award winners having graduated from the university over its lifetime./n/nThe University thrived and grew exponentially when King Henry II banned English students from attending the University of Paris in 1167. During the 13th century, the University established private residence halls which would later turn into colleges. It wasn't until the late 19th century and early 20th century that women were admitted into the residence halls and the university. Oxford University boasts the title of the second-oldest university in continuous operation behind the University of Bologna which began teaching in 1088.</Text>
    </Line>
    <Line Key="TXT_ENC_IMP_OXFORD_UNIVERSITY_STRATEGY_0">
      <Text>Oxford University increases Research for each Paragon in your Nation and increases the Research output for all Universities. Slotting /href:t:Term:term_Worker/Experts/Endhref/ into this Triumph will increase /href:t:Term:term_Education/Education/Endhref/ and Research in the Improvement's City.</Text>
    </Line>
    <Line Key="TXT_ENC_IMP_SAGRADA_FAMILIA_HISTORY_0">
      <Text>La Basilica de la Sagrada Familia is a massive Catholic Basilica in Spain. Its construction began in 1882; however, the basilica has remained unfinished and work to complete it is still ongoing. After its original architect quit in 1883, Antoni Gaudi attempted to finish the massive structure. Work on the structure was slowed over the next few years, and all but halted by the Spanish Civil War where much of Gaudi's original plans for the building were lost thanks to revolutionaries setting fire to the crypts. Technological advancements have assisted in piecing together what remains of Gaudi's plans for the basilica, but the massive amount of work remaining will not be completed until at least 2026./n/nLa Sagrada Familia was consecrated by Pope Benedict XVI on the 7th of November 2010.</Text>
    </Line>
    <Line Key="TXT_ENC_IMP_SAGRADA_FAMILIA_STRATEGY_0">
      <Text>The Sagrada Familia increases the construction speed for all Triumphs in your Nation.</Text>
    </Line>
    <Line Key="TXT_ENC_IMP_STATUE_OF_LIBERTY_HISTORY_0">
      <Text>The Statue of Liberty is known worldwide as the famous copper statue that welcomes ships into New York Harbor from Liberty Island in New York City, USA. The statue was built as a gift to the United States from France by sculptor Frédéric Auguste Bartholdi and Gustave Eiffel, who created the Eiffel Tower in France. The statue is modeled after the Roman goddess Libertas, who holds a torch in one hand and a tabula ansata in the other, representing the Declaration of Independence. The statue has served as a symbol of welcome to sea-bound immigrants to the United States as they approached Ellis Island. Before the statue was erected in New York City, her head and torch were displayed at several expositions in the United States to garner more funding for its eventual construction.</Text>
    </Line>
    <Line Key="TXT_ENC_IMP_STATUE_OF_LIBERTY_STRATEGY_0">
      <Text>This Triumph must be built along the Coast./n/nThe Statue of Liberty increases {TXT_TRM_GROWTH} in the {TXT_TRM_CITY} it is built. Slotting /href:t:Term:term_Worker/Experts/Endhref/ into this Triumph increases Happiness in the City.</Text>
    </Line>
    <Line Key="TXT_ENC_IMP_STONEHENGE_HISTORY_0">
      <Text>Stonehenge is a collection of ancient stone circles, burial mounds, and archaeological sites located on Salisbury Plain, England. Stonehenge was constructed in stages, the earliest bits dating back to perhaps 3000 BCE, and the most "modern" parts added 1500 years later. This construction period spans the late Neolithic Period to the Bronze Age./n/nPhysically, Stonehenge consists of several concentric stone circles, including some extremely large stones with other extremely large stones lying atop them. No one knows exactly what the various stone circles were erected for, but it is assumed that they were at one point used during religious ceremonies, as a meeting location, or a temple. Stonehenge is a UNESCO World Heritage site. A great effort has been made to return the area to a more pristine state and to stop the stones from shifting under the weight of the thousands of tourists who visit every day.</Text>
    </Line>
    <Line Key="TXT_ENC_IMP_STONEHENGE_STRATEGY_0">
      <Text>The first nation of the Ancient Era to unravel the mysteries of Ropemaking, to amass the {TXT_ITM_WOOD} and {TXT_ITM_STONE} requisite for its construction, shall witness a triumphant monument rise in its honor. Your citizens, like celestial bodies, soon align with its cosmic rhythms—/href:t:Term:term_Health/Health/Endhref/ blooms, and /href:t:Term:term_Education/Education/Endhref/ ascends. Behold, the dawn of Stonehenge!</Text>
    </Line>
    <Line Key="TXT_ENC_IMP_ST_BASILS_CATHEDRAL_HISTORY_0">
      <Text>Recognized instantly by its bright and colorful domes, St. Basil's Cathedral is a famous Orthodox church in the Red Square of Moscow, Russia. Originally built in 1555 under the order of Ivan the Terrible. It was one of the first churches to be erected and dedicated to a military victory and served as a huge political statement to both Ivan's allies and enemies. Some believe the nine domes of the cathedral each correspond to a different church and are meant to evoke the image of a bonfire rising towards the sky./n/nAfter the Soviet Union rose to power, the cathedral did not operate as a religious institution. Instead, it served as the State Historical Museum until 1928. When the Soviet Union eventually dissolved, services once again opened at St. Basil's in 1997.</Text>
    </Line>
    <Line Key="TXT_ENC_IMP_ST_BASILS_CATHEDRAL_STRATEGY_0">
      <Text>St. Basil’s Cathedral increases the likelihood of spawning Artist, Engineer, and Prophet Paragons. After construction, each Artist, Engineer and Prophet in your nation will grant an additional boost to Happiness and Security.</Text>
    </Line>
    <Line Key="TXT_ENC_IMP_TAJ_MAHAL_HISTORY_0">
      <Text>The Taj Mahal is a "mausoleum complex" in Uttar Pradash state, India. It was constructed by the emperor Shah Jahan to immortalize his wife, Mumtaz Mahal, after her death in childbirth. Construction began around the year 1631 CE. About 20,000 workers from Europe, India, Persia, and the Ottoman Empire were employed to work on the mausoleum which was complete around 1648./n/nThe Taj Mahal is built of white marble. The central dome is 240 feet high and flanked by four smaller domes. A minaret sits at each corner of the complex. Smaller buildings, gardens, and ornamental pools surround the main mausoleum. Many of the walls are covered with Arabic calligraphy and semi-precious stones in intricate designs.</Text>
    </Line>
    <Line Key="TXT_ENC_IMP_TAJ_MAHAL_STRATEGY_0">
      <Text>Once constructed, the Taj Mahal greatly increases {TXT_TRM_GROWTH} in the host City for each Alliance your Nation is a member. Additionally, if you choose to assign an {TXT_TRM_WORKER} to this Triumph, you’ll gain a significant overall boost to the Quality of Life for the people in the City.</Text>
    </Line>
    <Line Key="TXT_ENC_IMP_TEMPLE_OF_BEL_HISTORY_0">
      <Text>The Temple of Bel is an ancient temple located in Palmyra, Syria. Originally a temple that worshipped the Mesopotamian gods Bel, Aglibol, and Yarhibol, it was the center of religious life in ancient Palmyra. The site of its construction was inhabited by humans since the third millennium BCE and preceded by another temple, indicating the site held great religious significance throughout its use. While it was built to honor Mesopotamian gods, the Temple of Bel's architecture showed the Greco-Roman influence of its time. This was because Greek architects worked on the temple, as revealed by their names being inscribed into the ancient walls.</Text>
    </Line>
    <Line Key="TXT_ENC_IMP_TEMPLE_OF_BEL_STRATEGY_0">
      <Text>The Temple of Bel provides a large {TXT_TRM_AESTHETICS} boost in its host {TXT_TRM_CITY} and increases the {TXT_TRM_RELIGION_SPREAD} Strength in all {TXT_TRM_CITY {#123}} across your {TXT_TRM_NATION}. Assigning {TXT_TRM_WORKER {#123}} into this {TXT_TRM_TRIUMPH} will increase how far {TXT_TRM_RELIGION} will spread from your {TXT_TRM_CITY {#123}}.</Text>
    </Line>
    <Line Key="TXT_ENC_IMP_THE_ACROPOLIS_HISTORY_0">
      <Text>The Acropolis of Athens, also known as Cecropia by its ancient inhabitants, is an ancient citadel sitting at the top of a hill in Athens, Greece. The Mycenaean Civilization was one of the first major cultures to exist in the area, building a fortifying wall around them. The Acropolis saw its biggest growth during the Golden Age of Athens under Pericles’ rule. He began the work to build structures which include the Parthenon, the Old Temple of Athena, the Odeon of Herodes Atticus, the Theater of Dionysus, and the Odeon of Pericles. The structures were repurposed throughout history, which contributed to their degradation. Its biggest loss was in 1687, when the Venetians bombarded the Acropolis, severely damaging structures, and the surrounding area. Conscious efforts to preserve and restore the site along with its monuments are on their way.</Text>
    </Line>
    <Line Key="TXT_ENC_IMP_THE_ACROPOLIS_STRATEGY_0">
      <Text>The Acropolis increases the speed at which Triumphs are built in its City. Furthermore, assigning an {TXT_TRM_WORKER} to this Triumph will provide a boost to ALL citizen stats in the host City.</Text>
    </Line>
    <Line Key="TXT_ENC_IMP_THE_LOTUS_TEMPLE_HISTORY_0">
      <Text>Located in New Delhi, India, the Lotus Temple, also known as Mashriqu’l-Adhkár gained its name from its flower-like shape and striking beauty. It was named a temple of the Bahá’í Faith and house of worship in 1986. The temple invites people of all religions, ages, nationalities, and walks of life to worship in their space. The marble used to construct the temple is from the Penteli mountains in Greece which is the same source of marble that was used to construct ancient monuments like the Parthenon. In addition to being a beautiful and powerful symbol of religious unity, the temple was built to be environmentally friendly and is the first temple in Delhi to use solar power. It also hosts spiritual classes focused on growth and development for people of all ages.</Text>
    </Line>
    <Line Key="TXT_ENC_IMP_THE_LOTUS_TEMPLE_STRATEGY_0">
      <Text>The Lotus Temple provides a large boost to all {TXT_TRM_CITIZEN_STATS} in its host City and boosts the {TXT_TRM_RELIGION_SPREAD} Distance for all Cities in your {TXT_TRM_NATION}. Additionally, assigning an {TXT_TRM_WORKER} to this {TXT_TRM_TRIUMPH} grants bonus {TXT_TRM_PRESTIGE} per turn.</Text>
    </Line>
    <Line Key="TXT_ENC_IMP_THE_SMITHSONIAN_INSTITUTE_HISTORY_0">
      <Text>The Smithsonian Institution is a group of museums and research centers located mainly in Central Washington, D.C. First established in 1846, the Institution is made up of 19 museums, 21 libraries, 9 research centers, and a zoo. The Smithsonian Institution building, the first and oldest out of all the buildings, is commonly referred to as the Castle due to its architecture and beauty./n/nDespite its massive collections and numerous buildings, the Smithsonian Institution is free to the public, gaining most of its funding from private and corporate contributions and annual federal appropriations. The museums have displayed everything from the American Superfortress /:I/Enola Gay/r/ to the remains of an ancient giant sloth found in 1951.</Text>
    </Line>
    <Line Key="TXT_ENC_IMP_THE_SMITHSONIAN_INSTITUTE_STRATEGY_0">
      <Text>This extremely powerful Triumph should be prioritized by all players due to the cumulative powers of the bonuses it provides. The Smithsonian boosts the {TXT_TRM_CITIZEN_STATS} for each {TXT_TRM_IMPROVEMENT {#123}} built in a {TXT_TRM_CITY}, depending on their type./n/nFor example: Science improves {TXT_TRM_EDUCATION}. Commerce improves {TXT_TRM_WEALTH}. Government improves {TXT_TRM_HEALTH}. Religion improves {TXT_TRM_AESTHETICS}. Culture improves {TXT_TRM_HAPPINESS}. Industry improves {TXT_TRM_PRODUCTION}. Military increases {TXT_SIEGE_DEFENSE}.</Text>
    </Line>
    <Line Key="TXT_ENC_IMP_THE_WHITE_COLUMN_HISTORY_0">
      <Text>Originally built in a small village that turned into a grand estate for the princes of Muscovy, the Church of Ascencion in Kolomenskoye, also known as the White Column of Kolomenskoye, was built in 1532 near Moscow, Russia. It was built to commemorate the birth of the newest heir to the throne who would grow up to become Ivan the Terrible. It is one of the first churches of its kind and is built with a unique tent-like shape that broke from the traditional architecture and represented a new era of Russian architecture.  It was named a UNESCO World Heritage site in 1994 thanks to this incredible influence.</Text>
    </Line>
    <Line Key="TXT_ENC_IMP_THE_WHITE_COLUMN_STRATEGY_0">
      <Text>The White Column boosts the Population Growth for its host City and increases the construction speed for all other Religious Triumphs. Slotting workers into this Triumph will increase the Religious Strength spread of its City.</Text>
    </Line>
    <Line Key="TXT_ENC_IMP_VOLKLINGEN_IRONWORKS_HISTORY_0">
      <Text>Located in the town of Völklingen, Saarland, Völklingen Ironworks is one of the most well-preserved smelting works from the boom of the iron and steel industries of the 19th century. The massive smeltery held 6 colossal blast furnaces used to smelt iron. The ironworks chugged on for nearly a century, producing iron for Germany in incredible quantities that reached over a million tons./n/nOnce the ironworks had run its course, it was closed in 1986 and preserved instead of being torn down. After its closure, it soon became one of the only intact examples of integrated ironworks in both Western Europe and North America. Because of its massive size and contribution to the Golden Age of the steel and iron industries, it was listed as a UNESCO World Heritage site in 1994. It was the first industrial monument to ever be put onto the World Heritage list.</Text>
    </Line>
    <Line Key="TXT_ENC_IMP_VOLKLINGEN_IRONWORKS_STRATEGY_0">
      <Text>The Volkingen Ironworks provides an increase to Production in its City, and a small increase to Production across all Cities in its Nation. Slotting workers into this Triumph will increase Production in its City.</Text>
    </Line>
  </Locale>
</GameText>
