<?xml version="1.0" encoding="UTF-8"?>
<GameText>
  <!--This is a generated file.  Do not edit this file.  Edit the original source file and regenerate-->
  <Locale ID="en">
    <Line Key="TXT_ENC_TCH_ADVANCED_CHEMISTRY_HISTORY_0">
      <Text>Pharmacology is a medical discipline that has roots in the work of medieval apothecaries. Pharmacology specifically encompasses how the administration of drugs affects people and animals, and what the drug itself does once it’s entered the system. Until standardization was ushered in by chemistry and biology in the 18th century, pharmacology was an inexact science.</Text>
    </Line>
    <Line Key="TXT_ENC_TCH_ADVANCED_CHEMISTRY_STRATEGY_0">
      <Text>Pharmacology enables advanced medical and health-boosting capabilities. This technology enhances your nation's ability to develop effective medicines, improving public health and longevity. For nations looking to enhance the health and quality of life of their citizens, Pharmacology is essential.</Text>
    </Line>
    <Line Key="TXT_ENC_TCH_AGRONOMY_HISTORY_0">
      <Text>This branch of agriculture focuses on soil management and crop production. Evidence of such agricultural practices dates back to the Neolithic era and the first agricultural revolution. Places like ancient Egypt, Mesopotamia, and India developed a variety of techniques to optimize their crop production, soil fertility, and more.</Text>
    </Line>
    <Line Key="TXT_ENC_TCH_AGRONOMY_STRATEGY_0">
      <Text>Through the science of managing soil and cultivating crops, the discovery of Agronomy played a crucial role in guiding Nations away from a nomadic existence and toward establishing more permanent settlements across the world.</Text>
    </Line>
    <Line Key="TXT_ENC_TCH_ALCHEMY_HISTORY_0">
      <Text>Alchemy is a medieval science based on chemistry and natural philosophy. The exact origin of alchemy is tough to pinpoint, but some of the oldest forms of this science can be found in Chinese alchemy, Indian alchemy, and “Western” alchemy (which had its rise in the Mediterranean.) Alchemy was studied for many purposes including the possible reproduction of gold and the creation of the elixir of immortality.</Text>
    </Line>
    <Line Key="TXT_ENC_TCH_ALCHEMY_STRATEGY_0">
      <Text>Researching alchemy grants your nation an early grasp of chemistry, allowing for the creation of potent medicines and elixirs. This knowledge can boost your population's health and longevity. Additionally, alchemy fosters a spirit of scientific curiosity, paving the way for future innovations.</Text>
    </Line>
    <Line Key="TXT_ENC_TCH_ALGEBRA_HISTORY_0">
      <Text>At a very basic level, Algebra is a branch of mathematics which uses non-numerical symbols to solve mathematical equations. Muhammad ibn Musa al-Khwarizmi is known as the father of algebra, but the very beginnings of algebra are said to be found on the Plimpton 322 tablet, found in Babylon, created between 1600 – 1900 BCE.</Text>
    </Line>
    <Line Key="TXT_ENC_TCH_ALGEBRA_STRATEGY_0">
      <Text>Unlocking algebra equips your nation with advanced mathematical tools to tackle complex problems. This higher form of math enhances your ability to plan and execute large-scale projects, from engineering feats to economic strategies. Embracing algebra also accelerates scientific progress, giving your nation a critical edge in innovation and efficiency.</Text>
    </Line>
    <Line Key="TXT_ENC_TCH_ANIMAL_HUSBANDRY_HISTORY_0">
      <Text>Animal Husbandry is the art and science of domesticating, breeding, and rearing animals for various purposes, usually benefiting humans. These animals can be used for labor, as a source of material and food, and for companionship and protection. Evidence of these practices date back to the Neolithic Revolution; however, it is likely that animal husbandry was practiced before this era.</Text>
    </Line>
    <Line Key="TXT_ENC_TCH_ANIMAL_HUSBANDRY_STRATEGY_0">
      <Text>Developing animal husbandry allows your nation to efficiently utilize animal resources like pigs and cows. This not only boosts food production but also provides livestock for transportation and warfare. Enhanced agricultural productivity and military capability give your nation a significant strategic advantage.</Text>
    </Line>
    <Line Key="TXT_ENC_TCH_ARCHERY_HISTORY_0">
      <Text>The use of bow and arrows dates to about 70,000 years ago. Some of the earliest evidence of this technology was found in Africa, most likely used for hunting and in battle. Archery has greatly evolved over time and is now used mainly for hunting and for sport, with only a few groups still using the technology for warfare and protection.</Text>
    </Line>
    <Line Key="TXT_ENC_TCH_ARCHERY_STRATEGY_0">
      <Text>Unlock to recruit Archers, a formidable Unit capable of Indirect Fire – allowing them to attack enemy /href:t:Term:term_Army/Forces/Endhref/ in adjacent Regions. In addition, completing research on Archery provides access to the Watchtower Improvement, which enhances the protection of /href:t:Term:term_Army/Armed Forces/Endhref/ wherever it is constructed.</Text>
    </Line>
    <Line Key="TXT_ENC_TCH_ARCHES_HISTORY_0">
      <Text>Arches have been used both as decorative architectural elements and as key structural load-bearing elements. The use of arches was uncommon until around the 4th century BCE when ancient Romans began popularizing the structures in their architecture. Arches were also used underground with one of the oldest (4th millennium BCE) found in Egypt in the Dendera cemetery.</Text>
    </Line>
    <Line Key="TXT_ENC_TCH_ARCHES_STRATEGY_0">
      <Text>Mastering the construction of arches enables your nation to build more durable and expansive structures. This architectural advancement supports critical city improvements, fostering the growth of larger and wealthier urban centers. Enhanced infrastructure leads to increased economic prosperity and cultural development.</Text>
    </Line>
    <Line Key="TXT_ENC_TCH_ARCHITECTURE_HISTORY_0">
      <Text>Architecture is defined as the art and engineering of designing, planning, and building structures. The known evidence available of ancient architecture to modern day shows that this science has adapted to the changing needs and resources of societies. A stunning example of architecture is the Etchmiadzin Cathedral, built over a pagan temple to symbolize Armenia’s conversion to Christianity.</Text>
    </Line>
    <Line Key="TXT_ENC_TCH_ARCHITECTURE_STRATEGY_0">
      <Text>Unlocking architecture allows your nation to design advanced structures and cultural landmarks. This innovation makes possible improvements that can make your people happier, leading to increased economic prosperity and cultural significance.</Text>
    </Line>
    <Line Key="TXT_ENC_TCH_ARCOLOGIES_HISTORY_0">
      <Text>The theory refers to a near-future state where multiple technologies converge to disrupt the current state of humanity due to loss of their control or technology surpassing humanity’s abilities (such as with artificial intelligence). The concept was introduced by science fiction writer and computer scientist Vernor Vinge in 1993.</Text>
    </Line>
    <Line Key="TXT_ENC_TCH_ARCOLOGIES_STRATEGY_0">
      <Text>The Technological Singularity represents the end of Ara’s technology tree. It rewards the player with a massive amount of prestige and triggers the end stage of the game.</Text>
    </Line>
    <Line Key="TXT_ENC_TCH_ARTIFICIAL_INTELLIGENCE_HISTORY_0">
      <Text>The ability for a computer to behave in ways like human beings is considered Artificial Intelligence (AI). Research was started by Alan Turing who is believed to have given the first speech on the topic in 1947 CE. Shortly after in 1951, Christopher Strachey began writing the first AI program, which could play checkers.</Text>
    </Line>
    <Line Key="TXT_ENC_TCH_ARTIFICIAL_INTELLIGENCE_STRATEGY_0">
      <Text>Unlocking Artificial Intelligence enables your nation to develop advanced weaponry and entertainment systems. AI assistance can accelerate the production of some of the more expensive crafting tasks, making them more efficient. This technology provides a significant edge in both military strategy and cultural influence. Enhanced AI systems streamline complex tasks, boosting efficiency and innovation across various sectors of your nation.</Text>
    </Line>
    <Line Key="TXT_ENC_TCH_ARTISTRY_HISTORY_0">
      <Text>Decorative arts tend to focus on the artistic embellishment placed on items created for utility, rather than pure aesthetics. A great example of this technology is found in pottery. Ancient Greeks were known for creating clay items used to carry food, water, for storage, and as mixing vessels, decorating them with scenes from their lives, their mythology, and religion.</Text>
    </Line>
    <Line Key="TXT_ENC_TCH_ARTISTRY_STRATEGY_0">
      <Text>Decorative Arts allows for the creation of new cosmetics and decorative art, promoting cultural growth. This technology helps you make mosaic tiles and paintings, enriching your nation's culture. Building artisan studios and related industries enhances artistic expression and boosts your nation's prestige.</Text>
    </Line>
    <Line Key="TXT_ENC_TCH_AVIATION_HISTORY_0">
      <Text>The science of aviation, creating a vehicle that is lighter-than-air, was an international pursuit, beginning with the French Montgolfier brothers’ 1783 invention of using balloons to carry people. A century later, German gliders began taking flight, which would inspire another pair of enterprising brothers, Americans Orville and Wilbur Wright, who pioneered the first human-carrying aircraft in 1903.</Text>
    </Line>
    <Line Key="TXT_ENC_TCH_AVIATION_STRATEGY_0">
      <Text>Aviation revolutionizes your nation's military capabilities with the enabling of various air combat and defenses. This technology allows for the creation of powerful new military units and strategic buildings. Air superiority will ensure superior defense and offensive strategies, giving your nation a decisive edge in warfare.</Text>
    </Line>
    <Line Key="TXT_ENC_TCH_BANKING_HISTORY_0">
      <Text>The origins of banking cannot be properly pinpointed; however, researchers believe a basic version of banking existed in places like ancient Mesopotamia. Those with significant amounts of wealth would store their currency, whether that’d be gold or grain in storage facilities or private buildings. The concept of modern banking is often traced back to around 14th century Italy.</Text>
    </Line>
    <Line Key="TXT_ENC_TCH_BANKING_STRATEGY_0">
      <Text>Banking significantly improves your nation's wealth generation potential through new city improvements and amenities. By enabling advanced financial transactions and establishing key financial institutions, you streamline trade and optimize wealth management. This advancement boosts economic stability and fosters growth, making your nation more prosperous and influential.</Text>
    </Line>
    <Line Key="TXT_ENC_TCH_BREWING_HISTORY_0">
      <Text>Brewing appears to have been discovered in multiple locations around the planet. Iran had beer around ca. 3500 BCE. China had beer as early as 3,000 BCE. Hammurabi had laws regulating taverns in 2100 BCE. Humans have successfully experimented with how to alter the taste, consistency and alcoholic content of the product by changing up the ingredients, yeast, time of fermentation, and storage of the product.</Text>
    </Line>
    <Line Key="TXT_ENC_TCH_BREWING_STRATEGY_0">
      <Text>Brewing enables your nation to produce alcoholic beverages and build related structures. This advancement boosts your economy through the trade of beer and liquor, while also enhancing public morale. Establishing breweries, pubs, and grocers improves social cohesion and opens new avenues for economic growth and cultural development.</Text>
    </Line>
    <Line Key="TXT_ENC_TCH_BRONZE_WORKING_HISTORY_0">
      <Text>Bronze is an alloy traditionally consisting primarily of copper. Most attribute the start of this technology to about 3000-5000 BCE, or around the start of the Bronze Age. Items like weapons, armor, tools, structural elements and ceremonial items were made of bronze. The Bronze Age would last until roughly 1200 BCE, when iron supplanted bronze as the metal of choice for weaponry and structural applications.</Text>
    </Line>
    <Line Key="TXT_ENC_TCH_BRONZE_WORKING_STRATEGY_0">
      <Text>Bronze Working allows your nation to develop advanced weaponry and construction improvements. This technology provides a strategic advantage by enabling the creation of stronger weapons and more efficient building techniques. It also supports new improvements to harvest copper and craft items using it, boosting both your military and economic capabilities.</Text>
    </Line>
    <Line Key="TXT_ENC_TCH_CANDLES_HISTORY_0">
      <Text>Candles have been used for many millennia across the world. They have been made from tallow, beeswax, animal fat, spermaceti, tree wax, among other materials. Englishman Joseph Morgan revolutionized the process of candle making by industrializing it. He patented a machine that allowed for the continuous production of molded candles. Morgan claimed the machine could produce 1500 candles per hour.</Text>
    </Line>
    <Line Key="TXT_ENC_TCH_CANDLES_STRATEGY_0">
      <Text>Candles makes it possible for your nation to create reliable light source amenities, enhancing daily life and productivity. This technology also supports religious ceremonies and celebrations, strengthening cultural and spiritual cohesion. The production of candles and tallow opens new avenues for economic activity and communal events.</Text>
    </Line>
    <Line Key="TXT_ENC_TCH_CANNONS_HISTORY_0">
      <Text>20th century onward, a cannon has been considered a large stationery gun that fires heavy ammo. They began as hand cannons, and eventually grew in size and evolved into large artillery units, and the notion of the cannon that is popular today emerged primarily in 15th century Europe.</Text>
    </Line>
    <Line Key="TXT_ENC_TCH_CANNONS_STRATEGY_0">
      <Text>Cannons enhance your nation's military strength with powerful ranged weaponry. This advancement allows for more effective siege tactics and battlefield dominance. Developing cannons, along with associated armories and brigades, significantly boosts your defensive and offensive capabilities, ensuring greater security and influence.</Text>
    </Line>
    <Line Key="TXT_ENC_TCH_CARTOGRAPHY_HISTORY_0">
      <Text>Cartography at a very basic level, is the science of making maps. One of the earliest known (inaccurate) maps of the world dates from 9th century Babylon. In 1154 CE Muhammad al-Idrisi drew a credible world map (omitting North and South America, which Eurasians had not visited for centuries). Al-Idrisi did a good job estimating the world’s circumference, despite missing the other continents. This technology flourished during the 15th-17th centuries.</Text>
    </Line>
    <Line Key="TXT_ENC_TCH_CARTOGRAPHY_STRATEGY_0">
      <Text>Cartography increases your nation's navigation and trade capabilities, leading to significant economic growth. Improved maps and navigation tools facilitate exploration and the establishment of trade routes. This advancement supports the development of vital structures that can improve your economy.</Text>
    </Line>
    <Line Key="TXT_ENC_TCH_CODE_OF_LAWS_HISTORY_0">
      <Text>Pointing out the exact origin of “codes of law” is nearly impossible but there is enough evidence to pinpoint some of the earliest recorded codes of law. Thanks to archeological digs, researchers discovered ancient tablets the city of Ebla (located in modern day Syria), which are assumed to be a basic recording of their laws. One of the oldest surviving codes of law is the Code of Ur-Nammu, from Mesopotamia, written circa 2100–2050 BCE.</Text>
    </Line>
    <Line Key="TXT_ENC_TCH_CODE_OF_LAWS_STRATEGY_0">
      <Text>Code of Laws lets your nation begin to set up amenities that improve your security. The structured governance and cultural advancements fostered by this technology lead to a more organized and enlightened society.</Text>
    </Line>
    <Line Key="TXT_ENC_TCH_COFFEE_BREWING_HISTORY_0">
      <Text>Coffee was brought to Arabic countries in 15th century CE, where people would gather at coffeehouses to enjoy the stimulating beverage. Because of its perceived intoxication, it was often outlawed, but despite this, coffee and coffeehouses managed to spread across the globe becoming a global crop and pastime by the 20th century.</Text>
    </Line>
    <Line Key="TXT_ENC_TCH_COFFEE_BREWING_STRATEGY_0">
      <Text>Coffee Brewing boosts your nation's commerce with culturally significant coffee-related amenities. The establishment of coffee houses and related infrastructure encourages social interaction and economic activity. This advancement also enhances cultural development and trade, contributing to overall prosperity.</Text>
    </Line>
    <Line Key="TXT_ENC_TCH_COMPUTERS_HISTORY_0">
      <Text>While the original computers were people tasked with performing computations, with the introduction of electronic machinery, computers have shifted to be known as information processing machines. The first programmable computer was invented during World War II by a team at University of Pennsylvania, headed by physicist John Mauchly and engineer J. Presper Eckert, Jr.</Text>
    </Line>
    <Line Key="TXT_ENC_TCH_COMPUTERS_STRATEGY_0">
      <Text>Computers propel your nation into the Information Age, significantly boosting commerce and technological capabilities. Computers are also an important ingredient in many of the more advanced crafting recipes. The development of electronics and data centers improves efficiency and data management. This technological leap fosters innovation and economic growth, ensuring your nation remains competitive and forward-thinking.</Text>
    </Line>
    <Line Key="TXT_ENC_TCH_CORE_TAP_HISTORY_0">
      <Text>The fictional inter-planetary concept of drilling into a planet and through its different layers to access the core for harvesting of materials.</Text>
    </Line>
    <Line Key="TXT_ENC_TCH_CORE_TAP_STRATEGY_0">
      <Text>Core Tap unlocks the power of the planet's core, providing your nation with a substantial boost in both military and energy capabilities. Harnessing this energy allows for the creation of new weapons, giving you a decisive advantage on the battlefield. Additionally, the newfound energy sources will support the development of advanced infrastructure, ensuring your cities remain powered and productive. Strategically, leveraging Core Tap will solidify your dominance and enhance your technological prowess.</Text>
    </Line>
    <Line Key="TXT_ENC_TCH_CRISPR_HISTORY_0">
      <Text>Clustered regularly interspaced short palindromic repeats, or CRISPR, has classified the genetic appearance of microbes since 1987 CE. Today, the technology has been pushed forward for use with gene therapy to treat diseases and other gene abnormalities. In 2023 CE, the United Kingdom approved the use of the technology to treat two harmful diseases.</Text>
    </Line>
    <Line Key="TXT_ENC_TCH_CRISPR_STRATEGY_0">
      <Text>CRISPR technology improves your nation's medical and scientific fields. It enables advanced medical treatments, resulting in better public health and stability. Enhanced laboratory capabilities foster research and development, keeping your nation at the cutting edge of science. Implementing CRISPR enhances your population's well-being and scientific progress.</Text>
    </Line>
    <Line Key="TXT_ENC_TCH_CROSSBOWS_HISTORY_0">
      <Text>The crossbow first appeared in China and Europe at approximately 600 BCE. The Chinese used them in battle around 500 BCE, but they fell out of favor at the end of the Han Dynasty (220 CE). Crossbow usage in Europe dwindled from the 5th through 10th centuries but returned to wide use in the late Middle Ages, remaining popular until guns rendered all bows nearly obsolete.</Text>
    </Line>
    <Line Key="TXT_ENC_TCH_CROSSBOWS_STRATEGY_0">
      <Text>Crossbows enhance your military with new ranged weaponry, allowing your troops to engage enemies from a distance more effectively. This increased combat range provides a tactical advantage in both offense and defense. Incorporating crossbows into your forces makes your military more versatile and capable of handling various combat situations.</Text>
    </Line>
    <Line Key="TXT_ENC_TCH_CULTURAL_HERITAGE_HISTORY_0">
      <Text>By definition, cultural heritage includes both tangible and intangible elements and assets of importance to a group of people, traditionally passed down from generation to generation. Cultural heritage can include buildings, artifacts, aesthetics, foods, song, folklore, and more. Natural heritage is also included under this concept, covering major natural landmarks and scared sites associated with specific societies.</Text>
    </Line>
    <Line Key="TXT_ENC_TCH_CULTURAL_HERITAGE_STRATEGY_0">
      <Text>Cultural Heritage boosts your nation's cultural and religious development. It supports the creation of important cultural landmarks and fosters a sense of identity and cohesion among your people. Investing in cultural heritage enhances societal morale and enriches your nation's cultural influence.</Text>
    </Line>
    <Line Key="TXT_ENC_TCH_CURRENCY_HISTORY_0">
      <Text>The introduction of coins as a method of currency happened probably around the 6th of 5th century BCE. Ancient historians had their own theories on who created and popularized the use of coins, but evidence shows that Anatolia was one of the first regions to commonly use this technology. Many coins have commemorative designs on them featuring the portraits of notable rulers, many who called for the minting of currency.</Text>
    </Line>
    <Line Key="TXT_ENC_TCH_CURRENCY_STRATEGY_0">
      <Text>Coinage boosts economic growth by enabling trade and the production of coins. This technology allows for more efficient transactions, helping your economy expand. With a standardized currency, managing wealth and resources becomes easier, driving prosperity and trade across your nation.</Text>
    </Line>
    <Line Key="TXT_ENC_TCH_DEFENSIVE_ARTILLERY_HISTORY_0">
      <Text>Mechanized firepower required a lot of iteration to create the efficient machines of today. In 1718 CE, Jame Puckle received the first patent for a machine gun, which utilized a revolving cylinder to load multiple bullets, followed by the percussion cap a century later. When smokeless powder came along in the 1880s, the technology was on its way to prevalence, and was the primary type of firepower during World War I.</Text>
    </Line>
    <Line Key="TXT_ENC_TCH_DEFENSIVE_ARTILLERY_STRATEGY_0">
      <Text>Defensive Artillery boosts your military capabilities with advanced weaponry and defensive systems. This technology supports the development of powerful weapons like Gatling guns and flamethrowers, as well as robust defensive structures. Strengthening your defenses ensures better protection for your nation and enhances your ability to respond to threats effectively.</Text>
    </Line>
    <Line Key="TXT_ENC_TCH_DEMOCRACIES_HISTORY_0">
      <Text>Stemming from the Greek words for “people” and “rule,” a Democracy is a type of government where a country’s ordinance is decided by its population. The term Democracy arose in 5th century BCE to describe ruling of city-states like Athens.</Text>
    </Line>
    <Line Key="TXT_ENC_TCH_DEMOCRACIES_STRATEGY_0">
      <Text>Democracies introduce advanced government structures and civic buildings, promoting efficient administration and civic engagement. This form of governance fosters a more organized and participatory society. Adopting democratic principles strengthens societal cohesion and empowers your citizens.</Text>
    </Line>
    <Line Key="TXT_ENC_TCH_DRONES_HISTORY_0">
      <Text>Drones are unmanned aerial vehicles (UAVs) that are operated via remote control. They made their debut during World War II largely for training purposes. In 1962 CE, Americans began utilizing drones with photographic capabilities for reconnaissance, and in the 1980s, they were outfitted with guided weaponry. New technologies have continued to be applied to the ever-evolving vehicles.</Text>
    </Line>
    <Line Key="TXT_ENC_TCH_DRONES_STRATEGY_0">
      <Text>Drones improve your military with unmanned aerial vehicles, offering new surveillance and tactical options. These machines provide precise strikes and enhanced reconnaissance. Integrating drones into your operations modernizes your military and improves overall mission efficiency.</Text>
    </Line>
    <Line Key="TXT_ENC_TCH_ELECTRICITY_HISTORY_0">
      <Text>Electricity stems from the Greek word “elektron” meaning amber, due to a discovery of using amber to create static electricity. Through the works of scientists like Alessandro Volta (who made the first electric battery) and J. J. Thomson (who discovered the electron) later inventors were able to harness electric energy on a larger scale, leading to electricity powering up societies.</Text>
    </Line>
    <Line Key="TXT_ENC_TCH_ELECTRICITY_STRATEGY_0">
      <Text>Electricity is crucial for developing Improvements that produce Power for your Nation. Power enhances the overall efficiency of your Cities, increasing the rates of Harvesting, Crafting, and even building new Improvements. Additionally, this technology grants access to vital Goods that improve Health, Happiness, and Prosperity.</Text>
    </Line>
    <Line Key="TXT_ENC_TCH_ENGINEERING_HISTORY_0">
      <Text>Engineering is a branch of science and technology that uses various sciences to design, build and improve buildings, systems and engines. This creative science has been around for many millennia evolving from its simplest form to the complex it is today. A great example of engineering at its very beginning was the creation of the wheel.</Text>
    </Line>
    <Line Key="TXT_ENC_TCH_ENGINEERING_STRATEGY_0">
      <Text>Engineering supports the construction of large structures and resource extraction sites, driving national development. This technology enables better infrastructure and resource management. Advancing engineering capabilities ensures your cities are well-planned and resources are efficiently utilized.</Text>
    </Line>
    <Line Key="TXT_ENC_TCH_EUCLIDEAN_GEOMETRY_HISTORY_0">
      <Text>Scholarship is the careful study of a subject which can lead to a mastery of the topic.  The concept of scholarship is also usually tied to higher learning institutions and higher education degrees such as master and doctorate titles.</Text>
    </Line>
    <Line Key="TXT_ENC_TCH_EUCLIDEAN_GEOMETRY_STRATEGY_0">
      <Text>Scholarship boosts the knowledge and education of your citizens. Completing this research grants an immediate research bonus and access to new defensive formations for your military. Additionally, it allows the construction of new education-boosting improvements, such as schools and libraries, which enhance your nation's intellectual growth and increase the likelihood of generating influential leaders.</Text>
    </Line>
    <Line Key="TXT_ENC_TCH_FABRICS_HISTORY_0">
      <Text>Textiles are threads, fibers (including animal fiber), yarn, or filaments that can be woven together to create fabric or cloth. Anthropologists assume textiles have been used for many millennia with the first created with natural fibers and animal skins. During the 18th century, the Industrial Revolution changed the way both natural and synthetic fabrics were produced, allowing for mass production of textiles.</Text>
    </Line>
    <Line Key="TXT_ENC_TCH_FABRICS_STRATEGY_0">
      <Text>Textiles improve your people's quality of life by allowing the production of clothing items. This technology enables your nation to produce essential materials needed for various projects and improvements. Researching Textiles boosts your economy and helps increase your nation's prestige through enhanced crafting capabilities.</Text>
    </Line>
    <Line Key="TXT_ENC_TCH_FERMENTING_HISTORY_0">
      <Text>Evidence of the use of fermenting dates to 6000 to 7000 BCE in Asia. Used mainly to preserve foods and create food and drink, the process of fermentation was important for human development. In the 19th century, Louis Pasteur studied this technology extensively, which led to his discovery of pasteurization.</Text>
    </Line>
    <Line Key="TXT_ENC_TCH_FERMENTING_STRATEGY_0">
      <Text>Fermenting allows your nation to produce alcoholic beverages, boosting trade and cultural activities. This technology supports economic growth and strengthens community bonds. Developing fermenting techniques enhances both your economy and societal cohesion.</Text>
    </Line>
    <Line Key="TXT_ENC_TCH_FEUDALISM_HISTORY_0">
      <Text>Feudalism was the system of government/social order found in the Middle Ages, most found in medieval Europe but also noted in other regions. An example of feudalism outside of Europe was found in Japan. Japan’s Feudal period gained popularity throughout the Kamakura period during the 12th century. Unfortunately, due to many flaws in the system, feudalism in Japan was left behind around the 17th century.</Text>
    </Line>
    <Line Key="TXT_ENC_TCH_FEUDALISM_STRATEGY_0">
      <Text>Feudalism introduces advanced military units and defensive structures, bolstering your nation's security and military prowess. This system enhances your ability to defend territories and maintain order. The development of castles and other fortifications provides strongholds for your military, ensuring better protection and control.</Text>
    </Line>
    <Line Key="TXT_ENC_TCH_FIREARMS_HISTORY_0">
      <Text>With gunpowder’s invention in China in 10th century CE, shortrange projectile weapons using its explosive technology soon followed. These early guns were held in the crook of the arm and lacked a trigger and accuracy. It wasn’t until the 17th century that firearms played a central and deciding role in battle.</Text>
    </Line>
    <Line Key="TXT_ENC_TCH_FIREARMS_STRATEGY_0">
      <Text>Firearms enhance your military strength with advanced weaponry, providing a significant boost to combat effectiveness. This technology allows for the development of more powerful and accurate weapons, giving your troops an advantage in battle. Implementing firearms ensures your military remains formidable and well-equipped.</Text>
    </Line>
    <Line Key="TXT_ENC_TCH_FOOD_PRESERVATION_HISTORY_0">
      <Text>Milling is the act of crushing, triturating, or grinding grains. This technology is assumed to be one of the oldest in the world due to its use to grind food during the Upper Paleolithic era. There are different kinds of milling systems from across the world and from varying eras. The metate was used (and is still used) in Mesoamerica while the Olynthus mill was used by the Greeks.</Text>
    </Line>
    <Line Key="TXT_ENC_TCH_FOOD_PRESERVATION_STRATEGY_0">
      <Text>Milling is essential for building improvements that significantly increase a city's wealth and food output. This technology provides access to important resources for construction and allows crafting goods that boost food and health. Additionally, it enables upgrading farms to enhance food production. Completing research on Milling also unlocks versatile improvements that boost farm yields and enhance nearby industry.</Text>
    </Line>
    <Line Key="TXT_ENC_TCH_FOOD_REPLICATION_HISTORY_0">
      <Text>The ability to punch in a few buttons and have a delicious meal appear is still just out of reach, but scientists are moving closer to its reality. The United States’ NASA is experimenting with recycled carbon and microorganisms to replicate food. In France and Brazil, engineers are creating modified starch gels to 3D-print food.</Text>
    </Line>
    <Line Key="TXT_ENC_TCH_FOOD_REPLICATION_STRATEGY_0">
      <Text>Food Replication enables high-quality food production and community gardening, improving your nation's food security and quality of life. This technology supports the creation of sustainable food sources and promotes healthier diets. By enhancing food availability and variety, your nation benefits from increased well-being and productivity.</Text>
    </Line>
    <Line Key="TXT_ENC_TCH_FORTIFICATIONS_HISTORY_0">
      <Text>This military strategy is focused on static, low-intensity attacks executed while surrounding a city or fortress in the attempt of conquering it. The risk of siege warfare led many societies to build city walls or fortresses that offensive units could not easily break through. Depictions of some of the earliest forms of siege warfare have been found in Egypt dating back to the Protodynastic Period.</Text>
    </Line>
    <Line Key="TXT_ENC_TCH_FORTIFICATIONS_STRATEGY_0">
      <Text>Siege Warfare enables stronger defenses and advanced siege weaponry, giving your military a significant advantage. This technology allows you to build better defensive structures and powerful siege tools, improving your ability to protect your cities and conquer enemy fortifications. To protect yourself from easy conquest, build a City Wall in the center region of your city. Strengthening your defenses and siege capabilities is crucial for maintaining and expanding your territory.</Text>
    </Line>
    <Line Key="TXT_ENC_TCH_FORTRESSES_HISTORY_0">
      <Text>Stronghold engineering refers to elements which reinforce and fortify structures, buildings, cities, and more for safety. An example of this is the construction of fortified city walls in preparation for enemy attacks.</Text>
    </Line>
    <Line Key="TXT_ENC_TCH_FORTRESSES_STRATEGY_0">
      <Text>Stronghold Engineering enables the construction of superior defensive structures and advanced siege weaponry. This technology strengthens your nation's ability to defend against attacks and to conduct effective sieges. By developing robust strongholds and powerful siege tools, you enhance your military resilience and strategic capabilities.</Text>
    </Line>
    <Line Key="TXT_ENC_TCH_GENERAL_RELATIVITY_HISTORY_0">
      <Text>Although atomic theory was first hypothesized by ancient Greek philosophers in 5th century BCE, over the millennia their idea that all matter is comprised of the same tiny components has proven true. The advancement of the theory, most notably by physicists Ernest Rutherford and later Erwin Schrödinger, brought further clarity and definition of the atomic structure.</Text>
    </Line>
    <Line Key="TXT_ENC_TCH_GENERAL_RELATIVITY_STRATEGY_0">
      <Text>Unlocking General Relativity propels your nation into a new era of scientific advancement. This profound understanding allows for the development of advanced scientific facilities and innovative disease prevention methods. The resulting boost in research capabilities and public health fosters a more enlightened and resilient society.</Text>
    </Line>
    <Line Key="TXT_ENC_TCH_GOVERNMENT_HISTORY_0">
      <Text>Historically speaking, in a bureaucracy, the most important decisions are traditionally made by state officials rather than by elected officials. Some of the earliest evidence of this form of government was found in ancient Sumer. Clay tablets recovered from archeological digs show that scribes would take note of their administrative tasks and assignments</Text>
    </Line>
    <Line Key="TXT_ENC_TCH_GOVERNMENT_STRATEGY_0">
      <Text>Bureaucracy helps you set up advanced government buildings and strong defenses. With this technology, you can build central offices and fortified structures to improve how your nation is run and protected. Organized government buildings make administration more efficient and keep your citizens safer.</Text>
    </Line>
    <Line Key="TXT_ENC_TCH_GRANARIES_HISTORY_0">
      <Text>Archeologists believe that the intentional process of grain storage goes back as early as 11,000 years ago in the Middle East, however, it is likely that it existed before then. The traces of the granaries found suggested thoughtful construction to prevent moisture, protect the grain from rodents, and more. In the 21st century, one of the most popular methods to store grain are silos.</Text>
    </Line>
    <Line Key="TXT_ENC_TCH_GRANARIES_STRATEGY_0">
      <Text>Unlocks the ability to construct the Granary Improvement capable of crafting the Grain Store Consumable, which boosts a City's Food and Growth. Also unlocks the Bakery Improvement and Bread, which also increases City Food and {TXT_TRM_HEALTH} when used as an Amenity.</Text>
    </Line>
    <Line Key="TXT_ENC_TCH_GREEN_POWER_HISTORY_0">
      <Text>Sustainable engineering is a subset of engineering that strives for maximally efficient design at the lowest possible environmental cost. While the concept has been gaining prominence since the 1970s, events such as the 1992 Earth Summit and the 2015 Paris Agreement pushed the urgency for sustainability to a global scale. Sustainable engineering is responsible for renewable and efficient technologies like solar panels, electric vehicles, and LED lightbulbs.</Text>
    </Line>
    <Line Key="TXT_ENC_TCH_GREEN_POWER_STRATEGY_0">
      <Text>Sustainable Engineering enables the construction of Power generating Improvements like Wind Turbines and Solar Power Plants. Furthermore, Sustainable Engineering allows your Nation to build Recycling Centers, which generate Aluminum, as well as the Water Treatment Plant, which significantly boosts City Health.</Text>
    </Line>
    <Line Key="TXT_ENC_TCH_GROUNDED_FOUNDATIONS_HISTORY_0">
      <Text>Precision Engineering is the school of designing and creating components that can measure and perform a task along a giving path or position in minute detail, such as within a machine or similar. Engineers ensure that the components keep their intended orientation and that deformities are limited after each recurring movement to keep the instrument's output optimized.</Text>
    </Line>
    <Line Key="TXT_ENC_TCH_GROUNDED_FOUNDATIONS_STRATEGY_0">
      <Text>Precision Engineering allows for the creation of accurate and durable structures. This technology enhances construction techniques, improving the quality and longevity of buildings. By applying precision engineering, your nation can develop reliable infrastructure and attract cultural and economic growth through well-crafted architectural projects.</Text>
    </Line>
    <Line Key="TXT_ENC_TCH_GUNPOWDER_HISTORY_0">
      <Text>Gunpowder was invented by Chinese alchemists in the 9th century. During the 10th century, gunpowder had been popularized and by the 13th century, it was being used in the Middle East. The discovery of this technology marked an important shift in the military landscape as this would open the doors to a new realm of weapons that would change the course of history.</Text>
    </Line>
    <Line Key="TXT_ENC_TCH_GUNPOWDER_STRATEGY_0">
      <Text>Gunpowder unlocks powerful weaponry and strategic formations for military advantage. This technology supports the development of muskets and explosives, significantly enhancing your combat capabilities. Establishing arsenals and implementing advanced military formations ensures your forces are well-equipped and strategically superior.</Text>
    </Line>
    <Line Key="TXT_ENC_TCH_HABERDASHERY_HISTORY_0">
      <Text>Haberdashery used to be known as the system for selling specific goods. For example, selling flour by the pound or beer by the pint. This term was used in England at least as far back as 1533 when the English parliament declared meat had to be sold using this quantitative system through the Sale of Flesh Act 1532.</Text>
    </Line>
    <Line Key="TXT_ENC_TCH_HABERDASHERY_STRATEGY_0">
      <Text>The Haberdashery technology enables the production of Belts and Garments, enhancing the Quality of Life for your citizens. It also unlocks the Cobbler, an Improvement focused on creating items from animal hides, and the Tailor, which produces a variety of Goods from fabrics and textiles.</Text>
    </Line>
    <Line Key="TXT_ENC_TCH_HERBALISM_HISTORY_0">
      <Text>Modern day research and evidence suggests the first use of herbalism as a technology dates to 60,000 years ago. Artifacts such as written accounts of herbalism from Mesopotamia, ancient Egypt, China, India, Greece, and Rome suggest its widespread use and makes a statement on the benefits and effectiveness of this technology. Some consider herbalism to be the predecessor to modern medicine, while others consider it its own form of medicine, still used today.</Text>
    </Line>
    <Line Key="TXT_ENC_TCH_HERBALISM_STRATEGY_0">
      <Text>Herbalism enhances your nation's health and wellness by introducing the use of natural remedies. This technology improves public health by providing alternative treatments for various ailments, boosting the overall resilience of your population. Investing in herbalism promotes a healthier society, contributing to greater productivity and stability.</Text>
    </Line>
    <Line Key="TXT_ENC_TCH_HORSESHOES_HISTORY_0">
      <Text>Horseshoes protect horse hoofs from damage and wear and tear. The domestication of horses came with many sets of challenges including learning how to protect the animal from different landscapes, weather, etc. The original horseshoe, the hipposandal, was not made of metal, instead it was most likely made with rawhide or leather.</Text>
    </Line>
    <Line Key="TXT_ENC_TCH_HORSESHOES_STRATEGY_0">
      <Text>Horseshoes improve the utility of horses, allowing for more efficient transportation and enhanced cavalry units. This technology also enables the construction of new facilities like stables and race tracks, boosting both military and civilian applications. Enhancing horse utility strengthens your nation's infrastructure and mobility.</Text>
    </Line>
    <Line Key="TXT_ENC_TCH_HOSPITALS_HISTORY_0">
      <Text>Hospitals began as ancient religious temples dedicated to healing deities. Our modern notion began in Christianized Rome, inspired by their beliefs to care for the sick, and later motivated to keep their dominating soldiers battle-ready. Religion and war in Europe in the Middle Ages led to broader establishment and more specialization.</Text>
    </Line>
    <Line Key="TXT_ENC_TCH_HOSPITALS_STRATEGY_0">
      <Text>Hospitals advance medical care, significantly enhancing health and increasing life expectancy. This technology supports the development of modern medical facilities, improving overall public health. Investing in hospitals ensures a healthier, more productive population and a stable society.</Text>
    </Line>
    <Line Key="TXT_ENC_TCH_HUMANISM_HISTORY_0">
      <Text>Free time to do as a person pleases, outside of necessary daily tasks, has existed since the dawn of humankind. Globally, different cultures define leisure in different ways. And some may find pleasure in what Aristotle would deem “serious leisure,” a skillful activity like mountain climbing, while others might prefer going for a simpler walk.</Text>
    </Line>
    <Line Key="TXT_ENC_TCH_HUMANISM_STRATEGY_0">
      <Text>Leisure boosts the quality of life in your cities by enabling new improvements. This technology supports the creation of parks, playgrounds, and other city improvements enhancing happiness and culture.</Text>
    </Line>
    <Line Key="TXT_ENC_TCH_HYGIENE_HISTORY_0">
      <Text>Thanks to the many innovations and theories of French chemist Louis Pasteur (who invented pasteurization), English surgeon Joseph Lister (who pioneered phenol as a surgical disinfectant), and German bacteriologist Robert Koch (who founded his field), today germ theory is widely accepted. It states that illnesses can be caused by the invasion of microorganisms.</Text>
    </Line>
    <Line Key="TXT_ENC_TCH_HYGIENE_STRATEGY_0">
      <Text>Hygiene improves health and longevity through modern sanitation methods. This technology supports the development of essential facilities like clinics and water treatment plants, ensuring a cleaner environment. Enhanced hygiene practices contribute to better public health and a more resilient population.</Text>
    </Line>
    <Line Key="TXT_ENC_TCH_INDUSTRIALIZATION_HISTORY_0">
      <Text>Industrialization is a socioeconomic classification of a nation where their industry (the entities that create and distribute services, commodities, and other sources of income) is dominant. Great Britain became the earliest form of an industrialized country during the Industrial Revolution of the 18th and 19th centuries.</Text>
    </Line>
    <Line Key="TXT_ENC_TCH_INDUSTRIALIZATION_STRATEGY_0">
      <Text>Industrialization boosts production capabilities and allows for the exploitation of natural resources. This technology supports the creation of factories and refineries, driving economic growth and development. Embracing industrialization ensures your nation can effectively harness its resources for sustained prosperity.</Text>
    </Line>
    <Line Key="TXT_ENC_TCH_INTERCHANGEABLE_PARTS_HISTORY_0">
      <Text>Hand-made goods are comprised of individualized parts that cannot be replaced with an identical good’s components, due to the natural variance that comes with craftsmanship. But with the introduction of interchangeable parts made by machines came a standardization of components, allowing goods to be made of exchangeable materials, and in turn, enabling mass production.</Text>
    </Line>
    <Line Key="TXT_ENC_TCH_INTERCHANGEABLE_PARTS_STRATEGY_0">
      <Text>Interchangeable Parts enable mass production using consistent, replaceable components. This technology streamlines manufacturing processes and improves efficiency, leading to greater productivity. Adopting interchangeable parts supports industrial growth and enhances your nation's production capabilities.</Text>
    </Line>
    <Line Key="TXT_ENC_TCH_INTERNAL_COMBUSTION_ENGINE_HISTORY_0">
      <Text>Although largely associated with the automobile, one of the earliest internal combustion engines was invented to power a boat, by inventor Joseph-Nicéphore Niépce of France in 1807 CE. The engine derives its power from intaking then igniting fuel and air to propel a vehicle or instrument forward.</Text>
    </Line>
    <Line Key="TXT_ENC_TCH_INTERNAL_COMBUSTION_ENGINE_STRATEGY_0">
      <Text>The Internal Combustion Engine enables the creation of advanced military units and industrial structures. This technology supports the development of vehicles and machinery, improving transportation and combat capabilities. Embracing internal combustion engines drives technological progress and strengthens your nation's infrastructure.</Text>
    </Line>
    <Line Key="TXT_ENC_TCH_IRON_BRIDGES_HISTORY_0">
      <Text>Steel is made primarily of iron that contains less than 2% of carbon, and the other components in combination determine the type of steel. At its earliest, steel began appearing in artifacts dated 1800 BCE, but it wasn’t until a few centuries later it’s been discovered in its harder, more familiar form.</Text>
    </Line>
    <Line Key="TXT_ENC_TCH_IRON_BRIDGES_STRATEGY_0">
      <Text>Steel allows for advanced construction and metallurgy methods. This technology supports the production of stronger materials for building and manufacturing, enhancing infrastructure and industrial capabilities. Developing steel facilities like forges and mines boosts your nation's construction efficiency and resource extraction.</Text>
    </Line>
    <Line Key="TXT_ENC_TCH_IRON_WORKING_HISTORY_0">
      <Text>Some of the oldest surviving evidence of iron working dates to about 4000 BCE. The pieces were made from meteoric iron. However, over the next several millennia (around 1500BCE,) humans in the Middle East turned to smelting iron to create a wider range of iron items. The versatility and durability of the material led to its fast spread in popularity, launching the Iron Age across the world, leaving bronze working behind.</Text>
    </Line>
    <Line Key="TXT_ENC_TCH_IRON_WORKING_STRATEGY_0">
      <Text>Ironworking strengthens your military and enhances city production. This technology allows for the harvesting of iron and crafting new goods that use iron. You can build Barracks and use new formations, making your army more effective.</Text>
    </Line>
    <Line Key="TXT_ENC_TCH_IRRIGATION_HISTORY_0">
      <Text>Irrigation controls the amount of water that reaches lands used for cropping and farming. This thousands of years-old technology was essential for regions which lacked a consistent water source to water their crops. One of the oldest examples of irrigation known to modern researchers was found in south-west Iran dating back to about 6000 BCE.</Text>
    </Line>
    <Line Key="TXT_ENC_TCH_IRRIGATION_STRATEGY_0">
      <Text>Irrigation enhances farming practices and allows for the creation of aesthetic features like flower fields and gardens. This technology supports the efficient use of water resources, improving agricultural productivity. Implementing irrigation systems ensures a stable food supply and a more attractive environment.</Text>
    </Line>
    <Line Key="TXT_ENC_TCH_JET_ENGINES_HISTORY_0">
      <Text>As aircrafts became more widespread, the need for faster, more efficient means of propelling larger vehicles emerged. During World War II, two physicists unknowingly both tackled the task of creating a variant of an internal combustion engine that utilized a gas-turbine to successfully propel jets: Frank Whittle of England and Hans Joachim Pabst von Ohain of Germany.</Text>
    </Line>
    <Line Key="TXT_ENC_TCH_JET_ENGINES_STRATEGY_0">
      <Text>Jet Engines enable the development of fast, powerful military units and advanced air infrastructure. This technology supports the creation of modern aircraft and airbases, improving both defense and offensive capabilities. Adopting jet engines ensures your nation maintains air superiority and advanced transportation.</Text>
    </Line>
    <Line Key="TXT_ENC_TCH_LEATHERWORKING_HISTORY_0">
      <Text>The use of leather was a widespread practice across many ancient societies. Made from animal skin and hides, leather served a variety of purposes such as clothing, tools, furniture, and more. Evidence of leatherworking  by ancient societies found in Morocco suggest that ancient humans were leather working 120,000 years ago. One of the oldest surviving leather items is a 5,500 year old shoe, found in a cave in Armenia.</Text>
    </Line>
    <Line Key="TXT_ENC_TCH_LEATHERWORKING_STRATEGY_0">
      <Text>Leatherworking enhances military strength and enables the production of footwear and other leather goods. This technology supports the establishment of tanneries and cobblers, boosting both military and economic activities. Embracing leatherworking improves your nation's craftsmanship and combat readiness.</Text>
    </Line>
    <Line Key="TXT_ENC_TCH_LEGIONARY_HISTORY_0">
      <Text>Elite training was associated with the special training of specific people or military units to specialize in a specific type of military skill or combat. Examples of elite units include the infamous Greek Spartans and the Viking Varangian Guard.</Text>
    </Line>
    <Line Key="TXT_ENC_TCH_LEGIONARY_STRATEGY_0">
      <Text>Elite Training enhances your military by allowing you to recruit powerful units that can outperform most early-game melee units. This technology also provides advanced formation tactics, boosting your units' strength and defense. Elite Training improves your army's effectiveness, giving you a strategic advantage in combat.</Text>
    </Line>
    <Line Key="TXT_ENC_TCH_LONGBOWS_HISTORY_0">
      <Text>Long Bows have been around for many thousands of years – the oldest surviving dates to 3,300 BCE. Made of elm, it was found with Ötzi, the iceman, a frozen mummy discovered in the ÖtzalAlps in Austria in 1991. A yew bow dating to approximately 2700 BCE was discovered in a peat bog in England. Longbows would remain the dominant ranged weapon on the battlefield for thousands of years.</Text>
    </Line>
    <Line Key="TXT_ENC_TCH_LONGBOWS_STRATEGY_0">
      <Text>Longbows enhance your military prowess with superior ranged weaponry. This technology allows for the creation of powerful long-bow units with indirect firing capabilities, providing a significant tactical advantage. When placed into a formation with ranged bonuses, these units can be devastating on the early battlefield.</Text>
    </Line>
    <Line Key="TXT_ENC_TCH_MASONRY_HISTORY_0">
      <Text>The art of masonry, or the construction of buildings using clay, stone, or concrete blocks, is one of the oldest technologies used for crafting structures. Evidence of masonry being used in ancient times has been found across the world with many examples of its longevity still present. One of the most famous examples of the use of this technology are the Great Pyramids in Egypt.</Text>
    </Line>
    <Line Key="TXT_ENC_TCH_MASONRY_STRATEGY_0">
      <Text>Masonry allows your nation to build impressive structures that boost wealth and quality of life. This technology lets you construct the Palace, providing prestige and additional benefits when built in a city center. Masonry is critical for nations seeking to build their prestige early.</Text>
    </Line>
    <Line Key="TXT_ENC_TCH_MASS_MEDIA_HISTORY_0">
      <Text>Forms of communications that are intended for and accessible by the larger population, examples of mass media include newspaper, radio, television, and the Internet. Mass media got its first boost from the invention of the printing press, allowing for the proliferation and accessibility of print material.</Text>
    </Line>
    <Line Key="TXT_ENC_TCH_MASS_MEDIA_STRATEGY_0">
      <Text>Mass Media unleashes cultural influence through advanced communication devices and iconic structures. This technology supports the development of tools like mobile phones and televisions, enhancing information dissemination. Establishing multimedia studios and cultural landmarks boosts your nation's cultural presence and connectivity.</Text>
    </Line>
    <Line Key="TXT_ENC_TCH_MASS_PRODUCED_TEXTILES_HISTORY_0">
      <Text>Assembly lines are an arrangement of labor where products are mass-produced using identical and repetitive sequences. Versions of divided production made human labor more efficient throughout the Industrial Revolution as early as the 1800s, but it wasn’t until 1913 that Henry Ford popularized the assembly line for building American automobiles. Today, many assembly lines are machine-automated, further accelerating production around the world.</Text>
    </Line>
    <Line Key="TXT_ENC_TCH_MASS_PRODUCED_TEXTILES_STRATEGY_0">
      <Text>Advanced manufacturing techniques in Assembly Lines enable the large-scale production of machines, tools, parts, and the factories that make them. By researching Assembly Lines, your nation can also demonstrate its industrial prowess through new forms of government and impressive architectural projects.</Text>
    </Line>
    <Line Key="TXT_ENC_TCH_MASS_PRODUCTION_HISTORY_0">
      <Text>The concept of Mass Production came to fruition by combining three key elements: division of labor (breaking down work into tasks and assigning those tasks to different workers), standardized parts (allowing for interchangeable components), and specialization of skills. The process allows for a high volume of production, decreasing its cost, and therefore making goods more available.</Text>
    </Line>
    <Line Key="TXT_ENC_TCH_MASS_PRODUCTION_STRATEGY_0">
      <Text>Mass Production boosts industrial output and supports the construction of modern architectural wonders. This technology allows for the efficient manufacturing of machined parts and industrial tools, driving economic growth. Embracing mass production ensures your nation can build impressive structures and meet the demands of a growing population.</Text>
    </Line>
    <Line Key="TXT_ENC_TCH_MECHANIZATION_HISTORY_0">
      <Text>Mechanization refers to the replacement of human labor by machines. While this practice got its start largely during the Industrial Revolution, it continues into the 21st century CE as mechanization technology improves and due to machines’ efficiency and lower cost.</Text>
    </Line>
    <Line Key="TXT_ENC_TCH_MECHANIZATION_STRATEGY_0">
      <Text>Mechanization enhances industrial production and strengthens military forces. This technology supports the development of mechanized infantry and advanced machinery, improving both combat and manufacturing capabilities. Integrating mechanization ensures your nation remains productive and militarily robust.</Text>
    </Line>
    <Line Key="TXT_ENC_TCH_MECHANIZED_CLOCKS_HISTORY_0">
      <Text>The first fully mechanical clocks were predated by water clocks, popularized in Asia from the 9th to the 11th century CE, which relied on flowing water and gravity. Around the 13th and 14th centuries and Europe, the water clock mechanism was replaced by a weight and pulley system which controlled the release of power. Mechanized clocks continued to evolve from there, leaving behind their need for fluid power.</Text>
    </Line>
    <Line Key="TXT_ENC_TCH_MECHANIZED_CLOCKS_STRATEGY_0">
      <Text>Mechanized Clocks enable advanced naval capabilities and prestigious city improvements. This technology supports the creation of sophisticated timekeeping devices and enhances maritime navigation. Establishing iconic structures related to mechanized clocks elevates your city's prestige and technological standing.</Text>
    </Line>
    <Line Key="TXT_ENC_TCH_MECHAS_HISTORY_0">
      <Text>Powered exoskeleton suits are wearable machines that provide an increase in strength and protection. Although colossal exoskeletons haven’t come to fruition yet, they’ve been appearing in fictional works for decades, primarily in Japan starting in the 1970s CE, with works like Go Nagai’s Mazinger Z, an enormous robot piloted by a human.</Text>
    </Line>
    <Line Key="TXT_ENC_TCH_MECHAS_STRATEGY_0">
      <Text>Unlocking the Armored Colossus technology will let you unleash superior military power with advanced mechanized units. These formidable machines provide a significant advantage on the battlefield, ensuring your nation can dominate its adversaries. The technological prowess embodied in these units also showcases your nation's industrial and scientific capabilities, striking fear and respect into the hearts of opponents.</Text>
    </Line>
    <Line Key="TXT_ENC_TCH_MERCANTALISM_HISTORY_0">
      <Text>In Europe from the 16th to the 18th centuries, the economic practice of Mercantilism (which prioritized exports over imports, improving a nation’s economy at the expense of their trade partners) was dominant. To reinforce this practice, restrictions were put in place like banning manufacturing from colonies (so that goods could be exported to them).</Text>
    </Line>
    <Line Key="TXT_ENC_TCH_MERCANTALISM_STRATEGY_0">
      <Text>Mercantalism boosts naval power and enhances city amenities. This technology supports the development of advanced ships and trade facilities, improving economic and military capabilities. Establishing mercantile infrastructure ensures your cities are well-equipped for commerce and defense.</Text>
    </Line>
    <Line Key="TXT_ENC_TCH_METALLURGY_HISTORY_0">
      <Text>This technology refers to the art of extracting and manipulating metals. It was the discovery of naturally occurring metals like gold and later the discovery of alloys like Bronze in the Middle east. Metallurgy, through all its stages, helped humans advance through the ages and into more complex societies.</Text>
    </Line>
    <Line Key="TXT_ENC_TCH_METALLURGY_STRATEGY_0">
      <Text>Metallurgy grants access to advanced mining and metal crafting methods. This technology supports the extraction and processing of metals, improving resource availability and manufacturing capabilities. Embracing metallurgy ensures your nation can efficiently utilize its mineral resources.</Text>
    </Line>
    <Line Key="TXT_ENC_TCH_MODERN_COMFORTS_HISTORY_0">
      <Text>In the 1860s CE, when American inventor John Wesley Hyatt attempted to make a substitute for ivory billiard balls, he eventual created the first synthetic plastic, celluloid. Since then, plastic (polymers with large chain-like molecules that can be shaped via heated molding, pressing, or other force into a new, permanent shape) has undergone a host of innovations and new chemical formulas, and began being mass-produced in the 1940s.</Text>
    </Line>
    <Line Key="TXT_ENC_TCH_MODERN_COMFORTS_STRATEGY_0">
      <Text>Plastics enable the production of modern comforts and commercial goods. This technology supports the creation of items like air conditioning units and plastic containers, improving everyday life. Implementing plastics manufacturing boosts your economy and quality of life.</Text>
    </Line>
    <Line Key="TXT_ENC_TCH_MONUMENT_BUILDING_HISTORY_0">
      <Text>Monuments buildings are structures made specifically to commemorate a person or event in history. They can also be regular buildings which are later named monuments because of increased cultural relevance. One of the oldest monument buildings found by archeologists is the Göbekli Tepe, a collection of temples located in Türkiye built around 9600 BCE.</Text>
    </Line>
    <Line Key="TXT_ENC_TCH_MONUMENT_BUILDING_STRATEGY_0">
      <Text>Monument Building enables the construction of impressive monuments and ceramic shops for cultural prestige. This technology supports the creation of statues and pottery, enriching your nation's cultural heritage. Building monuments enhances your city's attractiveness and historical significance.</Text>
    </Line>
    <Line Key="TXT_ENC_TCH_MUSICAL_THEORY_HISTORY_0">
      <Text>Music Theory is the study of music, its language, its methods, composers, and the subject's history. Because music varied so deeply between ancient cultures, the study of music varied significantly. In modern day, music theory is much more uniform and covers the fundamentals like harmonies, pitch, melodies, etc.</Text>
    </Line>
    <Line Key="TXT_ENC_TCH_MUSICAL_THEORY_STRATEGY_0">
      <Text>Musical Theory enables the creation of cultural landmarks and musical instruments, fostering cultural growth. This technology supports the development of theaters and cathedrals, enhancing your nation's artistic and cultural landscape. Embracing musical theory ensures a vibrant cultural scene and societal enrichment.</Text>
    </Line>
    <Line Key="TXT_ENC_TCH_NAVIGATION_HISTORY_0">
      <Text>Navigation is the science and art of finding a way to a desired destination. Whether it is via boat, plane, or on foot, this pathfinding technology often seeks to optimize the way travelers reach their destination by considering their location, their position, the distance from their destination, as well as the tools and resources available to them during the journey.</Text>
    </Line>
    <Line Key="TXT_ENC_TCH_NAVIGATION_STRATEGY_0">
      <Text>Navigation enhances naval capabilities and unlocks seaside infrastructure. This technology supports the creation of advanced ships and coastal facilities, improving exploration and maritime trade. Developing navigation ensures your nation can efficiently manage and expand its maritime activities.</Text>
    </Line>
    <Line Key="TXT_ENC_TCH_NITROGEN_EXTRACTION_HISTORY_0">
      <Text>Fertilizers are additives put in soil to improve plant growth. Modern fertilizers often include synthetic chemicals that replicate what might otherwise be found naturally (such as phosphorous, nitrogen, or potassium) but may be absent from native soil. This allows farmers to augment their earth, leading to improved yields.</Text>
    </Line>
    <Line Key="TXT_ENC_TCH_NITROGEN_EXTRACTION_STRATEGY_0">
      <Text>Synthetic Fertilizers enable large-scale food production and efficient waste management. This technology enhances agricultural practices by significantly boosting crop yields and ensuring a stable food supply. Additionally, it supports advanced waste processing methods, promoting sustainable and clean farming within urban environments.</Text>
    </Line>
    <Line Key="TXT_ENC_TCH_NUCLEAR_POWER_HISTORY_0">
      <Text>Power that derives its energy from the heat of nuclear fission (the splitting of a heavy atomic nucleus). Nuclear fission was first theorized by Physicists Lise Meitner and Otto Frisch of Germany in 1939 CE, and as of 2021, nuclear power generates about 5% of energy across the globe.</Text>
    </Line>
    <Line Key="TXT_ENC_TCH_NUCLEAR_POWER_STRATEGY_0">
      <Text>Nuclear Power unleashes a potent energy source for advanced military and industrial applications. This technology supports the development of nuclear submarines and power plants, providing significant energy and strategic advantages. Embracing nuclear power ensures your nation has access to reliable and powerful energy resources.</Text>
    </Line>
    <Line Key="TXT_ENC_TCH_OPTICS_HISTORY_0">
      <Text>Optics studies the properties and the behavior of light. The first known studies of optics are linked to ancient Egypt and Mesopotamia where humans were experimenting with lenses as early as 2000 BCE. The discovery of these lenses opened the door for experimentation which resulted in the invention items we still use today including eyeglasses and the telescope.</Text>
    </Line>
    <Line Key="TXT_ENC_TCH_OPTICS_STRATEGY_0">
      <Text>Optics enable advanced astronomical study and observatory construction. This technology supports the development of telescopes and other optical instruments, improving scientific research capabilities. Building observatories enhances your nation's ability to study the stars and expand its knowledge of the universe.</Text>
    </Line>
    <Line Key="TXT_ENC_TCH_PAPER_HISTORY_0">
      <Text>The predecessor to paper was a plant-based sheet called papyrus created in Egypt. Who was the first to discover or make paper? It’s hard to say, however, Cai Lun from the Chinese Eastern Han dynasty is credited with the first paper making process which created sheets similar to what we know as paper in the 21st century. Paper is used very similarly today compared to how it was used thousands of years ago.</Text>
    </Line>
    <Line Key="TXT_ENC_TCH_PAPER_STRATEGY_0">
      <Text>Paper enables the creation of written records and boosts intellectual pursuits. This technology supports the development of libraries and sawmills, facilitating the production and dissemination of knowledge. Embracing paper production enhances your nation's literacy and cultural heritage.</Text>
    </Line>
    <Line Key="TXT_ENC_TCH_PERSPECTIVE_ART_HISTORY_0">
      <Text>Artists use the technique of perspective to create the appearance of 3D objects in a 2D space. Chinese art achieves this with juxtaposing organic landmasses against rigid-lined buildings with no parallel lines converging. The Italian Renaissance popularized a method that uses parallel lines that converge to create its illusions.</Text>
    </Line>
    <Line Key="TXT_ENC_TCH_PERSPECTIVE_ART_STRATEGY_0">
      <Text>Perspective Art unlocks advanced cultural improvements, boosting societal prestige. This technology supports the creation of gardens and plazas, enriching public spaces. Implementing perspective art enhances your cultural influence and aesthetic appeal.</Text>
    </Line>
    <Line Key="TXT_ENC_TCH_PHILOSOPHY_HISTORY_0">
      <Text>Philosophy uses rational and critical thinking to analyze topics related to the mind, knowledge, existence, health, spirituality and more. Ibn Sina, also known as Avicenna, was a renowned philosopher and mathematician from Iran during the Islamic Golden Age. The philosopher wrote an extensive set of philosophical and scientific works many of which have survived the test of time.</Text>
    </Line>
    <Line Key="TXT_ENC_TCH_PHILOSOPHY_STRATEGY_0">
      <Text>Philosophy boosts your nation's cultural domain by enabling advanced religious structures. This technology supports the development of temples and codices, fostering intellectual and spiritual growth. Embracing philosophy strengthens your cultural foundation and societal values.</Text>
    </Line>
    <Line Key="TXT_ENC_TCH_PHOTOGRAPHY_HISTORY_0">
      <Text>Coming from the Greek words “photos” (light) and “graphein” (to draw), photography is the visual medium of capturing images using light (or similar energy) on receptive material. Photography required several innovations before it could be fully realized, including the ancient camera obscura, which millennia later helped innovators move the technology forward.</Text>
    </Line>
    <Line Key="TXT_ENC_TCH_PHOTOGRAPHY_STRATEGY_0">
      <Text>Photography enables the creation of visual entertainment and media studios. This technology supports the production of amenities designed to provide visually enhancing cultural expression. This is a technology that will allow nations to improve the happiness and knowledge quality of their people.</Text>
    </Line>
    <Line Key="TXT_ENC_TCH_PILGRIMAGE_HISTORY_0">
      <Text>Pilgrimages are journeys made to a holy place based on one’s religion or spiritual beliefs. These travels are performed for various reasons such as a sign of celebration, a part of a ritual, a way to bring an offering, or simply to find community. Those who have embarked on these journeys are called pilgrims.</Text>
    </Line>
    <Line Key="TXT_ENC_TCH_PILGRIMAGE_STRATEGY_0">
      <Text>Pilgrimage enables religious travel, crafting religious items, and building shrines. This technology supports the development of holy sites and the production of religious artifacts. Embracing pilgrimage practices enriches your cultural and spiritual life, enhancing societal cohesion.</Text>
    </Line>
    <Line Key="TXT_ENC_TCH_POST-HUMANISM_HISTORY_0">
      <Text>Post-humanism is a school of thought and worldview recentering humans with non-human beings and technology. It asserts a reexamination of how humans interact with nature and technologies, and as each evolve, how ethics evolve with them, such as with artificial intelligence.</Text>
    </Line>
    <Line Key="TXT_ENC_TCH_POST-HUMANISM_STRATEGY_0">
      <Text>Post-Humanism enables items that merge human and machine, driving societal progression. This technology supports the development of powered exoskeletons and synthetic life forms, enhancing both industrial and military capabilities.</Text>
    </Line>
    <Line Key="TXT_ENC_TCH_POTTERY_HISTORY_0">
      <Text>Some of the earliest evidence of the use of clay to make pottery comes from the Paleolithic era in Europe. The mass manufacturing of pottery is said to have come from Odai Yamamoto, Japan, from about 15,000 years ago. Open firing techniques were first used to finish off the clay, but over time, ovens and kilns were created and adapted for pottery making.</Text>
    </Line>
    <Line Key="TXT_ENC_TCH_POTTERY_STRATEGY_0">
      <Text>Pottery enables the crafting of amenities and cultural advances. This technology supports the production of ceramic goods and the establishment of pottery shops. Implementing pottery enhances your nation's cultural heritage and economic activity.</Text>
    </Line>
    <Line Key="TXT_ENC_TCH_PRINTING_PRESS_HISTORY_0">
      <Text>The earliest printing came from China, applying moveable type to their other invention, paper. But it didn’t become fully mechanized until the 15th century when Johannes Gutenberg reimagined a wooden wine-and-olive press to create his mechanized version, enabling books and information to be distributed to the masses.</Text>
    </Line>
    <Line Key="TXT_ENC_TCH_PRINTING_PRESS_STRATEGY_0">
      <Text>The Printing Press enables the mass production of written materials, advancing cultural development. This technology supports the creation of newspapers and print shops, facilitating information dissemination. Embracing the printing press enhances literacy and cultural communication.</Text>
    </Line>
    <Line Key="TXT_ENC_TCH_QUANTUM_MECHANICS_HISTORY_0">
      <Text>Subatomic research refers to the study of the particles that comprise an atom. It became a viable field of study thanks to advancements in equipment in 20th century CE that could examine such small sizes. The theory of atoms themselves can be found as early as the work of 500 BCE Greek philosophers Leucippus and Democritus.</Text>
    </Line>
    <Line Key="TXT_ENC_TCH_QUANTUM_MECHANICS_STRATEGY_0">
      <Text>Subatomic Research unlocks advanced scientific capabilities, significantly enhancing research potential. This technology allows for deeper exploration into the fundamental principles of physics, driving innovation and discovery. Mastery of subatomic research boosts your nation's scientific prestige and positions you at the forefront of technological advancement.</Text>
    </Line>
    <Line Key="TXT_ENC_TCH_RADAR_HISTORY_0">
      <Text>Radar transmits electromagnetic energy towards a target which gets bounced back and received (typically by an antennae) then interprets the signal to deduce information about the target. The work of German physicist Heinrich Hertz (building off the theories of James Clerk Maxwell) led to the late 19th century CE discovery that radio waves bounce off of metal objects was pivotal to radar’s eventual development.</Text>
    </Line>
    <Line Key="TXT_ENC_TCH_RADAR_STRATEGY_0">
      <Text>Radar unlocks advanced warfare capabilities and enhances military precision. This technology supports the development of sophisticated surveillance and targeting systems. Implementing radar ensures superior military coordination and strategic advantage.</Text>
    </Line>
    <Line Key="TXT_ENC_TCH_RADIO_HISTORY_0">
      <Text>A medium of sonic communication consisting of sending and receiving electromagnetic waves, the earliest patented radio transmission was from Italian physicist Guglielmo Marconi with his telegraph in 1896. The first voice and music transmitted over long distances came decade later in 1906 from Canadian Reginald Fessenden, based in Boston, United States.</Text>
    </Line>
    <Line Key="TXT_ENC_TCH_RADIO_STRATEGY_0">
      <Text>Radio enables long-range communication and cultural influence. This technology supports the creation of radio towers and broadcasting stations, improving information dissemination. Embracing radio technology strengthens your nation's communication network and cultural outreach.</Text>
    </Line>
    <Line Key="TXT_ENC_TCH_RAIL_GUNS_HISTORY_0">
      <Text>Rail guns are comprised of a large firearm that sits on a pair of electric rails to lob ammunition faster than the speed of sound. While first proposed by France’s André Louis Octave Fauchon-Villeplée in 1918, despite advancements made, a successful railgun used in battle has yet to make its debut.</Text>
    </Line>
    <Line Key="TXT_ENC_TCH_RAIL_GUNS_STRATEGY_0">
      <Text>Rail Guns unleash devastating military firepower for future-age domination. This technology supports the development of high-velocity weapons, significantly boosting combat capabilities. Integrating rail guns ensures your military has unmatched offensive power.</Text>
    </Line>
    <Line Key="TXT_ENC_TCH_RELIGIOUS_TEXTS_HISTORY_0">
      <Text>Illuminated manuscripts were documented texts, commonly in the form of a book, which were decorated with miniature images, intricate borders, and details added with gold and/or silver leaf or paint. The addition of these decorative images and the effect of the shiny metals is what made them appear “illuminated.” These manuscripts were most popular in medieval Europe.</Text>
    </Line>
    <Line Key="TXT_ENC_TCH_RELIGIOUS_TEXTS_STRATEGY_0">
      <Text>Illuminated Manuscripts enhance your nation's cultural and religious influence by advancing the creation and preservation of religious texts. This technology supports the development of intricate manuscripts that not only serve as spiritual guides but also as works of art. By promoting the production and dissemination of these texts, you strengthen your society's cultural heritage and religious cohesion, contributing to greater unity and stability.</Text>
    </Line>
    <Line Key="TXT_ENC_TCH_RIFLING_HISTORY_0">
      <Text>The introduction of rifles meant the interior of a gun’s barrel was grooved (rifled) causing its bullets to rotate, greatly improving their accuracy. However, these same grooves that improved targeting also slowed reloading, due to the friction they would create since the rifles still needed to be reloaded from the gun’s muzzle.</Text>
    </Line>
    <Line Key="TXT_ENC_TCH_RIFLING_STRATEGY_0">
      <Text>Rifling unlocks advanced firearms and strategic military formations. This technology supports the development of precision weapons and organized military units. Implementing rifling ensures superior combat effectiveness and military discipline.</Text>
    </Line>
    <Line Key="TXT_ENC_TCH_ROADS_HISTORY_0">
      <Text>Hospitality is the friendly welcoming of guests into a space they are not familiar with or are a part of. The reception often includes food, entertainment, and accommodations to make the guests’ time as enjoyable as possible. Those who traveled the infamous Silk Road often found places of hospitality where they could rest, eat, and find entertainment before continuing their journey.</Text>
    </Line>
    <Line Key="TXT_ENC_TCH_ROADS_STRATEGY_0">
      <Text>Choose Hospitality to improve the quality of life in your cities. This technology lets you build improvements that can produce valuable items that boost happiness, health, and growth.</Text>
    </Line>
    <Line Key="TXT_ENC_TCH_ROBOTICS_HISTORY_0">
      <Text>Robotics comes from the Czech word “robota” (meaning forced labor or serf) and today is used to refer to the field of engineering that encompasses the different factors of creating automata that perform human actions. The technology is comprised of the innovations of numerical control (1940s-1950 CE) and teleoperators (1940s CE).</Text>
    </Line>
    <Line Key="TXT_ENC_TCH_ROBOTICS_STRATEGY_0">
      <Text>Robotics enables advanced military and commercial applications through artificial intelligence. This technology supports the development of automated systems and sophisticated machinery. Integrating robotics enhances both industrial productivity and military capabilities.</Text>
    </Line>
    <Line Key="TXT_ENC_TCH_ROCKETRY_HISTORY_0">
      <Text>While the study of rockets boomed in recent centuries, it originated between 12th and 13th century CE in Asian warfare. The idea of using propellants to achieve spaceflight was later envisioned by Russian Konstantin E. Tsiolkovsky and American Robert H. Goddard in the 20th century. Rocket propulsion continued being conceptualized for both war and spaceflight, finally achieving the latter in 1944.</Text>
    </Line>
    <Line Key="TXT_ENC_TCH_ROCKETRY_STRATEGY_0">
      <Text>Rocketry enables advanced military capabilities through rocket artillery. This technology supports the development of powerful long-range weapons, improving offensive strategies. Embracing rocketry ensures your nation has cutting-edge military technology.</Text>
    </Line>
    <Line Key="TXT_ENC_TCH_ROPEMAKING_HISTORY_0">
      <Text>This ancient craft is about 20,000 years old, with its first crafters making ropes by twisting plant fibers, hair, and leather. There is evidence that around 4000 BCE Egyptians began making more durable and complex ropes using a wider range of materials. The mass production of ropes began in Asia with some of the first ropemaking machines created in China during the Han dynasty. By the Industrial Revolution era, synthetic ropes rose in popularity, making ropes more accessible and more affordable.</Text>
    </Line>
    <Line Key="TXT_ENC_TCH_ROPEMAKING_STRATEGY_0">
      <Text>Ropemaking enables the creation of tools and structures that boost productivity. This technology supports the production of ropes and fishing nets, enhancing both maritime and construction activities. Implementing ropemaking improves resource management and infrastructure.</Text>
    </Line>
    <Line Key="TXT_ENC_TCH_SACRED_TRADITIONS_HISTORY_0">
      <Text>Sacred rites are often considered important rituals related to a culture’s religious, spiritual, or cultural beliefs. Evidence shows these ceremonies often took place in very specific sites, indicating that these rituals were performed in places of significance to the people performing the ceremonies. The Celts, for example, performed many ceremonies near or in bodies of water like the River Thames.</Text>
    </Line>
    <Line Key="TXT_ENC_TCH_SACRED_TRADITIONS_STRATEGY_0">
      <Text>Sacred Traditions enable religious practices that enrich cultural prestige. This technology supports the creation of early religions structures and the production of holy texts, strengthening spiritual life.</Text>
    </Line>
    <Line Key="TXT_ENC_TCH_SAILS_HISTORY_0">
      <Text>This ancient technological advancement changed the way countless people traveled and traded. The first use of sails is unknown but pottery from southeastern Europe shows the use of sails starting around 6000 BCE. Ancient Egypt most likely started using square sails from about 3200 BCE. The first of these items were most likely made from animal skins and reed mats.</Text>
    </Line>
    <Line Key="TXT_ENC_TCH_SAILS_STRATEGY_0">
      <Text>Sails enable sea travel and unlock new maritime buildings and recipes. This technology supports the construction of docks and the production of sea vessels, improving exploration and trade. Developing sails ensures your nation can efficiently navigate and exploit marine resources.</Text>
    </Line>
    <Line Key="TXT_ENC_TCH_SATELLITES_HISTORY_0">
      <Text>Satellite communication technology refers to artificial satellites that orbit the Earth, receiving and retransmitting signals back down. Despite being imagined by Edward Everette Hale in a short story in 19th century CE, the first satellite wouldn’t reach the stars until the Soviet Union’s Sputnik 1 in 1957.</Text>
    </Line>
    <Line Key="TXT_ENC_TCH_SATELLITES_STRATEGY_0">
      <Text>Satellites enable advanced electronics and enhanced entertainment facilities. This technology supports the development of communication networks and stadiums, improving both information dissemination and public engagement. Embracing satellites ensures modern infrastructure and cultural vibrancy.</Text>
    </Line>
    <Line Key="TXT_ENC_TCH_SCIENTIFIC_METHOD_HISTORY_0">
      <Text>Aristotle was one of the earliest philosophers to try to understand the world through theorizing. Over the centuries, the process of using empirical observation, asking questions, experimentation, evaluation, peer review, and repeat testing to better understand to determine truths became refined and known as the Scientific Method. Today it is widely adopted in the sciences.</Text>
    </Line>
    <Line Key="TXT_ENC_TCH_SCIENTIFIC_METHOD_STRATEGY_0">
      <Text>The Scientific Method unlocks advanced residential structures and chemical research facilities. This technology improves your nation's ability to conduct detailed research and development in chemistry, leading to significant scientific advancements. Additionally, it supports the construction of modern residences, enhancing the living conditions and overall quality of life for your population.</Text>
    </Line>
    <Line Key="TXT_ENC_TCH_SEAFARING_HISTORY_0">
      <Text>Seafaring is about directing vessels through open water relying on special instruments, astronomy, geography, among many other tools and resources available. One example of a tool used during ancient seafaring was the astrolabe. This astronomical instrument was used to calculate astronomical positions precisely and is recognized as the precursor of the sextant.</Text>
    </Line>
    <Line Key="TXT_ENC_TCH_SEAFARING_STRATEGY_0">
      <Text>Research Seafaring to advance into the Antiquities era. This technology lets you build naval units to control coastal waters and improves your ability to harvest fish to feed your population. It also enables the crafting of rope, which is important for many of your nation's key projects.</Text>
    </Line>
    <Line Key="TXT_ENC_TCH_SHIPBUILDING_HISTORY_0">
      <Text>The earliest record of ships was found in Ancient Egypt, and the craft of shipbuilding has evolved over the millennia as knowledge of aerodynamics grew. Sail size and shape could determine speed, along with their rigging configuration and distribution among singular or multiple masts. The need for variety of ship shapes, from large storage-laden vessels to narrow for quick wartime infiltration and high people capacity, also sparked further iteration and the need for different dock types.</Text>
    </Line>
    <Line Key="TXT_ENC_TCH_SHIPBUILDING_STRATEGY_0">
      <Text>Shipbuilding unlocks advanced naval units and facilitates maritime exploration. This technology supports the construction of vessels like caravels and the establishment of naval facilities, enhancing your ability to explore and dominate the seas.</Text>
    </Line>
    <Line Key="TXT_ENC_TCH_SONAR_HISTORY_0">
      <Text>An underwater signal tool, sonar uses sound waves to detect unseen objects. Sound waves get periodically transmitted, and once one hits an object, it will bounce back and get received by the equipment. It will then be used to calculate data to help assess the otherwise undetectable anomaly.</Text>
    </Line>
    <Line Key="TXT_ENC_TCH_SONAR_STRATEGY_0">
      <Text>Sonar enables advanced naval units and sea-based defense structures. This technology supports the development of submarines and sea forts, improving underwater detection and coastal defense capabilities.</Text>
    </Line>
    <Line Key="TXT_ENC_TCH_STAINED_GLASS_HISTORY_0">
      <Text>Stained glass is used for making decorative items where light passes through. To add color to the glass, different metallic salts are used. The use of this technology is commonly seen in pictorial windows, typically found in religious buildings and castles. The designs made with stained glass ranged from colorful patterns to intricate scenes from religious texts or important moments in history.</Text>
    </Line>
    <Line Key="TXT_ENC_TCH_STAINED_GLASS_STRATEGY_0">
      <Text>Stained Glass unlocks aesthetic and religious cultural enhancements. This technology supports the production of stained glass and the construction of religious landmarks, enriching your nation's cultural and spiritual landscape.</Text>
    </Line>
    <Line Key="TXT_ENC_TCH_STEALTH_TECHNOLOGY_HISTORY_0">
      <Text>Originating from the Old English “stelan” (to steal), stealth today refers to technology that cloaks an object, rendering it nearly undetectable. With the introduction of radar, the need to elude it shortly followed, with one of the first stealth practices arising during World War II, when Germany applied radar-absorbent substance used on parts of their U-Boats.</Text>
    </Line>
    <Line Key="TXT_ENC_TCH_STEALTH_TECHNOLOGY_STRATEGY_0">
      <Text>Stealth Technology enables the creation of advanced, undetectable military aircraft. This technology supports the development of stealth bombers, providing your military with a significant tactical advantage in aerial combat.</Text>
    </Line>
    <Line Key="TXT_ENC_TCH_STIRRUPS_HISTORY_0">
      <Text>Stirrups allow riders to more easily stay mounted on a horse while it is galloping, jumping, or turning. Credit for the invention is disputed, some give the honor to India, which had toe-loop Stirrups in the second century, BCE, while others believe they were invented in China at about the same time. Regardless of their origin, this technology greatly improved an animal’s value in the battlefield.</Text>
    </Line>
    <Line Key="TXT_ENC_TCH_STIRRUPS_STRATEGY_0">
      <Text>Stirrups enhance cavalry tactics and transportation methods. This technology improves the effectiveness of mounted units and supports the development of horse-related infrastructure, boosting both mobility and combat capabilities.</Text>
    </Line>
    <Line Key="TXT_ENC_TCH_SYMPHONIES_HISTORY_0">
      <Text>The symphony has an evolving etymology, beginning with the Greek “symphonia,” which conveyed the agreeable sound of an ensemble. Over time, the concept would be used to refer to longer works comprised of several movements performed by an ensemble, primarily taking hold during the European Classical period beginning in 1740 CE.</Text>
    </Line>
    <Line Key="TXT_ENC_TCH_SYMPHONIES_STRATEGY_0">
      <Text>Symphonies enable high culture and music production. This technology supports the creation of symphony halls and the production of musical instruments, enriching your nation's cultural life and artistic expression.</Text>
    </Line>
    <Line Key="TXT_ENC_TCH_TERRACED_FARMS_HISTORY_0">
      <Text>There is a debate on where the first true heavy plow was created. Some researchers believe that rudimentary version of the heavy plow came from Western Europe, while others believe it was the Han dynasty iron plows that were created first. Regardless, this technology made a positive impact on crop production and contributed to the growth of many societies.</Text>
    </Line>
    <Line Key="TXT_ENC_TCH_TERRACED_FARMS_STRATEGY_0">
      <Text>Heavy Plows improve farming, helping to sustain and grow your population. This technology allows for better plowing methods and terraced fields, which make the soil better and increase farmland. Using heavy plows with advanced irrigation systems boosts crop yields and makes farming more efficient. These improvements ensure a steady food supply, supporting city growth and population expansion.</Text>
    </Line>
    <Line Key="TXT_ENC_TCH_THEORY_OF_EVOLUTION_HISTORY_0">
      <Text>Charles Darwin asserted in his theory of Natural Selection that stronger organisms would outlive weaker ones and over time, as these stronger traits get passed on, the organisms evolve into new varieties that can thrive in their habitat. The earliest concept of this was developed by Scottish agriculturalist Patrick Matthew, whose work influenced Darwin’s work.</Text>
    </Line>
    <Line Key="TXT_ENC_TCH_THEORY_OF_EVOLUTION_STRATEGY_0">
      <Text>Natural Selection unlocks advanced scientific research and enhances your nation's cultural prestige. This technology fosters a deeper understanding of biological processes, driving innovation and scientific breakthroughs. By integrating natural selection principles, you promote intellectual growth and bolster your nation's reputation as a leader in science and culture.</Text>
    </Line>
    <Line Key="TXT_ENC_TCH_THE_CHARIOT_HISTORY_0">
      <Text>Wheeled vehicles have been around for many millennia. Some researchers point to ox carts as the predecessors of the chariot. Based on archeological evidence found at burial sites it is believed the very first chariots were used by the Sintashta culture. The use of this technology increased in popularity across the world spreading both via use and due to its importance in world mythology. Over time, it was adapted to fit each region's needs, often serving in battle.</Text>
    </Line>
    <Line Key="TXT_ENC_TCH_THE_CHARIOT_STRATEGY_0">
      <Text>Chariots enable faster military units and horse-related structures. This technology allows you to build the powerful Chariot unit, provided you have horses. Chariots are stronger than many early game military units and can be used in formations that give advantages to Melee Cavalry class units. This boosts your army's mobility and combat effectiveness.</Text>
    </Line>
    <Line Key="TXT_ENC_TCH_THE_INTERNET_HISTORY_0">
      <Text>The Internet is a technology and mass medium that connects computer networks. One of the first successful implementations was the US Department of Defense’s ARPANET in 1969, which was primarily used to access research. Shortly after, more features would be implemented, such as the transfer of mail (otherwise known today as e-mail).</Text>
    </Line>
    <Line Key="TXT_ENC_TCH_THE_INTERNET_STRATEGY_0">
      <Text>The Internet boosts culture and enables advanced communication devices. This technology supports the development of modern communication infrastructure and public art installations, enhancing information exchange and cultural influence.</Text>
    </Line>
    <Line Key="TXT_ENC_TCH_THE_STEAM_ENGINE_HISTORY_0">
      <Text>Steam engines first appeared as theoretical experiments in 1st century CE Alexandria but wouldn’t be applied practically until the 17th century by Thomas Savery. Savery’s patented incarnation was used to extract water from mines. The engine itself functions by using steam heat as a means of energy to generate mechanical movement.</Text>
    </Line>
    <Line Key="TXT_ENC_TCH_THE_STEAM_ENGINE_STRATEGY_0">
      <Text>The Steam Engine enables the creation of powerful naval units and improved food preservation. This technology supports the development of ironclads and canned food production, driving industrial and military advancements.</Text>
    </Line>
    <Line Key="TXT_ENC_TCH_THE_WHEEL_HISTORY_0">
      <Text>Considered one of man’s most important inventions from the ancient world. Researchers believe the wheel may have been invented either in Mesopotamia or Eastern Europe in the Neolithic era. Wheels were used in settings outside of transportation such as pottery making, farming, irrigation, milling, and more.</Text>
    </Line>
    <Line Key="TXT_ENC_TCH_THE_WHEEL_STRATEGY_0">
      <Text>The Wheel is critical as it unlocks many new technologies, goods, and easier city connections. This technology allows the production of carriages, war chariots, and various siege units. Additionally, it enables the construction of roads between cities, helping spread religion and trade quickly. Researching The Wheel significantly boosts your nation's development and connectivity.</Text>
    </Line>
    <Line Key="TXT_ENC_TCH_TRADE_ROUTES_HISTORY_0">
      <Text>Trading is the predecessor of the creation of coinage or currency. Experts traditionally assume that trading and bartering has been an essential part of human experience for as long as humans have been alive. One of the most famous examples of large-scale trade is the Silk Road which spread across Europe and Asia from about 130 BCE to about 1453 CE.</Text>
    </Line>
    <Line Key="TXT_ENC_TCH_TRADE_ROUTES_STRATEGY_0">
      <Text>Trading lets you build improvements that turn resources into wealth, speeding up the crafting of many goods. This technology unlocks ways to convert resources into money, boosting your economy. It also allows you to build roads between cities, which helps spread religion and trade quickly.</Text>
    </Line>
    <Line Key="TXT_ENC_TCH_UNIVERSITIES_HISTORY_0">
      <Text>Universities are institutions of advanced learning which typically lead their students to a degree in higher education such as a bachelor's degree, a master's degree, or a doctorate. One of the world’s oldest universities still in operation is the University of Bologna, founded in 1088 in Italy.</Text>
    </Line>
    <Line Key="TXT_ENC_TCH_UNIVERSITIES_STRATEGY_0">
      <Text>Universities boost scientific advancement and cultural influence. This technology supports the establishment of higher education institutions, fostering research and innovation. By promoting academic excellence and intellectual growth, universities enhance your nation's cultural prestige and drive scientific progress.</Text>
    </Line>
    <Line Key="TXT_ENC_TCH_WEAVING_HISTORY_0">
      <Text>Weaving is one of the most ancient craft forms which intertwines both utility and artistic expression. It is expected that this craft dates back to the Paleolithic era, with one of the oldest examples found in the Americas being traced back to Peru, dating to about 10,000 BCE.</Text>
    </Line>
    <Line Key="TXT_ENC_TCH_WEAVING_STRATEGY_0">
      <Text>Weaving enables the production of fabric goods and the development of the weaving industry. This technology supports the creation of textiles, clothing, and other fabric-based products, boosting your economy and craftsmanship. By advancing weaving techniques, you enhance your nation's ability to produce essential goods and drive economic growth.</Text>
    </Line>
    <Line Key="TXT_ENC_TCH_WINDMILLS_HISTORY_0">
      <Text>One of the first known windmills came from Persia in 644 and 915 CE. These structures made of mounted rotating sails use wind to propel them, which in turn rotates a connected interior mechanism. Windmills were one of the earliest non-human power sources, and were especially popular from 12-19th century CE.</Text>
    </Line>
    <Line Key="TXT_ENC_TCH_WINDMILLS_STRATEGY_0">
      <Text>Windmills boost agricultural production and storage capabilities. This technology supports the construction of wind-powered mills, which enhance grain processing and storage efficiency. By improving food production and management, windmills contribute to a more stable and prosperous agricultural economy.</Text>
    </Line>
  </Locale>
</GameText>
