<?xml version="1.0" encoding="UTF-8"?>
<GameText>
  <!--This is a generated file.  Do not edit this file.  Edit the original source file and regenerate-->
  <Locale ID="en">
    <Line Key="TXT_ENC_GVT_AUTOCRACY_HISTORY_0">
      <Text>In an Autocracy, one person holds absolute power. Titles may vary: President, Monarch, First Citizen, God's Chosen, etc. Those who question their authority tend to have bad accidents, disappear, or magically change their minds with a visit from friendly representatives./n/nAutocrats don’t have to be monsters. Some Roman emperors were relatively all-powerful and tried to do a decent job. This goes for rulers in Asia and Africa and all around the world. However, the saying "Absolute power corrupts, absolutely" is a wise one. If the Autocrat /:I/is/r/ bad, nothing can get rid of them short of revolution or regicide. And that's unpleasant for everybody.</Text>
    </Line>
    <Line Key="TXT_ENC_GVT_AUTOCRACY_STRATEGY_0">
      <Text>Establishing your rule as an Autocrat will allow you to focus your efforts on a strong military for your Nation. Intrinsically, your {TXT_TRM_ARMY {#2}} can be larger within an Autocracy because of the increased Force Cap./n/nFurthermore, you can tailor the policies of this government type to benefit your {TXT_TRM_NATION} how you see fit. Perhaps you’d prefer increased {TXT_TRM_UNIT_STRENGTH} for your {TXT_TRM_ARMY {#2}}? How about boosting the {TXT_TRM_BUILDPRODUCTION} towards a {TXT_TRM_TRIUMPH} built in your honor? You can always reap the rewards of your infrastructure, gaining additional {TXT_TRM_COIN} and {TXT_TRM_HAPPINESS} for each {TXT_DOM_MILITARY} {TXT_TRM_IMPROVEMENT} built in your {TXT_TRM_NATION}. It’s up to you as the supreme {TXT_TRM_LEADER} in an Autocracy.</Text>
    </Line>
    <Line Key="TXT_ENC_GVT_CHIEFDOM_HISTORY_0">
      <Text>The technical term for chiefdom is a sociopolitical hierarchical power structure where one person (a chief) or a small group of people reign over specific regions based on language, culture, kinship, etc. The basis of this structure allows for chiefs to make decisions, big or small, that benefit their people, including the distribution of food, establishing taxes, collecting tribute, and more. The leadership of a chiefdom is chosen based on hereditary succession, familial status, age, and very importantly, their connection between their spiritual world and the human world. In some cases, the most senior members of select houses are appointed. While war is not a central part of their rule, chiefdoms are prepared to defend themselves from their enemies./n/nIt is important to note that the term “chiefdom” is a modern technical term often used to describe the hierarchical structure of non-industrial societies. While it is a commonly used term, it should not be used as an all-encompassing definition for the governmental structures of these groups.</Text>
    </Line>
    <Line Key="TXT_ENC_GVT_CHIEFDOM_STRATEGY_0">
      <Text>A Chiefdom represents an early form of societal organization where leadership is centralized under a single individual, you. This form of governance is well-suited for small, tribal communities where close personal relationships and direct leadership are key to maintaining order and cooperation, but has few other benefits.</Text>
    </Line>
    <Line Key="TXT_ENC_GVT_COMMUNIST_STATE_HISTORY_0">
      <Text>At its core, a Communist State seeks to create a classless society in which the public owns and controls the means of production. This means that the state owns things such as businesses, factories, food production, etc., but personal property like clothing, vehicles, etc. are owned by the individual./n/nModern Communism was outlined in the mid-19th century by German Karl Marx who believed that workers were exploited by capitalists (factory owners). He wrote a more in-depth look at communism and his experience with the Industrial Revolution in his book, The Communist Manifesto. Later, the leader of the Russian Revolution, Vladimir Lenin, would develop the idea and argue that a communist state is to be led by a dictatorship until that society was ready for true communism./n/nIn a more modern context, many 20th - century governments adopted the idea of becoming communist states. Unfortunately, many of these governments no longer abide by Marx’s or even Lenin’s vision.</Text>
    </Line>
    <Line Key="TXT_ENC_GVT_COMMUNIST_STATE_STRATEGY_0">
      <Text>In a Communist government, the focus is on abolishing private property and ensuring the equal distribution of resources. The intent in the game is a high level of social equality, with no wealth disparity among citizens. However, the centralized planning inherent in communism can result in economic inefficiencies and slower growth.</Text>
    </Line>
    <Line Key="TXT_ENC_GVT_DIRECT_DEMOCRACY_HISTORY_0">
      <Text>In a direct democracy, the citizens decide the course of the nation by voting on all key issues. A direct democracy is different from a representative democracy where citizens elect representatives who do the determining for them, usually through a parliamentary body. Regardless of the size of a nation, it is fascinating to see how these societies come together to exercise their right to vote. How can people across a wide nation all debate the same issue? How do you even get them all together in one place? And who's watching the kids while they're off debating?/n/nOne of the more commonly known direct democracies was 5th BCE century Athens. All citizens (no slaves, females, or foreigners) debated and voted on the key issues of the day. There were roughly 30,000 eligible voters in the city-state, and a sizable portion of them regularly participated in government. Some may argue that Athens was more of a democracy than a direct democracy, but it depends on who you ask./n/nDirect democracy is still practiced today, with some changes to suit the needs of evolving governments.</Text>
    </Line>
    <Line Key="TXT_ENC_GVT_DIRECT_DEMOCRACY_STRATEGY_0">
      <Text>In a Democracy, power is distributed among elected representatives with a strong emphasis on citizen participation, transparency, and accountability./n/nThis form of government ensures high levels of {TXT_TRM_WEALTH} in its /href:t:Term:term_City/Cities/Endhref/ due to its intrinsic promotion of free commerce. In addition, a Direct Democracy allows you to choose between Policies that further boost {TXT_TRM_HAPPINESS}, {TXT_TRM_WEALTH}, or {TXT_TRM_RESEARCH} – depending on the existing Professions of the /href:t:Term:term_Paragon/Paragons/Endhref/ in the {TXT_TRM_NATION}.</Text>
    </Line>
    <Line Key="TXT_ENC_GVT_EMPIRE_HISTORY_0">
      <Text>In an Empire, a ruler or nation rules other nations by force or the threat of force. Internally, the ruling nation may be of any political organization itself – England was a monarchy when it had a mighty empire; Athens was a republic./n/nGenerally, the subjected nations provide troops and pay taxes to support the larger political entity. Most of the benefits of the system accrue to the ruling nation, although the subjects may gain its protection and may end up having a cool international road system, common language, and currency./n/nOnce created, empires tend to want expansion. To keep the subject nations in line, the empire must maintain an enormous military. And what's the point of having all those soldiers if you're not using them? Further, once you conquer another nation, you're required to protect it from its neighbors, so you might as well conquer them too.</Text>
    </Line>
    <Line Key="TXT_ENC_GVT_EMPIRE_STRATEGY_0">
      <Text>In an Empire, power is centralized under a single sovereign ruler, typically an emperor, who commands vast territories and diverse populations. This expansive control allows the empire to access a wide array of resources and project power effectively across its dominions. However, managing such a vast empire can strain administrative capacities, leading to potential inefficiencies.</Text>
    </Line>
    <Line Key="TXT_ENC_GVT_FASCIST_STATE_HISTORY_0">
      <Text>Fascism is an ultra-nationalistic political philosophy controlled by a single powerful party fronted by a single powerful leader. It chains a state's power to the leader's will through terror and ruthlessness. Within this government, industry is subservient to the state's needs, which are weapons. Historically, fascism is associated with paranoia, rabid nationalism, racism, and a belief that others exist to be conquered and exploited. Fascist states also identify with heavily opposing both communism and socialism./n/nThis type of government gained popularity in early 20th century Italy under Benito Mussolini, who claimed to be returning Italy to former glory, though they were later defeated in 1943 during WWII. Adolf Hitler embraced fascism, transforming Germany into a militaristic, expansionistic juggernaut that came appallingly close to conquering Europe. Under Hitler, Germany built a powerful army from scratch in a few short years. Hitler and his military were responsible for the mass genocide of European Jews./n/nFascist movements still exist in the 21st century and continue to promote the violent and detrimental views of fascism.</Text>
    </Line>
    <Line Key="TXT_ENC_GVT_FASCIST_STATE_STRATEGY_0">
      <Text>Under a Fascist regime, power is centralized under a dictatorial leader who emphasizes extreme nationalism, often at the expense of personal freedoms and human rights. This government form is characterized by the suppression of dissent, the promotion of a homogeneous national identity, and the mobilization of society for the state's goals.</Text>
    </Line>
    <Line Key="TXT_ENC_GVT_FEUDALIST_HISTORY_0">
      <Text>In a feudalist government, the sociopolitical structure was divided into lords, vassals, and fiefs. This structure was a way to track property holding, or in simpler terms, who owned the land, who worked on the land and who was allowed to live on said land./n/nWhen thinking about feudalism, we usually picture the feudal system associated with the Western European Middle Ages. A peasant could use a fief (usually a small piece of land) in return for fidelity and a service (often military duties) to their lord. Sometimes a monarch was at the top of this structure, but the land holdings and true management of the land were the responsibility of the lords. The more land a lord and his vassals owned, the more powerful they were among the existing social structure./n/nJapan’s Feudal period gained popularity throughout the Kamakura period during the 12th century. Shoguns granted their loyal followers land which was managed by the /:I/shugo/r/ or a military governor and /:I/jitō/r/, also known as the head of the land. Despite the rise of feudalism, this system had its flaws and was quickly left behind during the 17th century as Japan entered a more modern era.</Text>
    </Line>
    <Line Key="TXT_ENC_GVT_FEUDALIST_STRATEGY_0">
      <Text>In a Feudalistic society, power is decentralized and distributed among various lords and vassals, each controlling their own territories. This system fosters strong regional loyalty and localized governance, but can also result in fragmented power and inefficiencies at the national level.</Text>
    </Line>
    <Line Key="TXT_ENC_GVT_MONARCHY_HISTORY_0">
      <Text>A monarchy is a political system where one person receives supreme authority over a government. Absolute monarchy and constitutional monarchies are the two most common kinds. For absolute monarchies, what the ruler says goes. They have the absolute power to do almost anything and without checks and balances, things can get bad very quickly. In a constitutional monarchy, the monarch has checks and balances within their government, limiting what the monarch can do./n/nHow these rulers reach the throne also varies. A hereditary monarch steps into power based on their bloodline or familial ties. The position is passed down from parent to heir (often a male heir). An elective monarch has power passed down from an elite group to their elected official. In some cases, monarchies are tied to religion and the “divine right” for a person or family to rule; however, political, economic, and military proficiency could be key to determining who was next in line./n/nOne of the oldest (and maybe even the first) examples of a monarchy is the First Dynastic period of Egypt (ca. 3150-2613 BCE) led by monarch Pharaoh Narmer. His son, Hor-Aha was passed down the throne following the ideal transfer of power in a monarchy.</Text>
    </Line>
    <Line Key="TXT_ENC_GVT_MONARCHY_STRATEGY_0">
      <Text>As a Monarchy, the nation is ruled by a king or queen whose authority is often justified by divine right. This centralized form of government allows for swift decision-making and implementation of policies, particularly in areas of the monarch’s interest. However, this can lead to inefficiencies in sectors that are not prioritized by the ruler.</Text>
    </Line>
    <Line Key="TXT_ENC_GVT_REPUBLIC_HISTORY_0">
      <Text>In a Republic, the people of the state have the power to elect representatives and a (usually temporary) supreme leader to run things. The name “republic” originates from the Latin term /:I/res publica/r/ meaning, “the public thing,” which is a fitting name for this kind of government that strives to serve the public./n/nThe benefit of this kind of government is that the people can elect who they believe is best suited to represent the people within the governmental system. It also means that if the leaders’ performance does not meet the public’s needs, they can remove and replace them too. The downside is that there’s no law that says people will correctly decide who is or isn't competent before they're elected. Also, the population may fall into factions and be swayed into bad choices that can be very dangerous under certain circumstances./n/nThe Roman Republic is one of the earliest examples of a successful republic, which grew to be one of the most powerful states in the Mediterranean. It lasted from 509 BCE until the Roman Empire was formed when Octavian took power as emperor.</Text>
    </Line>
    <Line Key="TXT_ENC_GVT_REPUBLIC_STRATEGY_0">
      <Text>In a Republic, power is held by elected representatives and an emphasis is placed on the rule of law. This form of government ensures that the voices of the citizens are heard and integrated into the decision-making process, leading to policies that generally reflect the collective will of the populace. However, this participation leads to greater war weariness as the people tire of conflict.</Text>
    </Line>
    <Line Key="TXT_ENC_GVT_THEOCRACY_HISTORY_0">
      <Text>In a theocracy, the nation's religious leaders have secular and spiritual authority. The theory is that the deity rules through their representatives on Earth: you'd better pay attention to them or somebody's getting hit with a lightning bolt. Yes, I'm looking at you, Zeus./n/nThe benefits of this form of government are that it takes the guesswork out of being a citizen. If the deity's representatives tell you to do something, then you had better do it. Presumably, the deity knows what it's about, and your compliance may result in a nice, pleasant afterlife for you. The downside is that the folks purporting to speak for the deity may be, shall we say, misguided, or may misinterpret the instructions they are getting. If so, it's difficult to replace./n/nTheocracies can be quite hostile to other religions and those who follow them, as they can be seen as potential threats to the theocracy, leading to religious wars.</Text>
    </Line>
    <Line Key="TXT_ENC_GVT_THEOCRACY_STRATEGY_0">
      <Text>In a Theocracy, the government is controlled by religious leaders who claim divine guidance in their decisions. This leads to a highly unified society with strong loyalty among the populace, as religious devotion permeates daily life. Policies are deeply intertwined with religious doctrines, ensuring legal efficiency and boosting happiness through regular religious festivals./n/nA Theocracy has a unique unlock path - you must first unlock a {TXT_TRM_RELIGION} before you may switch to it.</Text>
    </Line>
  </Locale>
</GameText>
