<?xml version="1.0" encoding="UTF-8"?>
<GameText>
  <!--This is a generated file.  Do not edit this file.  Edit the original source file and regenerate-->
  <Locale ID="en">
    <Line Key="TXT_ENC_ITEM_BALLISTA_HOWDAH_HISTORY_0">
      <Text></Text>
    </Line>
    <Line Key="TXT_ENC_ITEM_BALLISTA_HOWDAH_STRATEGY_0">
      <Text></Text>
    </Line>
    <Line Key="TXT_ENC_ITEM_CULVERIN_HOWDAH_HISTORY_0">
      <Text></Text>
    </Line>
    <Line Key="TXT_ENC_ITEM_CULVERIN_HOWDAH_STRATEGY_0">
      <Text></Text>
    </Line>
    <Line Key="TXT_ENC_ITM_AIRCRAFT_CARRIER_HISTORY_0">
      <Text></Text>
    </Line>
    <Line Key="TXT_ENC_ITM_AIRCRAFT_CARRIER_STRATEGY_0">
      <Text></Text>
    </Line>
    <Line Key="TXT_ENC_ITM_AIR_CONDITIONING_UNITS_HISTORY_0">
      <Text></Text>
    </Line>
    <Line Key="TXT_ENC_ITM_AIR_CONDITIONING_UNITS_STRATEGY_0">
      <Text>Unlocked by Plastics technology in the Atomic Age, Air Conditioners are crafted in a Factory. They provide a modest boost to {TXT_TRM_HAPPINESS} and {TXT_TRM_HEALTH} when used as an {TXT_TRM_CONSUME}, and a smaller boost to the same Stats when used as a {TXT_TRM_SUPPLY} in an {TXT_TRM_IMPROVEMENT}.</Text>
    </Line>
    <Line Key="TXT_ENC_ITM_AI_ASSISTANTS_HISTORY_0">
      <Text></Text>
    </Line>
    <Line Key="TXT_ENC_ITM_AI_ASSISTANTS_STRATEGY_0">
      <Text>In the Singularity Age, complete research on Post-Humanism to unlock the AI Assistant. This consumable Amenity enhances {TXT_TRM_BUILDPRODUCTION} during the construction of Science Improvements. Once these improvements are completed, they grant bonus {TXT_TRM_EDUCATION} for each one in a city with an AI Assistant.</Text>
    </Line>
    <Line Key="TXT_ENC_ITM_ANTIBIOTICS_HISTORY_0">
      <Text></Text>
    </Line>
    <Line Key="TXT_ENC_ITM_ANTIBIOTICS_STRATEGY_0">
      <Text>Unlocked by Germ Theory technology in the Machine Age, Antibiotics are crafted at Chemist or Pharmacy Improvements. These consumables provide a significant boost to {TXT_TRM_HEALTH} when applied as an Amenity.</Text>
    </Line>
    <Line Key="TXT_ENC_ITM_ANTI_AIR_GUN_HISTORY_0">
      <Text></Text>
    </Line>
    <Line Key="TXT_ENC_ITM_ANTI_AIR_GUN_STRATEGY_0">
      <Text></Text>
    </Line>
    <Line Key="TXT_ENC_ITM_ASSAULT_OCTERES_HISTORY_0">
      <Text></Text>
    </Line>
    <Line Key="TXT_ENC_ITM_ASSAULT_OCTERES_STRATEGY_0">
      <Text></Text>
    </Line>
    <Line Key="TXT_ENC_ITM_ASSAULT_RIFLE_HISTORY_0">
      <Text></Text>
    </Line>
    <Line Key="TXT_ENC_ITM_ASSAULT_RIFLE_STRATEGY_0">
      <Text></Text>
    </Line>
    <Line Key="TXT_ENC_ITM_BANDAGES_HISTORY_0">
      <Text></Text>
    </Line>
    <Line Key="TXT_ENC_ITM_BANDAGES_STRATEGY_0">
      <Text>Bandages are inexpensive consumables that give a slight boost {TXT_TRM_HEALTH} when applied as an Amenity. They’re also used as an Ingredient to craft Medicines. Unlocked by the Weaving Technology, they’re most easily crafted by Weavers during the Bronze Age.</Text>
    </Line>
    <Line Key="TXT_ENC_ITM_BARRELS_HISTORY_0">
      <Text></Text>
    </Line>
    <Line Key="TXT_ENC_ITM_BARRELS_STRATEGY_0">
      <Text>Unlocked as early as the High Medieval Era, Barrels are crafted in Workshops, Crafting Guilds, and Factories. They can serve as an ingredient to construct the Oil Well, or be utilized as a Supply, slightly increasing the {TXT_TRM_CRAFTPRODUCTION} for Crafter Improvements.</Text>
    </Line>
    <Line Key="TXT_ENC_ITM_BASIC_LAWS_HISTORY_0">
      <Text></Text>
    </Line>
    <Line Key="TXT_ENC_ITM_BASIC_LAWS_STRATEGY_0">
      <Text>Create the Code of Laws at the Great Hearth and in Gathering Halls. Once crafted, they can be applied as Amenities to boost {TXT_TRM_AESTHETICS} and {TXT_TRM_EDUCATION}.</Text>
    </Line>
    <Line Key="TXT_ENC_ITM_BASKETS_HISTORY_0">
      <Text></Text>
    </Line>
    <Line Key="TXT_ENC_ITM_BASKETS_STRATEGY_0">
      <Text>Crafted in Workshops, Weavers, and Tailors, use Basket consumables in your cities to boost {TXT_TRM_WEALTH} and {TXT_TRM_PRODUCTION}.</Text>
    </Line>
    <Line Key="TXT_ENC_ITM_BATTLEAXE_HISTORY_0">
      <Text></Text>
    </Line>
    <Line Key="TXT_ENC_ITM_BATTLEAXE_STRATEGY_0">
      <Text></Text>
    </Line>
    <Line Key="TXT_ENC_ITM_BATTLESHIP_HISTORY_0">
      <Text></Text>
    </Line>
    <Line Key="TXT_ENC_ITM_BATTLESHIP_STRATEGY_0">
      <Text></Text>
    </Line>
    <Line Key="TXT_ENC_ITM_BAYONET_HISTORY_0">
      <Text></Text>
    </Line>
    <Line Key="TXT_ENC_ITM_BAYONET_STRATEGY_0">
      <Text></Text>
    </Line>
    <Line Key="TXT_ENC_ITM_BEER_HISTORY_0">
      <Text></Text>
    </Line>
    <Line Key="TXT_ENC_ITM_BEER_STRATEGY_0">
      <Text>Unlocked in the Early Middle Ages with the Brewing technology, Beer is crafted in the Brewery, Distillery, and in the Monastery. When consumed as a City Amenity, it provides bonus {TXT_TRM_FOOD} and boosts {TXT_TRM_HAPPINESS}.</Text>
    </Line>
    <Line Key="TXT_ENC_ITM_BELT_HISTORY_0">
      <Text></Text>
    </Line>
    <Line Key="TXT_ENC_ITM_BELT_STRATEGY_0">
      <Text>Made from Fur or Leather, Belts can be crafted in the Cobbler as early as the Iron Age after unlocking the Textiles technology. They are an essential component when creating Garments, a powerful Amenity that boosts {TXT_TRM_HAPPINESS}, {TXT_TRM_HEALTH}, and {TXT_TRM_WEALTH}.</Text>
    </Line>
    <Line Key="TXT_ENC_ITM_BOMBER_HISTORY_0">
      <Text></Text>
    </Line>
    <Line Key="TXT_ENC_ITM_BOMBER_STRATEGY_0">
      <Text></Text>
    </Line>
    <Line Key="TXT_ENC_ITM_BOOKS_HISTORY_0">
      <Text></Text>
    </Line>
    <Line Key="TXT_ENC_ITM_BOOKS_STRATEGY_0">
      <Text>In the Bronze Age, research the Code of Laws technology to unlock Books. Once crafted in a Library, Books can be used to construct The Library of Celsus Triumph.</Text>
    </Line>
    <Line Key="TXT_ENC_ITM_BOW_HISTORY_0">
      <Text></Text>
    </Line>
    <Line Key="TXT_ENC_ITM_BOW_STRATEGY_0">
      <Text></Text>
    </Line>
    <Line Key="TXT_ENC_ITM_BREAD_HISTORY_0">
      <Text></Text>
    </Line>
    <Line Key="TXT_ENC_ITM_BREAD_STRATEGY_0">
      <Text>One of the defining staples in human history, Bread is crafted in the Bakery Improvement and can be used as an ingredient for a variety of Goods. In addition, when used as a consumable Amenity for a City, Bread provides bonus {TXT_TRM_FOOD} and boosts {TXT_TRM_HAPPINESS}.</Text>
    </Line>
    <Line Key="TXT_ENC_ITM_BREWED_COFFEE_HISTORY_0">
      <Text></Text>
    </Line>
    <Line Key="TXT_ENC_ITM_BREWED_COFFEE_STRATEGY_0">
      <Text>Brewed Coffee is crafted in Coffee Houses, producing an aromatic beverage that boosts {TXT_TRM_HAPPINESS} and {TXT_TRM_PRODUCTION} when consumed as an Amenity.</Text>
    </Line>
    <Line Key="TXT_ENC_ITM_CANDLES_HISTORY_0">
      <Text></Text>
    </Line>
    <Line Key="TXT_ENC_ITM_CANDLES_STRATEGY_0">
      <Text>This versatile Good is typically made from Tallow or Food Oil in Apothecary or Workshop Improvements. Candles are used as a component when crafting the Festival consumable and in the construction of Mosques, Pagodas, and Temples. In addition, Candles may be consumed as an Amenity, boosting {TXT_TRM_EDUCATION} and {TXT_TRM_BUILDPRODUCTION} when constructing Religious Improvements.</Text>
    </Line>
    <Line Key="TXT_ENC_ITM_CANNED_FOOD_HISTORY_0">
      <Text></Text>
    </Line>
    <Line Key="TXT_ENC_ITM_CANNED_FOOD_STRATEGY_0">
      <Text>Found in Grocers, starting in the Enlightenment, Canned Foods provide significant boosts to {TXT_TRM_HEALTH}, {TXT_TRM_FOOD}, and {TXT_TRM_GROWTH} when applied as an Amenity.</Text>
    </Line>
    <Line Key="TXT_ENC_ITM_CANNON_HISTORY_0">
      <Text></Text>
    </Line>
    <Line Key="TXT_ENC_ITM_CANNON_STRATEGY_0">
      <Text></Text>
    </Line>
    <Line Key="TXT_ENC_ITM_CARAVAN_HISTORY_0">
      <Text></Text>
    </Line>
    <Line Key="TXT_ENC_ITM_CARAVAN_STRATEGY_0">
      <Text></Text>
    </Line>
    <Line Key="TXT_ENC_ITM_CARAVEL_HISTORY_0">
      <Text></Text>
    </Line>
    <Line Key="TXT_ENC_ITM_CARAVEL_STRATEGY_0">
      <Text></Text>
    </Line>
    <Line Key="TXT_ENC_ITM_CARBINE_HISTORY_0">
      <Text></Text>
    </Line>
    <Line Key="TXT_ENC_ITM_CARBINE_STRATEGY_0">
      <Text></Text>
    </Line>
    <Line Key="TXT_ENC_ITM_CARRACK_HISTORY_0">
      <Text></Text>
    </Line>
    <Line Key="TXT_ENC_ITM_CARRACK_STRATEGY_0">
      <Text></Text>
    </Line>
    <Line Key="TXT_ENC_ITM_CARS_HISTORY_0">
      <Text></Text>
    </Line>
    <Line Key="TXT_ENC_ITM_CARS_STRATEGY_0">
      <Text>Unlocked by the Internal Combustion Engine technology in the Machine Age, Cars boost {TXT_TRM_PRODUCTION} at the expense of {TXT_TRM_HEALTH}.</Text>
    </Line>
    <Line Key="TXT_ENC_ITM_CAVALRY_PACK_HISTORY_0">
      <Text></Text>
    </Line>
    <Line Key="TXT_ENC_ITM_CAVALRY_PACK_STRATEGY_0">
      <Text></Text>
    </Line>
    <Line Key="TXT_ENC_ITM_CENSERAMEN_HISTORY_0">
      <Text></Text>
    </Line>
    <Line Key="TXT_ENC_ITM_CENSERAMEN_STRATEGY_0">
      <Text>Unlocked in the Early Middle Ages by the Illuminated Manuscripts technology, Censers are then crafted at Altar Improvements.</Text>
    </Line>
    <Line Key="TXT_ENC_ITM_CENSER_HISTORY_0">
      <Text></Text>
    </Line>
    <Line Key="TXT_ENC_ITM_CENSER_STRATEGY_0">
      <Text></Text>
    </Line>
    <Line Key="TXT_ENC_ITM_CERAMIC_POTS_HISTORY_0">
      <Text></Text>
    </Line>
    <Line Key="TXT_ENC_ITM_CERAMIC_POTS_STRATEGY_0">
      <Text>Craft Decorative Vases in Ceramic Shops as early as the Bronze Age by researching The Wheel technology. When used as a Consumable Amenity, it slightly increases {TXT_TRM_WEALTH} and {TXT_TRM_HAPPINESS}.</Text>
    </Line>
    <Line Key="TXT_ENC_ITM_CHARIOT_HISTORY_0">
      <Text></Text>
    </Line>
    <Line Key="TXT_ENC_ITM_CHARIOT_STRATEGY_0">
      <Text></Text>
    </Line>
    <Line Key="TXT_ENC_ITM_CLOCKS_HISTORY_0">
      <Text></Text>
    </Line>
    <Line Key="TXT_ENC_ITM_CLOCKS_STRATEGY_0">
      <Text>Crafted at Factories and Foundries, Clocks are unlocked by the Mechanized Clocks technology in the High Medieval Era.</Text>
    </Line>
    <Line Key="TXT_ENC_ITM_CLOTHES_HISTORY_0">
      <Text></Text>
    </Line>
    <Line Key="TXT_ENC_ITM_CLOTHES_STRATEGY_0">
      <Text>Fine Clothes, crafted from Tunics, Belts, and Sandals, can be unlocked as early as the Enlightenment through Industrialization Technology. When consumed as an Amenity, Fine Clothes significantly enhance {TXT_TRM_HEALTH}, {TXT_TRM_HAPPINESS}, and {TXT_TRM_WEALTH}, making them highly valuable for improving various aspects of your /href:t:Term:term_City/City’s/Endhref/ {TXT_TRM_CITIZEN_STATS}.</Text>
    </Line>
    <Line Key="TXT_ENC_ITM_CODEX_HISTORY_0">
      <Text></Text>
    </Line>
    <Line Key="TXT_ENC_ITM_CODEX_STRATEGY_0">
      <Text>Crafted at the Great Hearth Improvement, Codex boost {TXT_TRM_EDUCATION} when applied as an Amenity. They’re also used as an Ingredient to Craft Newspapers, construct /href:t:Term:term_Triumph/Triumphs/Endhref/, and train /href:t:Term:term_Unit/Units/Endhref/ to help spread your {TXT_TRM_RELIGION}.</Text>
    </Line>
    <Line Key="TXT_ENC_ITM_COG_HISTORY_0">
      <Text></Text>
    </Line>
    <Line Key="TXT_ENC_ITM_COG_STRATEGY_0">
      <Text></Text>
    </Line>
    <Line Key="TXT_ENC_ITM_COINS_HISTORY_0">
      <Text></Text>
    </Line>
    <Line Key="TXT_ENC_ITM_COINS_STRATEGY_0">
      <Text>Press these valuables out of Precious Materials and Copper at the Mint or Bank Improvements. Consume them in a City to boost {TXT_TRM_WEALTH}.</Text>
    </Line>
    <Line Key="TXT_ENC_ITM_COMMANDO_HISTORY_0">
      <Text></Text>
    </Line>
    <Line Key="TXT_ENC_ITM_COMMANDO_STRATEGY_0">
      <Text></Text>
    </Line>
    <Line Key="TXT_ENC_ITM_COMMERCIAL_DRONES_HISTORY_0">
      <Text></Text>
    </Line>
    <Line Key="TXT_ENC_ITM_COMMERCIAL_DRONES_STRATEGY_0">
      <Text>Much better than the residential versions, these commercial consumables are unlocked by the Robotics technology and crafted in Factories to boost {TXT_TRM_PRODUCTION}.</Text>
    </Line>
    <Line Key="TXT_ENC_ITM_COMPUTERS_HISTORY_0">
      <Text></Text>
    </Line>
    <Line Key="TXT_ENC_ITM_COMPUTERS_STRATEGY_0">
      <Text>Unlocked in the Information Age, Computers are crafted in Factory Improvements from Electronics, Plastic, and Copper components.</Text>
    </Line>
    <Line Key="TXT_ENC_ITM_CONCRETE_HISTORY_0">
      <Text></Text>
    </Line>
    <Line Key="TXT_ENC_ITM_CONCRETE_STRATEGY_0">
      <Text>Crafted at Factories and Foundries, Concrete is unlocked by the Engineering technology in the Antiquities.</Text>
    </Line>
    <Line Key="TXT_ENC_ITM_CRISPR_THERAPIES_HISTORY_0">
      <Text></Text>
    </Line>
    <Line Key="TXT_ENC_ITM_CRISPR_THERAPIES_STRATEGY_0">
      <Text>In the Singularity Age, the Crispr technology unlocks this consumable. Crispr Therapy is crafted in Medical Labs and Pharmacies. When applied as an Amenity it boosts {TXT_TRM_HEALTH} and {TXT_TRM_AESTHETICS}.</Text>
    </Line>
    <Line Key="TXT_ENC_ITM_CROSSBOW_HISTORY_0">
      <Text></Text>
    </Line>
    <Line Key="TXT_ENC_ITM_CROSSBOW_STRATEGY_0">
      <Text></Text>
    </Line>
    <Line Key="TXT_ENC_ITM_CURRENCY_HISTORY_0">
      <Text></Text>
    </Line>
    <Line Key="TXT_ENC_ITM_CURRENCY_STRATEGY_0">
      <Text>At the Great Hearth, you can craft Currency starting as early as the Enlightenment Era by completing research on either Democracy or Mercantilism. When used as an Amenity, this powerful Consumable increases {TXT_TRM_WEALTH} and {TXT_TRM_PRODUCTION}.</Text>
    </Line>
    <Line Key="TXT_ENC_ITM_CUT_MEAT_HISTORY_0">
      <Text></Text>
    </Line>
    <Line Key="TXT_ENC_ITM_CUT_MEAT_STRATEGY_0">
      <Text>Unlocked by Animal Husbandry, Cured Meats are crafted in Butcher Shops from a wide range of animals like Pigs, Cows, Goats, and Fish. They are used as a consumable to boost {TXT_TRM_FOOD}, {TXT_TRM_WEALTH}, and {TXT_TRM_HAPPINESS}. Cured Meats may also be used to craft a variety of Goods, such as Gourmet Meals and Preserved Foods.</Text>
    </Line>
    <Line Key="TXT_ENC_ITM_CYBERNETICS_HISTORY_0">
      <Text></Text>
    </Line>
    <Line Key="TXT_ENC_ITM_CYBERNETICS_STRATEGY_0">
      <Text>Unlocked in the Information Age by Robotics technology, Cybernetics are then crafted in Top Secret Military Bases.</Text>
    </Line>
    <Line Key="TXT_ENC_ITM_DEATH_RAY_HISTORY_0">
      <Text></Text>
    </Line>
    <Line Key="TXT_ENC_ITM_DEATH_RAY_STRATEGY_0">
      <Text></Text>
    </Line>
    <Line Key="TXT_ENC_ITM_DECORATIVE_PAINTINGS_HISTORY_0">
      <Text></Text>
    </Line>
    <Line Key="TXT_ENC_ITM_DECORATIVE_PAINTINGS_STRATEGY_0">
      <Text>In the Early Middle Ages, completing research on the Decorative Arts Technology unlocks the ability to Craft Decorative Paintings in your Artisan Studio Improvements. This Consumable Good provides a moderate boost to {TXT_TRM_HAPPINESS} when consumed as an {TXT_TRM_CONSUME} and a slight boost to {TXT_TRM_HAPPINESS} when used as a {TXT_TRM_SUPPLY}.</Text>
    </Line>
    <Line Key="TXT_ENC_ITM_DESTROYER_HISTORY_0">
      <Text></Text>
    </Line>
    <Line Key="TXT_ENC_ITM_DESTROYER_STRATEGY_0">
      <Text></Text>
    </Line>
    <Line Key="TXT_ENC_ITM_DREADNOUGHT_HISTORY_0">
      <Text></Text>
    </Line>
    <Line Key="TXT_ENC_ITM_DREADNOUGHT_STRATEGY_0">
      <Text></Text>
    </Line>
    <Line Key="TXT_ENC_ITM_DRIED_FOOD_GOODS_HISTORY_0">
      <Text></Text>
    </Line>
    <Line Key="TXT_ENC_ITM_DRIED_FOOD_GOODS_STRATEGY_0">
      <Text>Unlocked in the High Medieval Era, Dried Food Goods are crafted in Butcher Shops, Bakeries, and Monasteries. Its recipe can accommodate a wide range foodstuffs, preservatives, and containers from your Nation’s inventory. Once produced, Dried Food Goods significantly boost {TXT_TRM_FOOD} when consumed as an Amenity, helping cities in need to keep their population satisfied.</Text>
    </Line>
    <Line Key="TXT_ENC_ITM_ELECTRONICS_HISTORY_0">
      <Text></Text>
    </Line>
    <Line Key="TXT_ENC_ITM_ELECTRONICS_STRATEGY_0">
      <Text>Electronics is unlocked in the Information Age by the Computers technology. This critical Good is manufactured in Factories, primarily from Aluminum and Heavy Metal. Electronics are used to craft a wide range of Goods as well as in the construction of numerous Improvements, Units, and Triumphs.</Text>
    </Line>
    <Line Key="TXT_ENC_ITM_ENCYCLOPEDIAS_HISTORY_0">
      <Text></Text>
    </Line>
    <Line Key="TXT_ENC_ITM_ENCYCLOPEDIAS_STRATEGY_0">
      <Text>Unlocked in the Machine Age by completing research on Natural Selection, Encyclopedias are then crafted in Print Shops and Publishing Houses. When used as an Amenity, the Encyclopedia boosts {TXT_TRM_EDUCATION} and provides bonus {TXT_TRM_RESEARCH} for each Science Improvement in the City.</Text>
    </Line>
    <Line Key="TXT_ENC_ITM_EXPLOSIVES_HISTORY_0">
      <Text></Text>
    </Line>
    <Line Key="TXT_ENC_ITM_EXPLOSIVES_STRATEGY_0">
      <Text>Unlocked by Gunpowder in the High Medieval Era, Explosives are manufactured by the Armory, Arsenal, and Chemist Improvements. They are a critical strategic element of your Armed Forces since they are used to craft multiple Units, from Dreadnoughts to Rocket Artillery.</Text>
    </Line>
    <Line Key="TXT_ENC_ITM_EYE_GLASSES_HISTORY_0">
      <Text></Text>
    </Line>
    <Line Key="TXT_ENC_ITM_EYE_GLASSES_STRATEGY_0">
      <Text>Crafted in the Foundry as early as the Renaissance, Eye Glasses provide a slight boost to {TXT_TRM_AESTHETICS}.</Text>
    </Line>
    <Line Key="TXT_ENC_ITM_FABRIC_HISTORY_0">
      <Text></Text>
    </Line>
    <Line Key="TXT_ENC_ITM_FABRIC_STRATEGY_0">
      <Text>As early as Ancient History, your Nation can research Weaving to gain access to the Fabric recipe. This manufactured resource is important to any Nation that is serious about building a Navy. It is crafted in the Weaver and Artisan Studio Improvements from natural resources like Furs, Cotton, Wool, and Silk. Once you have Fabric, your seafaring Nation can build Longships and the Assault Octeres as early as the Iron Age.</Text>
    </Line>
    <Line Key="TXT_ENC_ITM_FARM_TOOLS_HISTORY_0">
      <Text></Text>
    </Line>
    <Line Key="TXT_ENC_ITM_FARM_TOOLS_STRATEGY_0">
      <Text>Metal Tools are unlocked in the Bronze Age by researching Iron Working Technology. Manufactured in a Blacksmith, Foundry, or Mill Improvement, they are primarily made from Steel or Metal Ingots, but also Timber and Materials. Metal Tools are versatile, they may be used to construct Improvements and Triumphs, but also can be applied as an Amenity, significantly increasing {TXT_TRM_PRODUCTION}.</Text>
    </Line>
    <Line Key="TXT_ENC_ITM_FEAST_HISTORY_0">
      <Text></Text>
    </Line>
    <Line Key="TXT_ENC_ITM_FEAST_STRATEGY_0">
      <Text>Use the Feast to jumpstart the growth and expansion for your Cities./n/nFeasts are crafted from Food, Syrup or Spice at the Great Hearth and Gathering Hall improvements. When consumed as an Amenity, the Feast boosts {TXT_TRM_GROWTH} for 10 turns.</Text>
    </Line>
    <Line Key="TXT_ENC_ITM_FERTILIZER_HISTORY_0">
      <Text></Text>
    </Line>
    <Line Key="TXT_ENC_ITM_FERTILIZER_STRATEGY_0">
      <Text>In the Machine Age, use the Chemist and Pharmacy Improvements to manufacture Fertilizer from compost and nutrients. Fertilizer is used to Craft Goods and as a required component for constructing Improvements and Triumphs like The Classical Gardens of Suzhou, The Lotus Temple, and the Taj Mahal.</Text>
    </Line>
    <Line Key="TXT_ENC_ITM_FESTIVAL_HISTORY_0">
      <Text></Text>
    </Line>
    <Line Key="TXT_ENC_ITM_FESTIVAL_STRATEGY_0">
      <Text>Once you reach the Antiquities, consider using Festivals to kick your City growth and expansion into high gear./n/nUnlock the Candles technology to craft this consumable at the Great Hearth or Gathering Hall improvements. Festivals are more complex than Feasts; they are made from various adornments like Candles or Fabric, the first course calls for either Fish, Cured Meats or Bread, and dessert uses Malt, Syrup, or Spice./n/nFestivals are worth the effort, when consumed as an Amenity it significantly boosts {TXT_TRM_GROWTH}, provides bonus {TXT_TRM_FOOD}, and increases {TXT_TRM_HAPPINESS}.</Text>
    </Line>
    <Line Key="TXT_ENC_ITM_FIGHTER_PLANE_HISTORY_0">
      <Text></Text>
    </Line>
    <Line Key="TXT_ENC_ITM_FIGHTER_PLANE_STRATEGY_0">
      <Text></Text>
    </Line>
    <Line Key="TXT_ENC_ITM_FLAMETHROWER_HISTORY_0">
      <Text></Text>
    </Line>
    <Line Key="TXT_ENC_ITM_FLAMETHROWER_STRATEGY_0">
      <Text></Text>
    </Line>
    <Line Key="TXT_ENC_ITM_FLINTLOCK_HISTORY_0">
      <Text></Text>
    </Line>
    <Line Key="TXT_ENC_ITM_FLINTLOCK_STRATEGY_0">
      <Text></Text>
    </Line>
    <Line Key="TXT_ENC_ITM_FLOWER_HISTORY_0">
      <Text></Text>
    </Line>
    <Line Key="TXT_ENC_ITM_FLOWER_STRATEGY_0">
      <Text>Unlocked by the Irrigation technology in the Iron Age, Flowers are crafted in Flower Fields and Topiary Parks. Flowers boost {TXT_TRM_HAPPINESS} when consumed as an Amenity.</Text>
    </Line>
    <Line Key="TXT_ENC_ITM_FRIGATE_HISTORY_0">
      <Text></Text>
    </Line>
    <Line Key="TXT_ENC_ITM_FRIGATE_STRATEGY_0">
      <Text></Text>
    </Line>
    <Line Key="TXT_ENC_ITM_FURNITURE_HISTORY_0">
      <Text></Text>
    </Line>
    <Line Key="TXT_ENC_ITM_FURNITURE_STRATEGY_0">
      <Text>Crafted in Workshops, Crafting Guilds, and Factories, Furniture can be used as a Supply in Dwellings, Residences, and Skyscrapers to boost the {TXT_TRM_PRODUCTION} for their {TXT_TRM_CITY}.</Text>
    </Line>
    <Line Key="TXT_ENC_ITM_FUSELAGE_HISTORY_0">
      <Text></Text>
    </Line>
    <Line Key="TXT_ENC_ITM_FUSELAGE_STRATEGY_0">
      <Text>Unlocked by Aviation in the Machine Age, Fuselages are manufactured in Aircraft Factories. They are a critical strategic element of your Air Forces since they are used to produce multiple Units, from Bombers to Zeppelins.</Text>
    </Line>
    <Line Key="TXT_ENC_ITM_GAME_CONSOLES_HISTORY_0">
      <Text></Text>
    </Line>
    <Line Key="TXT_ENC_ITM_GAME_CONSOLES_STRATEGY_0">
      <Text>Game Consoles boost {TXT_TRM_HAPPINESS} at the expense of {TXT_TRM_PRODUCTION}. They may be crafted in a Factory as early as the Information Age.</Text>
    </Line>
    <Line Key="TXT_ENC_ITM_GARMENT_HISTORY_0">
      <Text></Text>
    </Line>
    <Line Key="TXT_ENC_ITM_GARMENT_STRATEGY_0">
      <Text>Primarily Crafted from Tunics and Belts within the Weaver and Tailor Improvements, these extremely powerful consumables may be unlocked as early as the Iron Age by the Textiles Technology. When applied as an Amenity, Garments significantly boost {TXT_TRM_HEALTH}, {TXT_TRM_HAPPINESS}, and {TXT_TRM_WEALTH}.</Text>
    </Line>
    <Line Key="TXT_ENC_ITM_GATLING_GUN_HISTORY_0">
      <Text></Text>
    </Line>
    <Line Key="TXT_ENC_ITM_GATLING_GUN_STRATEGY_0">
      <Text></Text>
    </Line>
    <Line Key="TXT_ENC_ITM_GEARS_HISTORY_0">
      <Text></Text>
    </Line>
    <Line Key="TXT_ENC_ITM_GEARS_STRATEGY_0">
      <Text>Unlocked in the High Medieval Era, Gears are crafted in Foundries from Metal Ingots.</Text>
    </Line>
    <Line Key="TXT_ENC_ITM_GIANT_MECHA_HISTORY_0">
      <Text></Text>
    </Line>
    <Line Key="TXT_ENC_ITM_GIANT_MECHA_STRATEGY_0">
      <Text></Text>
    </Line>
    <Line Key="TXT_ENC_ITM_GLASS_HISTORY_0">
      <Text></Text>
    </Line>
    <Line Key="TXT_ENC_ITM_GLASS_STRATEGY_0">
      <Text>Crafted by Ceramic Shops or traded for in Bazaars, Glass is used to craft a wide range of Goods, from Lamp Posts to Wine. More importantly, Glass is a crucial component for a massive number of Improvements and Triumphs, making this item a must have for all Nations.</Text>
    </Line>
    <Line Key="TXT_ENC_ITM_GLASS_WINDOWS_HISTORY_0">
      <Text></Text>
    </Line>
    <Line Key="TXT_ENC_ITM_GLASS_WINDOWS_STRATEGY_0">
      <Text>Unlocked in the High Medieval Era, Glass Windows are crafted in Ceramic Shops or Foundries. When consumed as an Amenity, it increases {TXT_TRM_HEALTH}.</Text>
    </Line>
    <Line Key="TXT_ENC_ITM_GOURMET_MEAL_HISTORY_0">
      <Text></Text>
    </Line>
    <Line Key="TXT_ENC_ITM_GOURMET_MEAL_STRATEGY_0">
      <Text>Gourmet Meals are another excellent way to speed the growth of your cities./n/nIn the Iron Age, researching Hospitality will unlock the Inn Improvement and its ability to craft Gourmet Meals. This consumable is comparable to a Feast – its main course starts with Bread, the first course calls for either Venison, Salted Fish, or Cured Meats, and the final ingredient calls for Food Oil, Malt, Syrup, or Spice./n/nGourmet Meals provide excellent benefits when consumed as an Amenity, moderately increasing {TXT_TRM_GROWTH}, and boosting both {TXT_TRM_HEALTH} and {TXT_TRM_HAPPINESS}.</Text>
    </Line>
    <Line Key="TXT_ENC_ITM_GRAIN_STORE_HISTORY_0">
      <Text></Text>
    </Line>
    <Line Key="TXT_ENC_ITM_GRAIN_STORE_STRATEGY_0">
      <Text>Available to be crafted by the Granary City Improvement, Grain Stores can be placed in an Amenity slot to provide a local source of {TXT_TRM_FOOD} in any City that desires a more secure source. In addition, it boosts the {TXT_TRM_GROWTH} to help that City expand faster.</Text>
    </Line>
    <Line Key="TXT_ENC_ITM_GUNPOWDER_HISTORY_0">
      <Text></Text>
    </Line>
    <Line Key="TXT_ENC_ITM_GUNPOWDER_STRATEGY_0">
      <Text>Unlocked in the High Medieval Era, Gunpowder is manufactured by the Armory, Arsenal, Barracks, and Workshop Improvements. Gunpowder a critical resource for any Nation’s Armed Forces – it is used to craft multiple Units throughout history, starting with Musketmen, then Cannon, leading all the way to Mechanized Infantry and Special Operatives in the Information Age.</Text>
    </Line>
    <Line Key="TXT_ENC_ITM_HALBERD_HISTORY_0">
      <Text></Text>
    </Line>
    <Line Key="TXT_ENC_ITM_HALBERD_STRATEGY_0">
      <Text></Text>
    </Line>
    <Line Key="TXT_ENC_ITM_HARQUEBUS_HISTORY_0">
      <Text></Text>
    </Line>
    <Line Key="TXT_ENC_ITM_HARQUEBUS_STRATEGY_0">
      <Text></Text>
    </Line>
    <Line Key="TXT_ENC_ITM_HEAVYBOW_HISTORY_0">
      <Text></Text>
    </Line>
    <Line Key="TXT_ENC_ITM_HEAVYBOW_STRATEGY_0">
      <Text></Text>
    </Line>
    <Line Key="TXT_ENC_ITM_HEAVY_PLOUGH_HISTORY_0">
      <Text></Text>
    </Line>
    <Line Key="TXT_ENC_ITM_HEAVY_PLOUGH_STRATEGY_0">
      <Text>Crafted from Metal Ingots and pulled by various beasts of burden, such as Cows, Elephants, and Horses, the Heavy Plough boosts the productivity when used as a Supply for a Farm</Text>
    </Line>
    <Line Key="TXT_ENC_ITM_HELICOPTER_HISTORY_0">
      <Text></Text>
    </Line>
    <Line Key="TXT_ENC_ITM_HELICOPTER_STRATEGY_0">
      <Text></Text>
    </Line>
    <Line Key="TXT_ENC_ITM_HERBAL_MEDICINE_HISTORY_0">
      <Text></Text>
    </Line>
    <Line Key="TXT_ENC_ITM_HERBAL_MEDICINE_STRATEGY_0">
      <Text>Unlocked by Herbalism in Ancient History, these medicines are crafted by the Apothecary from Mandrake and Ceramic Pots. When consumed as an Amenity, Herbal Medicine boosts {TXT_TRM_HEALTH}.</Text>
    </Line>
    <Line Key="TXT_ENC_ITM_HOLY_BOOK_HISTORY_0">
      <Text></Text>
    </Line>
    <Line Key="TXT_ENC_ITM_HOLY_BOOK_STRATEGY_0">
      <Text></Text>
    </Line>
    <Line Key="TXT_ENC_ITM_HORSEBACK_CARRIAGE_HISTORY_0">
      <Text></Text>
    </Line>
    <Line Key="TXT_ENC_ITM_HORSEBACK_CARRIAGE_STRATEGY_0">
      <Text>Once Chariots are unlocked in the Bronze Age, you can Craft Carriages in your Stables primarily from Horses or Camels, but don’t forget the Wheels! Once built, they can be consumed to boost {TXT_TRM_PRODUCTION} and {TXT_TRM_GROWTH} with a small {TXT_TRM_HEALTH} penalty.</Text>
    </Line>
    <Line Key="TXT_ENC_ITM_HOWDAH_HISTORY_0">
      <Text></Text>
    </Line>
    <Line Key="TXT_ENC_ITM_HOWDAH_STRATEGY_0">
      <Text></Text>
    </Line>
    <Line Key="TXT_ENC_ITM_INDOOR_STOVES_HISTORY_0">
      <Text></Text>
    </Line>
    <Line Key="TXT_ENC_ITM_INDOOR_STOVES_STRATEGY_0">
      <Text>In the Renaissance, complete the research on Steel to craft Indoor Stoves at your Factories and Foundries. When applied as an Amenity, the Indoor Stove boosts {TXT_TRM_HEALTH} and increases the Food Fertility in the City’s Regions.</Text>
    </Line>
    <Line Key="TXT_ENC_ITM_INDUSTRIAL_TOOLS_HISTORY_0">
      <Text></Text>
    </Line>
    <Line Key="TXT_ENC_ITM_INDUSTRIAL_TOOLS_STRATEGY_0">
      <Text>Unlocked as early as the Machine Age and crafted in Factories, Industrial Tools have a multitude of uses for your Nation. They are used as components to Craft Goods and construct Triumphs, but also may be consumed as an Amenity, significantly boosting {TXT_TRM_PRODUCTION}.</Text>
    </Line>
    <Line Key="TXT_ENC_ITM_INTERNAL_COMBUSTION_ENGINE_HISTORY_0">
      <Text></Text>
    </Line>
    <Line Key="TXT_ENC_ITM_INTERNAL_COMBUSTION_ENGINE_STRATEGY_0">
      <Text>Unlocked in the Machine Age, Engines are an essential component used to produce a wide range of Units. They’re crafted from Steel and Fuel in Factory Improvements. Players that want to be able to build a modern military will prioritize crafting Internal Combustion Engines for their Nation.</Text>
    </Line>
    <Line Key="TXT_ENC_ITM_IRONCLAD_HISTORY_0">
      <Text></Text>
    </Line>
    <Line Key="TXT_ENC_ITM_IRONCLAD_STRATEGY_0">
      <Text></Text>
    </Line>
    <Line Key="TXT_ENC_ITM_JET_FIGHTER_HISTORY_0">
      <Text></Text>
    </Line>
    <Line Key="TXT_ENC_ITM_JET_FIGHTER_STRATEGY_0">
      <Text></Text>
    </Line>
    <Line Key="TXT_ENC_ITM_JEWELRY_HISTORY_0">
      <Text></Text>
    </Line>
    <Line Key="TXT_ENC_ITM_JEWELRY_STRATEGY_0">
      <Text>An early craftable item that boosts the City Prosperity when consumed as an Amenity. Especially effective if the City can Harvest the Precious Metal or Precious Stone needed to speed its {TXT_TRM_CRAFTPRODUCTION}. Consuming Jewelry is a wise move for fledgling cities that want to increase the amount of Wealth produced.</Text>
    </Line>
    <Line Key="TXT_ENC_ITM_LAMP_POSTS_HISTORY_0">
      <Text></Text>
    </Line>
    <Line Key="TXT_ENC_ITM_LAMP_POSTS_STRATEGY_0">
      <Text>Manufactured in Foundries from materials like Metal Ingots, Timber, and Glass. Lamp Posts are unlocked by the Mercantilism technology in the Enlightenment.</Text>
    </Line>
    <Line Key="TXT_ENC_ITM_LANCE_HISTORY_0">
      <Text></Text>
    </Line>
    <Line Key="TXT_ENC_ITM_LANCE_STRATEGY_0">
      <Text></Text>
    </Line>
    <Line Key="TXT_ENC_ITM_LAW_BOOKS_HISTORY_0">
      <Text></Text>
    </Line>
    <Line Key="TXT_ENC_ITM_LAW_BOOKS_STRATEGY_0">
      <Text>Crafted in the Town Center and City Hall, Law Books are powerful Consumables to boost {TXT_TRM_CITY} {TXT_TRM_AESTHETICS}.</Text>
    </Line>
    <Line Key="TXT_ENC_ITM_LEATHER_HISTORY_0">
      <Text></Text>
    </Line>
    <Line Key="TXT_ENC_ITM_LEATHER_STRATEGY_0">
      <Text>Nations seeking to harness the full potential of their animal resources often prioritize the production of Leather. This adaptable material is crafted in the Tannery, primarily using Furs, Pigs, Cows, or Bison. Leather serves as a key component when crafting various Goods, including Belts and Wheels.</Text>
    </Line>
    <Line Key="TXT_ENC_ITM_LETTERS_OF_CREDIT_HISTORY_0">
      <Text></Text>
    </Line>
    <Line Key="TXT_ENC_ITM_LETTERS_OF_CREDIT_STRATEGY_0">
      <Text>Unlocked by Banking in the High Medieval Era, these IOUs are crafted in Banks from precious materials and either Paper or Leather. When applied as an Amenity, they increase {TXT_TRM_WEALTH}.</Text>
    </Line>
    <Line Key="TXT_ENC_ITM_LIGHTBULBS_HISTORY_0">
      <Text></Text>
    </Line>
    <Line Key="TXT_ENC_ITM_LIGHTBULBS_STRATEGY_0">
      <Text>Use your Factories to craft Lightbulbs after unlocking the Electricity Technology. Once you do, Lightbulbs may be used to Supply an {TXT_TRM_IMPROVEMENT}, providing a slight increase to {TXT_TRM_CITY} {TXT_TRM_EDUCATION}.</Text>
    </Line>
    <Line Key="TXT_ENC_ITM_LIQUOR_HISTORY_0">
      <Text></Text>
    </Line>
    <Line Key="TXT_ENC_ITM_LIQUOR_STRATEGY_0">
      <Text>Used to increase the Happiness and Citizen Quest Spawn Rate of your Cities. Liquor can be made from almost any grain or fruit Resource you have lying around. You'll need to construct a Brewery though and remember to keep feeding it.</Text>
    </Line>
    <Line Key="TXT_ENC_ITM_LONG_BOW_HISTORY_0">
      <Text></Text>
    </Line>
    <Line Key="TXT_ENC_ITM_LONG_BOW_STRATEGY_0">
      <Text></Text>
    </Line>
    <Line Key="TXT_ENC_ITM_LOOMS_HISTORY_0">
      <Text></Text>
    </Line>
    <Line Key="TXT_ENC_ITM_LOOMS_STRATEGY_0">
      <Text>Unlocked in the Iron Age by researching Textiles, Looms are manufactured at the Artisan Studio, Tailor, or Weaver improvements.</Text>
    </Line>
    <Line Key="TXT_ENC_ITM_MACHINED_PARTS_HISTORY_0">
      <Text></Text>
    </Line>
    <Line Key="TXT_ENC_ITM_MACHINED_PARTS_STRATEGY_0">
      <Text>Unlocked as early as the Machine Age by Mass Production, Machined Parts are made from Steel, Aluminum, and Heavy Metals. Manufactured in multiple Improvements, they are used to Construct a long list of Improvements and Triumphs.</Text>
    </Line>
    <Line Key="TXT_ENC_ITM_MANGONEL_HISTORY_0">
      <Text></Text>
    </Line>
    <Line Key="TXT_ENC_ITM_MANGONEL_STRATEGY_0">
      <Text></Text>
    </Line>
    <Line Key="TXT_ENC_ITM_MAPS_HISTORY_0">
      <Text></Text>
    </Line>
    <Line Key="TXT_ENC_ITM_MAPS_STRATEGY_0">
      <Text>Maps are unlocked in the Antiquities Era by researching Scholarship Technology. Crafted in the Print Shop Improvement, Maps are primarily made from Paper and Dye. When consumed as an Amenity, Maps boost {TXT_TRM_AESTHETICS} and increase the {TXT_TRM_UNIT_STRENGTH} for all /href:t:Term:term_Army/Forces/Endhref/ stationed in the {TXT_TRM_CITY}.</Text>
    </Line>
    <Line Key="TXT_ENC_ITM_MECHANIZED_INFANTRY_HISTORY_0">
      <Text></Text>
    </Line>
    <Line Key="TXT_ENC_ITM_MECHANIZED_INFANTRY_STRATEGY_0">
      <Text></Text>
    </Line>
    <Line Key="TXT_ENC_ITM_MEDICINE_HISTORY_0">
      <Text></Text>
    </Line>
    <Line Key="TXT_ENC_ITM_MEDICINE_STRATEGY_0">
      <Text>In the Enlightenment, researching Hospitals unlocks Medicine. This Good is crafted in the Chemist Improvement from Herbal Medicine and either Industrial Tools or Saffron.</Text>
    </Line>
    <Line Key="TXT_ENC_ITM_METAL_INGOTS_HISTORY_0">
      <Text></Text>
    </Line>
    <Line Key="TXT_ENC_ITM_METAL_INGOTS_STRATEGY_0">
      <Text>The Metal Ingot is a crucial item for all Nations./n/nUnlocked by Bronze Working technology when advancing from Ancient History to the Bronze Age, Metal Ingots are crafted in the Blacksmith Improvement from either Iron or Copper resources./n/nUsed to craft a multitude of Goods, from Lithic Tools to Steel beams, Metal Ingots are a foundational component that must be produced to progress. Use them to build Improvements or Triumphs like the Colossus of Rhodes or the Statue of Liberty. Furthermore, Metal Ingots are essential components used to generate Units for your Armed Forces, and cannot be ignored if your Nation is to mount a serious defense.</Text>
    </Line>
    <Line Key="TXT_ENC_ITM_METAL_POTS_HISTORY_0">
      <Text></Text>
    </Line>
    <Line Key="TXT_ENC_ITM_METAL_POTS_STRATEGY_0">
      <Text>Manufactured from Steel or Metal Ingots in the Foundry or Workshop Improvement, Metal Pots are unlocked by the Iron Working technology in the Bronze Age. When applied as an Amenity, they boost {TXT_TRM_WEALTH} and {TXT_TRM_HEALTH}.</Text>
    </Line>
    <Line Key="TXT_ENC_ITM_MICROWAVE_OVENS_HISTORY_0">
      <Text></Text>
    </Line>
    <Line Key="TXT_ENC_ITM_MICROWAVE_OVENS_STRATEGY_0">
      <Text>Unlocked by Plastics in the Atomic Age, Microwave Ovens are manufactured in Factory Improvements. When consumed as an Amenity, it boosts {TXT_TRM_HEALTH} and {TXT_TRM_BUILDPRODUCTION} for Food producing Improvements.</Text>
    </Line>
    <Line Key="TXT_ENC_ITM_MISSILE_CRUISER_HISTORY_0">
      <Text></Text>
    </Line>
    <Line Key="TXT_ENC_ITM_MISSILE_CRUISER_STRATEGY_0">
      <Text></Text>
    </Line>
    <Line Key="TXT_ENC_ITM_MOBILE_PHONES_HISTORY_0">
      <Text></Text>
    </Line>
    <Line Key="TXT_ENC_ITM_MOBILE_PHONES_STRATEGY_0">
      <Text>Unlocked in the Information Age by Mass Media, Mobile Phones are manufactured in Factory Improvements. When consumed as an Amenity, it boosts {TXT_TRM_HAPPINESS}.</Text>
    </Line>
    <Line Key="TXT_ENC_ITM_MODERN_ARMOR_HISTORY_0">
      <Text></Text>
    </Line>
    <Line Key="TXT_ENC_ITM_MODERN_ARMOR_STRATEGY_0">
      <Text></Text>
    </Line>
    <Line Key="TXT_ENC_ITM_MORTAR_HISTORY_0">
      <Text></Text>
    </Line>
    <Line Key="TXT_ENC_ITM_MORTAR_STRATEGY_0">
      <Text></Text>
    </Line>
    <Line Key="TXT_ENC_ITM_MOVIES_HISTORY_0">
      <Text></Text>
    </Line>
    <Line Key="TXT_ENC_ITM_MOVIES_STRATEGY_0">
      <Text>Movies are produced in Movie Studios, starting in the Machine Age by unlocking the Photography technology. This consumable, when applied as an Amenity, gives a solid boost to {TXT_TRM_HAPPINESS}.</Text>
    </Line>
    <Line Key="TXT_ENC_ITM_MUSICAL_INSTRUMENTS_HISTORY_0">
      <Text></Text>
    </Line>
    <Line Key="TXT_ENC_ITM_MUSICAL_INSTRUMENTS_STRATEGY_0">
      <Text>Musical Instruments are unlocked in the Renaissance by researching Musical Theory. Manufactured in Shopping Mall Improvements, they are primarily made from Timber, Steel or Metal Ingots, and Leather components. Musical Instruments are either used to construct the Concert Hall Improvement or applied as an Amenity, significantly increasing {TXT_TRM_HAPPINESS}.</Text>
    </Line>
    <Line Key="TXT_ENC_ITM_MUSKET_HISTORY_0">
      <Text></Text>
    </Line>
    <Line Key="TXT_ENC_ITM_MUSKET_STRATEGY_0">
      <Text></Text>
    </Line>
    <Line Key="TXT_ENC_ITM_NEWSPAPERS_HISTORY_0">
      <Text></Text>
    </Line>
    <Line Key="TXT_ENC_ITM_NEWSPAPERS_STRATEGY_0">
      <Text>Boost {TXT_TRM_EDUCATION} when consuming Newspapers as an Amenity. They’re first unlocked in the Renaissance via the Printing Press Technology and crafted in the Print Shop Improvement.</Text>
    </Line>
    <Line Key="TXT_ENC_ITM_NUCLEAR_SUBMARINE_HISTORY_0">
      <Text></Text>
    </Line>
    <Line Key="TXT_ENC_ITM_NUCLEAR_SUBMARINE_STRATEGY_0">
      <Text></Text>
    </Line>
    <Line Key="TXT_ENC_ITM_PAPER_HISTORY_0">
      <Text></Text>
    </Line>
    <Line Key="TXT_ENC_ITM_PAPER_STRATEGY_0">
      <Text>Paper is a versatile Good that is unlocked as early as the Antiquities. Throughout the game it is crafted in multiple Improvements, starting with the Mill and Bazaar Improvements. When applied as an Amenity, it boosts {TXT_TRM_EDUCATION}, but Paper is also used to construct Improvements like the School and University, or Triumphs like Johns Hopkins Hospital and the Smithsonian Institution. Furthermore, it is used as a component for Goods like Books, Maps, Newspapers, and the Strategy Codex.</Text>
    </Line>
    <Line Key="TXT_ENC_ITM_PARTISAN_HISTORY_0">
      <Text></Text>
    </Line>
    <Line Key="TXT_ENC_ITM_PARTISAN_STRATEGY_0">
      <Text></Text>
    </Line>
    <Line Key="TXT_ENC_ITM_PASTRIES_HISTORY_0">
      <Text></Text>
    </Line>
    <Line Key="TXT_ENC_ITM_PASTRIES_STRATEGY_0">
      <Text>Crafted in the Bakery Improvement, Pastries provide your citizens with numerous benefits to their {TXT_TRM_CITIZEN_STATS}, but have a minor {TXT_TRM_HEALTH} penalty.</Text>
    </Line>
    <Line Key="TXT_ENC_ITM_PERFUME_HISTORY_0">
      <Text></Text>
    </Line>
    <Line Key="TXT_ENC_ITM_PERFUME_STRATEGY_0">
      <Text>Improve {TXT_TRM_HAPPINESS} when consuming Perfume as an Amenity. To unlock this consumable Good, you must research Alchemy Technology in the Early Middle Ages. Crafted in the Apothecary, the Perfume recipe requires several unique resources to manufacture its resin, scent, and its container, but a little bit of Incense and Glass will go a long way.</Text>
    </Line>
    <Line Key="TXT_ENC_ITM_PHOTOGRAPHS_HISTORY_0">
      <Text></Text>
    </Line>
    <Line Key="TXT_ENC_ITM_PHOTOGRAPHS_STRATEGY_0">
      <Text>Unlocked by Photography in the Machine Age, this consumable Good is crafted in the Print Shop from Paper and Dye. When applied as an Amenity, it boosts {TXT_TRM_HAPPINESS}.</Text>
    </Line>
    <Line Key="TXT_ENC_ITM_PIANOS_HISTORY_0">
      <Text></Text>
    </Line>
    <Line Key="TXT_ENC_ITM_PIANOS_STRATEGY_0">
      <Text>Unlocked in the Enlightenment Era by Symphonies, Pianos are manufactured by the Artisan Studio Improvement. When consumed as an Amenity, it boosts {TXT_TRM_AESTHETICS} and {TXT_TRM_HAPPINESS} for each Culture Improvement in the City.</Text>
    </Line>
    <Line Key="TXT_ENC_ITM_PLASTICS_HISTORY_0">
      <Text></Text>
    </Line>
    <Line Key="TXT_ENC_ITM_PLASTICS_STRATEGY_0">
      <Text>Unlocked in the Atomic Age, Plastics are an essential component used to Craft a wide range of items in the Modern Era. They’re crafted from Oil, Coal, or Fuel in Factory Improvements. Nations that want to upgrade their Armed Forces, or craft Mass Produced Toys and Televisions for their Citizens welfare will prioritize Plastics for their Nation.</Text>
    </Line>
    <Line Key="TXT_ENC_ITM_PLASTIC_CONTAINERS_HISTORY_0">
      <Text></Text>
    </Line>
    <Line Key="TXT_ENC_ITM_PLASTIC_CONTAINERS_STRATEGY_0">
      <Text>Unlock this versatile Good in the Atomic Age by researching Plastics. Crafted in Factories from Plastic or Fuel, it is used as a container when producing Liquor, Perfume, or Vaccines. When applied as an Amenity, Plastic Containers boost {TXT_TRM_AESTHETICS} and {TXT_TRM_HAPPINESS} for each Culture Improvement in the City.</Text>
    </Line>
    <Line Key="TXT_ENC_ITM_PLATED_KNIGHT_SADDLE_HISTORY_0">
      <Text></Text>
    </Line>
    <Line Key="TXT_ENC_ITM_PLATED_KNIGHT_SADDLE_STRATEGY_0">
      <Text></Text>
    </Line>
    <Line Key="TXT_ENC_ITM_PLATEMAIL_HISTORY_0">
      <Text></Text>
    </Line>
    <Line Key="TXT_ENC_ITM_PLATEMAIL_STRATEGY_0">
      <Text></Text>
    </Line>
    <Line Key="TXT_ENC_ITM_PLOW_HISTORY_0">
      <Text></Text>
    </Line>
    <Line Key="TXT_ENC_ITM_PLOW_STRATEGY_0">
      <Text>Unlocked by the Animal Husbandry technology in the Bronze Age, Plows are crafted in Workshops from Cows or Horses plus additional Materials. They are used to craft Flowers, which boost {TXT_TRM_HAPPINESS} if consumed as an Amenity. Plows can also boost the Productivity of Farms when used as a Supply item.</Text>
    </Line>
    <Line Key="TXT_ENC_ITM_POTTERY_HISTORY_0">
      <Text></Text>
    </Line>
    <Line Key="TXT_ENC_ITM_POTTERY_STRATEGY_0">
      <Text>Crafted in Ceramic Shops, this Consumable Good is used as a {TXT_TRM_SUPPLY} to increase the {TXT_TRM_CRAFTPRODUCTION} of an {TXT_TRM_IMPROVEMENT}. Ceramic Pots are also extremely important Ingredients used to craft a wide range of Goods like Grain Stores, Perfume, and Wine. In addition, they may be used as a component when constructing multiple early game /href:t:Term:term_Triumph/Triumphs/Endhref/, awarding significant {TXT_TRM_PRESTIGE} and boosting the capabilities of your Nation.</Text>
    </Line>
    <Line Key="TXT_ENC_ITM_POWERED_EXOSKELETON_HISTORY_0">
      <Text></Text>
    </Line>
    <Line Key="TXT_ENC_ITM_POWERED_EXOSKELETON_STRATEGY_0">
      <Text></Text>
    </Line>
    <Line Key="TXT_ENC_ITM_POWER_HISTORY_0">
      <Text></Text>
    </Line>
    <Line Key="TXT_ENC_ITM_POWER_STRATEGY_0">
      <Text>Power, unlocked by the Electricity Technology in the Machine Age, is essential for your /href:t:Term:term_Nation/Nation’s/Endhref/ progress in the third Act. Produced in Power Plants, it must be managed wisely by expanding your crafting capacity to meet the needs of your /href:t:Term:term_City/Cities/Endhref/ and /href:t:Term:term_Improvement/Improvements/Endhref/. When used as an {TXT_TRM_CONSUME}, Power significantly boosts {TXT_TRM_CITY} {TXT_TRM_PRODUCTION}, which accelerates the rates for Crafting, Harvesting, and Construction.</Text>
    </Line>
    <Line Key="TXT_ENC_ITM_PRESERVED_FOOD_HISTORY_0">
      <Text></Text>
    </Line>
    <Line Key="TXT_ENC_ITM_PRESERVED_FOOD_STRATEGY_0">
      <Text>In the Antiquities, this powerful consumable is first unlocked by researching Milling. Preserved Food is a big upgrade over the Feast Improvement if you can acquire its recipe components. It is crafted in the Bakery, Brewery, or Fermenting Pit./n/nPreserved Food provides excellent benefits when consumed as an Amenity, providing bonus {TXT_TRM_FOOD} and significantly increasing {TXT_TRM_GROWTH} for a City.</Text>
    </Line>
    <Line Key="TXT_ENC_ITM_RADIOS_HISTORY_0">
      <Text></Text>
    </Line>
    <Line Key="TXT_ENC_ITM_RADIOS_STRATEGY_0">
      <Text>Unlocked in the Machine Age, Radios are Crafted in Movie Studios. When applied as an Amenity, Radios boost {TXT_TRM_HAPPINESS}.</Text>
    </Line>
    <Line Key="TXT_ENC_ITM_RAIDER_HISTORY_0">
      <Text></Text>
    </Line>
    <Line Key="TXT_ENC_ITM_RAIDER_STRATEGY_0">
      <Text></Text>
    </Line>
    <Line Key="TXT_ENC_ITM_RAILGUN_HISTORY_0">
      <Text></Text>
    </Line>
    <Line Key="TXT_ENC_ITM_RAILGUN_STRATEGY_0">
      <Text></Text>
    </Line>
    <Line Key="TXT_ENC_ITM_RECORD_ALBUMS_HISTORY_0">
      <Text></Text>
    </Line>
    <Line Key="TXT_ENC_ITM_RECORD_ALBUMS_STRATEGY_0">
      <Text>When applied as an Amenity, Record Albums boost {TXT_TRM_WEALTH} and {TXT_TRM_HAPPINESS} for each Culture Improvement in the City. They are crafted in Movie Studios once the Radio technology is unlocked.</Text>
    </Line>
    <Line Key="TXT_ENC_ITM_REFRIGERATORS_HISTORY_0">
      <Text></Text>
    </Line>
    <Line Key="TXT_ENC_ITM_REFRIGERATORS_STRATEGY_0">
      <Text>Unlocked in the Machine Age by Interchangeable Parts technology, Refrigerators are crafted in Factories from Steel or Plastic, plus Energy.</Text>
    </Line>
    <Line Key="TXT_ENC_ITM_RIFLES_HISTORY_0">
      <Text></Text>
    </Line>
    <Line Key="TXT_ENC_ITM_RIFLES_STRATEGY_0">
      <Text></Text>
    </Line>
    <Line Key="TXT_ENC_ITM_ROCKET_ARTILLERY_HISTORY_0">
      <Text></Text>
    </Line>
    <Line Key="TXT_ENC_ITM_ROCKET_ARTILLERY_STRATEGY_0">
      <Text></Text>
    </Line>
    <Line Key="TXT_ENC_ITM_ROPE_HISTORY_0">
      <Text></Text>
    </Line>
    <Line Key="TXT_ENC_ITM_ROPE_STRATEGY_0">
      <Text>This early Good is a critical item for Nations wishing to make early progress. Rope is a required item if your {TXT_TRM_NATION} wishes to construct Stonehenge, The Great Pyramid of Giza, or the Angkor Wat /href:t:Term:term_Triumph/Triumphs/Endhref/./n/nUnlocked as early as Ancient History by the Ropemaking technology, Ropes may be crafted in multiple Improvements from Wool or Cotton, plus Silk. It is used to craft Looms, a /href:t:Term:term_Luxury/Consumable/Endhref/ that boosts {TXT_TRM_WEALTH}. Rope can also be used as an ingredient to craft Wheels, which are crucial components for producing Siege Units and Carriages.</Text>
    </Line>
    <Line Key="TXT_ENC_ITM_RPG_HISTORY_0">
      <Text></Text>
    </Line>
    <Line Key="TXT_ENC_ITM_RPG_STRATEGY_0">
      <Text></Text>
    </Line>
    <Line Key="TXT_ENC_ITM_RUGS_AND_CARPETS_HISTORY_0">
      <Text></Text>
    </Line>
    <Line Key="TXT_ENC_ITM_RUGS_AND_CARPETS_STRATEGY_0">
      <Text>Rug and Carpet are primarily crafted from Fur, Leather, or Fabric and enhanced with colorful Dyes. When used as a Supply for an Improvement, Rug and Carpet provide a slight boost to {TXT_TRM_HAPPINESS}.</Text>
    </Line>
    <Line Key="TXT_ENC_ITM_SADDLE_HISTORY_0">
      <Text></Text>
    </Line>
    <Line Key="TXT_ENC_ITM_SADDLE_STRATEGY_0">
      <Text></Text>
    </Line>
    <Line Key="TXT_ENC_ITM_SALTED_FISH_HISTORY_0">
      <Text></Text>
    </Line>
    <Line Key="TXT_ENC_ITM_SALTED_FISH_STRATEGY_0">
      <Text>Unlocked as early as the Bronze Age by the Sails technology, Salted Fish are crafted at the Docks Improvement from Salt and Fish resources. It can be applied as an Amenity to boost {TXT_TRM_FOOD} and {TXT_TRM_HEALTH} or as a component to craft more potent consumable Goods like Festivals or Gourmet Meals.</Text>
    </Line>
    <Line Key="TXT_ENC_ITM_SAM_BATTERY_HISTORY_0">
      <Text></Text>
    </Line>
    <Line Key="TXT_ENC_ITM_SAM_BATTERY_STRATEGY_0">
      <Text></Text>
    </Line>
    <Line Key="TXT_ENC_ITM_SANDALS_HISTORY_0">
      <Text></Text>
    </Line>
    <Line Key="TXT_ENC_ITM_SANDALS_STRATEGY_0">
      <Text>If you’re wondering how to make the most of your Leather or Fur, consider Sandals./n/nUnlocked by the Leatherworking technology in the Bronze Age and then crafted in the Cobbler Improvement, Sandals boost {TXT_TRM_HEALTH} and {TXT_TRM_PRODUCTION} when consumed as an Amenity.</Text>
    </Line>
    <Line Key="TXT_ENC_ITM_SCULPTURES_HISTORY_0">
      <Text></Text>
    </Line>
    <Line Key="TXT_ENC_ITM_SCULPTURES_STRATEGY_0">
      <Text>Unlocked by the Masonry technology in the Bronze Age. Sculptures are crafted in the Blacksmith improvement. They are primarily constructed from Sculpting Materials and Dye.</Text>
    </Line>
    <Line Key="TXT_ENC_ITM_SHOES_HISTORY_0">
      <Text></Text>
    </Line>
    <Line Key="TXT_ENC_ITM_SHOES_STRATEGY_0">
      <Text>Unlocked by the Haberdashery technology in the High Medieval Era and then crafted in the Cobbler Improvement, Shoes provide a significant boost to {TXT_TRM_HEALTH}, {TXT_TRM_WEALTH}, and {TXT_TRM_HAPPINESS} when consumed as an Amenity.</Text>
    </Line>
    <Line Key="TXT_ENC_ITM_SOAP_HISTORY_0">
      <Text></Text>
    </Line>
    <Line Key="TXT_ENC_ITM_SOAP_STRATEGY_0">
      <Text>Unlocked in the Machine Age by Germ Theory technology, Soap boosts {TXT_TRM_HEALTH} when consumed as an Amenity. Crafted in the Apothecary or Mill, Soap’s base components include either Tallow or Food Oil. Its pleasant scent is derived from Incense, Vanilla, or Spice.</Text>
    </Line>
    <Line Key="TXT_ENC_ITM_SPEAR_HISTORY_0">
      <Text></Text>
    </Line>
    <Line Key="TXT_ENC_ITM_SPEAR_STRATEGY_0">
      <Text></Text>
    </Line>
    <Line Key="TXT_ENC_ITM_STAFF_HISTORY_0">
      <Text></Text>
    </Line>
    <Line Key="TXT_ENC_ITM_STAFF_STRATEGY_0">
      <Text></Text>
    </Line>
    <Line Key="TXT_ENC_ITM_STAINED_GLASS_HISTORY_0">
      <Text></Text>
    </Line>
    <Line Key="TXT_ENC_ITM_STAINED_GLASS_STRATEGY_0">
      <Text>In the Early Middle Ages, Stained Glass is available to unlock, providing a construction component for medieval architecture. For example, constructing Triumphs like St. Basil’s Cathedral is only possible if you’ve enough Stained Glass in your inventory. Primarily crafted from Glass, Heavy Metal, and Dye, Stained Glass is either manufactured in the Ceramic Shop or the Foundry Improvement.</Text>
    </Line>
    <Line Key="TXT_ENC_ITM_STATUARY_HISTORY_0">
      <Text></Text>
    </Line>
    <Line Key="TXT_ENC_ITM_STATUARY_STRATEGY_0">
      <Text>Unlocked by multiple Technologies, but as early as the Iron Age via Monument Building, Statuary Goods provide a solid increase to {TXT_TRM_HAPPINESS} when consumed as an Amenity. Crafted primarily from Sculpting Materials and Dye, Statuary are produced in the Bazaar, Foundry, and Trading Post Improvements.</Text>
    </Line>
    <Line Key="TXT_ENC_ITM_STEALTH_BOMBER_HISTORY_0">
      <Text></Text>
    </Line>
    <Line Key="TXT_ENC_ITM_STEALTH_BOMBER_STRATEGY_0">
      <Text></Text>
    </Line>
    <Line Key="TXT_ENC_ITM_STEEL_HISTORY_0">
      <Text></Text>
    </Line>
    <Line Key="TXT_ENC_ITM_STEEL_STRATEGY_0">
      <Text>Steel is a must have, critical strategic component for every Nation in the Machine Age./n/nUnlocked as early as the High Medieval Era by the Metallurgy technology, Steel is primarily crafted in Forges and Foundries, from Iron or Metal Ingots plus Coal. It is used to construct a multitude of Improvements and Triumphs as well as craft a wide range of Goods to benefit your Nation. Additionally, Steel is a required component for many Units, such as Battleships, Tanks, and Aircraft Carriers.</Text>
    </Line>
    <Line Key="TXT_ENC_ITM_STONE_TOOLS_HISTORY_0">
      <Text></Text>
    </Line>
    <Line Key="TXT_ENC_ITM_STONE_TOOLS_STRATEGY_0">
      <Text>Early in the game, craft this extremely useful Good at the Workshop from Materials and Timber. You can substitute Wealth as a Recipe component if you wish./n/nOnce you have Lithic Tools in your Nation’s inventory, they can be stockpiled and then used as components to construct Triumphs like The Hanging Gardens or The Great Pyramids of Giza. Or, if you wish for a quick benefit, consume Lithic Tools as an Amenity to boost {TXT_TRM_PRODUCTION}.</Text>
    </Line>
    <Line Key="TXT_ENC_ITM_STRATEGY_CODEX_HISTORY_0">
      <Text></Text>
    </Line>
    <Line Key="TXT_ENC_ITM_STRATEGY_CODEX_STRATEGY_0">
      <Text>This comprehensive manual is unlocked by the Iron Working technology in the Bronze Age. Strategy Codex increase {TXT_TRM_CITY} {TXT_TRM_AESTHETICS} when applied as an Amenity.</Text>
    </Line>
    <Line Key="TXT_ENC_ITM_SUBMARINE_HISTORY_0">
      <Text></Text>
    </Line>
    <Line Key="TXT_ENC_ITM_SUBMARINE_STRATEGY_0">
      <Text></Text>
    </Line>
    <Line Key="TXT_ENC_ITM_SWORD_HISTORY_0">
      <Text></Text>
    </Line>
    <Line Key="TXT_ENC_ITM_SWORD_STRATEGY_0">
      <Text></Text>
    </Line>
    <Line Key="TXT_ENC_ITM_TANK_HISTORY_0">
      <Text></Text>
    </Line>
    <Line Key="TXT_ENC_ITM_TANK_STRATEGY_0">
      <Text></Text>
    </Line>
    <Line Key="TXT_ENC_ITM_TELESCOPES_HISTORY_0">
      <Text></Text>
    </Line>
    <Line Key="TXT_ENC_ITM_TELESCOPES_STRATEGY_0">
      <Text>Unlocked in the High Medieval Era by Optics technology, Telescopes are crafted by the Foundry Improvement. When consumed as an Amenity, the City generates additional {TXT_TRM_RESEARCH} per turn.</Text>
    </Line>
    <Line Key="TXT_ENC_ITM_TELEVISIONS_HISTORY_0">
      <Text></Text>
    </Line>
    <Line Key="TXT_ENC_ITM_TELEVISIONS_STRATEGY_0">
      <Text>Televisions are unlocked as early as the Information Age by the Mass Media or Satellites technologies. They are crafted in Factories primarily from Electronics, Copper, and Plastic.</Text>
    </Line>
    <Line Key="TXT_ENC_ITM_TOILETS_HISTORY_0">
      <Text></Text>
    </Line>
    <Line Key="TXT_ENC_ITM_TOILETS_STRATEGY_0">
      <Text>Ceramic Shops may craft Indoor Toilets once Germ Theory is researched in the Machine Age. An Indoor Toilet boosts {TXT_TRM_HEALTH} and {TXT_TRM_HAPPINESS} when applied as an Amenity.</Text>
    </Line>
    <Line Key="TXT_ENC_ITM_TRACTORS_HISTORY_0">
      <Text></Text>
    </Line>
    <Line Key="TXT_ENC_ITM_TRACTORS_STRATEGY_0">
      <Text>Crafted in Vehicle Factories, Tractors can be used as a Supply, significantly boosting the {TXT_TRM_HARVESTPRODUCTION} for Harvester Improvements.</Text>
    </Line>
    <Line Key="TXT_ENC_ITM_TRADE_GOODS_HISTORY_0">
      <Text></Text>
    </Line>
    <Line Key="TXT_ENC_ITM_TRADE_GOODS_STRATEGY_0">
      <Text>Generated by Bazaars and Trading Posts, Trade Goods used to Craft a wide range of Goods for your Nation. In addition, they may be Consumed as an Amenity to boost {TXT_TRM_CITY} {TXT_TRM_WEALTH}.</Text>
    </Line>
    <Line Key="TXT_ENC_ITM_TREASURY_BONDS_HISTORY_0">
      <Text></Text>
    </Line>
    <Line Key="TXT_ENC_ITM_TREASURY_BONDS_STRATEGY_0">
      <Text>Unlocked as early as the Renaissance, Treasury Bonds are primarily crafted from Coin and Paper. They may be consumed as an Amenity or used as a Supply to significantly boost {TXT_TRM_CITY} {TXT_TRM_WEALTH}. In addition, Treasury Bonds can be used as an Ingredient to Craft Currency.</Text>
    </Line>
    <Line Key="TXT_ENC_ITM_TREBUCHET_HISTORY_0">
      <Text></Text>
    </Line>
    <Line Key="TXT_ENC_ITM_TREBUCHET_STRATEGY_0">
      <Text></Text>
    </Line>
    <Line Key="TXT_ENC_ITM_TRIREME_HISTORY_0">
      <Text></Text>
    </Line>
    <Line Key="TXT_ENC_ITM_TRIREME_STRATEGY_0">
      <Text></Text>
    </Line>
    <Line Key="TXT_ENC_ITM_TUNICS_HISTORY_0">
      <Text></Text>
    </Line>
    <Line Key="TXT_ENC_ITM_TUNICS_STRATEGY_0">
      <Text>Tunics are unlocked by the Weaving technology in Ancient History, providing your Nation an early consumable that slightly boosts {TXT_TRM_WEALTH}. When Textiles are unlocked later in the Iron Age, Tunics can then be used as the base component when crafting Garments, a much more powerful consumable that increases multiple Quality of Life categories for your people.</Text>
    </Line>
    <Line Key="TXT_ENC_ITM_UAV_HISTORY_0">
      <Text></Text>
    </Line>
    <Line Key="TXT_ENC_ITM_UAV_STRATEGY_0">
      <Text></Text>
    </Line>
    <Line Key="TXT_ENC_ITM_VACCINES_HISTORY_0">
      <Text></Text>
    </Line>
    <Line Key="TXT_ENC_ITM_VACCINES_STRATEGY_0">
      <Text>Unlocked by Atomic Theory, Vaccines are crafted in Pharmacies or Chemists from Industrial Tools and Plastic Containers. When consumed as an Amenity, it provides a Health boost to your City.</Text>
    </Line>
    <Line Key="TXT_ENC_ITM_WAR_COMMISSION_HISTORY_0">
      <Text></Text>
    </Line>
    <Line Key="TXT_ENC_ITM_WAR_COMMISSION_STRATEGY_0">
      <Text></Text>
    </Line>
    <Line Key="TXT_ENC_ITM_WHEEL_HISTORY_0">
      <Text></Text>
    </Line>
    <Line Key="TXT_ENC_ITM_WHEEL_STRATEGY_0">
      <Text>Wheels are an essential component for Nations that prioritize transportation, logistics, or the capability to wage siege warfare. Unlocked as early as the Bronze Age by the Wheel technology, Wheels are crafted in the Workshop. They are used to construct the Great Lighthouse Triumphs or craft Goods like the Carriage, which boost {TXT_TRM_PRODUCTION} and {TXT_TRM_GROWTH} when used as an Amenity. Wheels are also a critical item when creating Units like the Chariot or Siege equipment such as the Catapult, Mangonel, or Trebuchet.</Text>
    </Line>
    <Line Key="TXT_ENC_ITM_WINE_HISTORY_0">
      <Text></Text>
    </Line>
    <Line Key="TXT_ENC_ITM_WINE_STRATEGY_0">
      <Text>Wine is either unlocked by the Fermenting Technology in Ancient History or the Hospitality Technology in the Iron Age./n/nTo create Wine, use your harvested Grapes and craft its container from Glass or Ceramic Pots in the Fermenting Pit. When enjoyed as an Amenity, Wine provides a boost to {TXT_TRM_HAPPINESS}.</Text>
    </Line>
    <Line Key="TXT_ENC_ITM_ZAMBURAK_HISTORY_0">
      <Text></Text>
    </Line>
    <Line Key="TXT_ENC_ITM_ZAMBURAK_STRATEGY_0">
      <Text></Text>
    </Line>
    <Line Key="TXT_ENC_ITM_ZEPPELIN_HISTORY_0">
      <Text></Text>
    </Line>
    <Line Key="TXT_ENC_ITM_ZEPPELIN_STRATEGY_0">
      <Text></Text>
    </Line>
    <Line Key="TXT_ENC_RCP_SYNTHETICS_HISTORY_0">
      <Text></Text>
    </Line>
    <Line Key="TXT_ENC_RCP_SYNTHETICS_STRATEGY_0">
      <Text></Text>
    </Line>
  </Locale>
</GameText>
