<?xml version="1.0" encoding="UTF-8"?>
<GameText>
  <!--This is a generated file.  Do not edit this file.  Edit the original source file and regenerate-->
  <Locale ID="en">
    <Line Key="TXT_ENC_ITM_ALUMINUM_HISTORY_0">
      <Text></Text>
    </Line>
    <Line Key="TXT_ENC_ITM_ALUMINUM_STRATEGY_0">
      <Text>This metal becomes available once Aviation technology is researched. Once unlocked, placing a Mine or Industrial Mine on a Manganese Natural Resource will allow your nation to harvest Aluminum. This metal is used to manufacture many kinds of weapons and vehicles, especially planes like Fighters and Bombers. Harvest it and kick your Air-Force into high-gear!</Text>
    </Line>
    <Line Key="TXT_ENC_ITM_BARLEY_DESC_HISTORY_0">
      <Text></Text>
    </Line>
    <Line Key="TXT_ENC_ITM_BARLEY_DESC_STRATEGY_0">
      <Text>Use a Farm to Harvest Barley as Grain, a natural component that can be crafted into Bread, Grain Stores, or Liquor.</Text>
    </Line>
    <Line Key="TXT_ENC_ITM_BISON_HERD_DESC_HISTORY_0">
      <Text></Text>
    </Line>
    <Line Key="TXT_ENC_ITM_BISON_HERD_DESC_STRATEGY_0">
      <Text>Bison herds are harvested by the Hunting Camp, producing Bison, which are used to craft Leather components and the Cured Meats consumable.</Text>
    </Line>
    <Line Key="TXT_ENC_ITM_BISON_HISTORY_0">
      <Text></Text>
    </Line>
    <Line Key="TXT_ENC_ITM_BISON_STRATEGY_0">
      <Text>Unlocked by Animal Husbandry, these majestic creatures are harvested from their herds by Hunting Camps. Bison are used to craft Leather, a versatile component used in a variety of Goods, as well as Cured Meats, which provide bonus {TXT_TRM_FOOD}, increased {TXT_TRM_HAPPINESS}, and {TXT_TRM_WEALTH}.</Text>
    </Line>
    <Line Key="TXT_ENC_ITM_CAMELS_HISTORY_0">
      <Text></Text>
    </Line>
    <Line Key="TXT_ENC_ITM_CAMELS_STRATEGY_0">
      <Text>Use Hunting Camps to harvest Camel and craft Carriages for your people, boosting {TXT_TRM_PRODUCTION} and {TXT_TRM_GROWTH}. In the Enlightenment, make sure to research Rifling if you want to use your Camel to draft the powerful Zamburak Cavalry Unit.</Text>
    </Line>
    <Line Key="TXT_ENC_ITM_CATTLE_HISTORY_0">
      <Text></Text>
    </Line>
    <Line Key="TXT_ENC_ITM_CATTLE_STRATEGY_0">
      <Text>Once Animal Husbandry is unlocked, Farms can harvest Cattle from the Cow natural resource on the map. Cattle can be used to craft a wide range of Goods – Carriages, Cured Meats, Leather and Plows. Each one provides unique benefits to your Nation, depending on your needs, making Cattle a vital component worth acquiring.</Text>
    </Line>
    <Line Key="TXT_ENC_ITM_CINNAMON_DESC_HISTORY_0">
      <Text></Text>
    </Line>
    <Line Key="TXT_ENC_ITM_CINNAMON_DESC_STRATEGY_0">
      <Text>Harvest with a Farm into Spice, a natural component used to craft a variety of Goods, such as Cured Meats, Feasts, Gourmet Meals, and Soap.</Text>
    </Line>
    <Line Key="TXT_ENC_ITM_COAL_DEPOSIT_DESC_HISTORY_0">
      <Text></Text>
    </Line>
    <Line Key="TXT_ENC_ITM_COAL_DEPOSIT_DESC_STRATEGY_0">
      <Text>Harvested by Stone Pits and Mines, Coal Deposits yield Coal, a common component used to power machinery and as fuel.</Text>
    </Line>
    <Line Key="TXT_ENC_ITM_COAL_HISTORY_0">
      <Text></Text>
    </Line>
    <Line Key="TXT_ENC_ITM_COAL_STRATEGY_0">
      <Text>Mine this valuable resource to heat your people’s homes and power your Nation’s machinery.</Text>
    </Line>
    <Line Key="TXT_ENC_ITM_COASTAL_FISHERY_HISTORY_0">
      <Text></Text>
    </Line>
    <Line Key="TXT_ENC_ITM_COASTAL_FISHERY_STRATEGY_0">
      <Text>Harvested by Fishing Nets, Coastal Fisheries yield additional Food to feed your people, Fish that is used to craft consumable Amenities, and Tallow, a component used to craft a variety of Goods.</Text>
    </Line>
    <Line Key="TXT_ENC_ITM_COCOA_DESC_HISTORY_0">
      <Text></Text>
    </Line>
    <Line Key="TXT_ENC_ITM_COCOA_DESC_STRATEGY_0">
      <Text>Cocoa, when harvested by Farms, provides Syrup and Food Oil, which serve as Ingredients for a variety of Goods.</Text>
    </Line>
    <Line Key="TXT_ENC_ITM_COFFEE_BEANS_HISTORY_0">
      <Text></Text>
    </Line>
    <Line Key="TXT_ENC_ITM_COFFEE_BEANS_STRATEGY_0">
      <Text>Harvested by Coffee Farms, this delightful item is then used to Craft Brewed Coffee, which significantly boosts {TXT_TRM_HAPPINESS} and {TXT_TRM_PRODUCTION}.</Text>
    </Line>
    <Line Key="TXT_ENC_ITM_COFFEE_DESC_HISTORY_0">
      <Text></Text>
    </Line>
    <Line Key="TXT_ENC_ITM_COFFEE_DESC_STRATEGY_0">
      <Text>Coffee, when harvested by Farms, provides the essential Coffee Beans used for Brewed Coffee - a delightful Amenity that boosts {TXT_TRM_HAPPINESS} and {TXT_TRM_PRODUCTION}.</Text>
    </Line>
    <Line Key="TXT_ENC_ITM_COPPER_DEPOSIT_DESC_HISTORY_0">
      <Text></Text>
    </Line>
    <Line Key="TXT_ENC_ITM_COPPER_DEPOSIT_DESC_STRATEGY_0">
      <Text>Harvested by Stone Pits and Mines, Copper Deposits may provide additional Materials to build your Nation, or yield Copper, a versatile component used to craft Coins, Metal Ignots, and even Radios.</Text>
    </Line>
    <Line Key="TXT_ENC_ITM_COPPER_DESC_HISTORY_0">
      <Text></Text>
    </Line>
    <Line Key="TXT_ENC_ITM_COPPER_DESC_STRATEGY_0">
      <Text>Copper is unlocked by Bronze Working technology at the end of the Ancient History Era. This strategically important Good is harvested from Copper Deposits scattered throughout the world by Stone Pits and Mines. Copper is an extremely malleable material that allows it to be used as a component to craft a wide range of Goods, from Coins to Metal Ingots, to the wires inside of a Computer or Radio.</Text>
    </Line>
    <Line Key="TXT_ENC_ITM_CORN_DESC_HISTORY_0">
      <Text></Text>
    </Line>
    <Line Key="TXT_ENC_ITM_CORN_DESC_STRATEGY_0">
      <Text>Harvest with a Farm into Grain, a natural component used to craft a variety of Goods, such as Bread, Grain Store, and Liquor.</Text>
    </Line>
    <Line Key="TXT_ENC_ITM_COTTON_FIELD_DESC_HISTORY_0">
      <Text></Text>
    </Line>
    <Line Key="TXT_ENC_ITM_COTTON_FIELD_DESC_STRATEGY_0">
      <Text>Harvested by Farms, Cotton Fields provide Cotton, which can be used to craft various types of Goods like Fabric and Ropes.</Text>
    </Line>
    <Line Key="TXT_ENC_ITM_COTTON_HISTORY_0">
      <Text></Text>
    </Line>
    <Line Key="TXT_ENC_ITM_COTTON_STRATEGY_0">
      <Text>Harvested from Cotton Fields, Cotton is used to Craft a variety of Goods for your Nation. For example, Cotton is a component of Rope, which can be used to construct Stonehenge or The Great Pyramid of Giza. It is also used to make the Fabric found in the sails of many sea vessels, such as Longships and Galleys.</Text>
    </Line>
    <Line Key="TXT_ENC_ITM_COWS_DESC_HISTORY_0">
      <Text></Text>
    </Line>
    <Line Key="TXT_ENC_ITM_COWS_DESC_STRATEGY_0">
      <Text>Cows are harvested by Farms, producing Cattle, which are used for a wide range of items – Cured Meats to feed your Cities, Leather to produce Goods, or Plows that boost the productivity of your Improvements.</Text>
    </Line>
    <Line Key="TXT_ENC_ITM_CRUDE_OIL_DESC_HISTORY_0">
      <Text></Text>
    </Line>
    <Line Key="TXT_ENC_ITM_CRUDE_OIL_DESC_STRATEGY_0">
      <Text>When extracted from Oil Wells, Crude Oil yields Oil, a remarkably versatile resource. Oil is essential for producing Fuel, which is used to craft Goods, construct Improvements, and power your Nation and its Armed Forces. Additionally, Oil is a key ingredient in crafting Plastic, a versatile Good utilized in nearly everything from the Machine Age onward.</Text>
    </Line>
    <Line Key="TXT_ENC_ITM_DEER_DESC_HISTORY_0">
      <Text></Text>
    </Line>
    <Line Key="TXT_ENC_ITM_DEER_DESC_STRATEGY_0">
      <Text>Harvested by Hunting Camps, Deer produces additional Food to feed your people, and Venison, a component of Cured Meats and Gourmet Meal consumables. Deer camps also provide Fur, a component used to craft Leather, Fabric, and Sandals.</Text>
    </Line>
    <Line Key="TXT_ENC_ITM_DESC_MANDRAKE_RESOURCE_HISTORY_0">
      <Text></Text>
    </Line>
    <Line Key="TXT_ENC_ITM_DESC_MANDRAKE_RESOURCE_STRATEGY_0">
      <Text>Harvested by Farms to provide Mandrake, a key ingredient of Herbal Medicine and its {TXT_TRM_HEALTH} benefits.</Text>
    </Line>
    <Line Key="TXT_ENC_ITM_DESC_SAFFRON_FLOWERS_0">
      <Text>Pound for pound, Saffron is one of the most valuable resources in the world. Saffron Farms yield Spice, a natural component used to craft a variety of Goods, such as Cured Meats, Feasts, Gourmet Meals, and Soap. They also produce Saffron, which is used to craft Cosmetics and Medicine, consumables that boost your citizens Quality of Life.</Text>
    </Line>
    <Line Key="TXT_ENC_ITM_DOMESTIC_GOATS_HISTORY_0">
      <Text></Text>
    </Line>
    <Line Key="TXT_ENC_ITM_DOMESTIC_GOATS_STRATEGY_0">
      <Text>Domestic Goats are harvested by Farms after unlocking the Animal Husbandry technology. They are used to craft Cured Meats, which provide bonus {TXT_TRM_FOOD}, {TXT_TRM_WEALTH}, and {TXT_TRM_HAPPINESS}.</Text>
    </Line>
    <Line Key="TXT_ENC_ITM_DOMESTIC_SHEEP_HISTORY_0">
      <Text></Text>
    </Line>
    <Line Key="TXT_ENC_ITM_DOMESTIC_SHEEP_STRATEGY_0">
      <Text>These helpful animals are harvested by Sheep Farms once Animal Husbandry is unlocked in Ancient History. If they aren’t sheared for their Wool, Domestic Sheep are primarily used as components to craft Cured Meats – a consumable that is used to craft a variety of Goods or applied as an Amenity to boost {TXT_TRM_FOOD}, {TXT_TRM_WEALTH}, and {TXT_TRM_HAPPINESS}.</Text>
    </Line>
    <Line Key="TXT_ENC_ITM_DYES_HISTORY_0">
      <Text></Text>
    </Line>
    <Line Key="TXT_ENC_ITM_DYES_STRATEGY_0">
      <Text>Harvested from Coffee and Natural Dyes by Farms, use Dye to craft a multitude of Goods, from Books and Decorative Vases to Strategy Codex and Toys. Dye is also used to construct the Flower Field Improvement.</Text>
    </Line>
    <Line Key="TXT_ENC_ITM_ELEPHANTS_HISTORY_0">
      <Text></Text>
    </Line>
    <Line Key="TXT_ENC_ITM_ELEPHANTS_STRATEGY_0">
      <Text>After researching Animal Husbandry, Hunting Camps can produce Elephants if you can locate and claim a region containing a herd. If so, you unlock the ability to produce fearsome Cavalry Units, like War Elephants, Elephant Ballistae, and Elephant Gunners.</Text>
    </Line>
    <Line Key="TXT_ENC_ITM_FISH_HISTORY_0">
      <Text></Text>
    </Line>
    <Line Key="TXT_ENC_ITM_FISH_STRATEGY_0">
      <Text>Harvest Coastal Fish with Fishing Nets and use your bounty of Fish to craft a few helpful Goods for your people. Cured Meats boost {TXT_TRM_FOOD}, {TXT_TRM_WEALTH}, and {TXT_TRM_HAPPINESS}. Preserved Food increases {TXT_TRM_FOOD} and {TXT_TRM_GROWTH} and Salted Fish adds {TXT_TRM_FOOD} and {TXT_TRM_HEALTH}.</Text>
    </Line>
    <Line Key="TXT_ENC_ITM_FOOD_HISTORY_0">
      <Text></Text>
    </Line>
    <Line Key="TXT_ENC_ITM_FOOD_OIL_HISTORY_0">
      <Text></Text>
    </Line>
    <Line Key="TXT_ENC_ITM_FOOD_OIL_STRATEGY_0">
      <Text>Food Oil is a versatile component used to craft everything from Candles to Soap. Due to its strategic importance, it is unlocked by multiple Technologies and harvested from many different types of natural resources like Cocoa, Palm Oil, Vanilla, and Whales.</Text>
    </Line>
    <Line Key="TXT_ENC_ITM_FOOD_STRATEGY_0">
      <Text>Your people need Food if your Nation is to flourish. It is a critical component that allows your Cities to grow and is required to maintain your armed Forces. The best way to gain Food is by claiming regions with high Yields and constructing Farm Improvements there.</Text>
    </Line>
    <Line Key="TXT_ENC_ITM_FOXES_DESC_HISTORY_0">
      <Text></Text>
    </Line>
    <Line Key="TXT_ENC_ITM_FOXES_DESC_STRATEGY_0">
      <Text>Foxes yield Fur when harvested by a Hunting Camp. Fur is a component used to craft Belts, Leather, Fabric and Sandals.</Text>
    </Line>
    <Line Key="TXT_ENC_ITM_FRANKINCENSE_DESC_HISTORY_0">
      <Text></Text>
    </Line>
    <Line Key="TXT_ENC_ITM_FRANKINCENSE_DESC_STRATEGY_0">
      <Text>This plant resource is harvested by Farms to produce additional Wealth or Incense, a component used to craft Candles, Censers, Perfume, and Soap.</Text>
    </Line>
    <Line Key="TXT_ENC_ITM_FUEL_HISTORY_0">
      <Text></Text>
    </Line>
    <Line Key="TXT_ENC_ITM_FUEL_STRATEGY_0">
      <Text>In the Enlightenment era, the Industrialization technology unlocks the crucial strategic resource known as Fuel. To produce Fuel, your Nation must have access to Natural Resources such as Coal, Oil, and Natural Gas. Once these resources are refined in the Refinery Improvement, Fuel serves multiple purposes: crafting Goods, constructing Improvements, and supporting your Armed Forces – especially as your Nation advances into the Machine Age.</Text>
    </Line>
    <Line Key="TXT_ENC_ITM_FURS_HISTORY_0">
      <Text></Text>
    </Line>
    <Line Key="TXT_ENC_ITM_FURS_STRATEGY_0">
      <Text>Hunting Camps harvest Fur from Fox, White-Tailed Deer, and Zebra natural resources found in the world. This natural component is used to craft Belts, Leather, Fabric, and Sandals.</Text>
    </Line>
    <Line Key="TXT_ENC_ITM_GEMSTONES_DESC_HISTORY_0">
      <Text></Text>
    </Line>
    <Line Key="TXT_ENC_ITM_GEMSTONES_DESC_STRATEGY_0">
      <Text>Stone pits and mines extract this material resource, yielding additional Wealth or Precious Stones, a component used to craft luxuries like Coin and Jewelry.</Text>
    </Line>
    <Line Key="TXT_ENC_ITM_GOATS_DESC_HISTORY_0">
      <Text></Text>
    </Line>
    <Line Key="TXT_ENC_ITM_GOATS_DESC_STRATEGY_0">
      <Text>This animal resource is harvested by Farms, producing Wool, a versatile component used in a variety of Goods, or Domestic Goats, a key item used to craft Cured Meats, an Amenity that generates {TXT_TRM_FOOD}, {TXT_TRM_HAPPINESS}, and {TXT_TRM_WEALTH}.</Text>
    </Line>
    <Line Key="TXT_ENC_ITM_GOLD_DESC_HISTORY_0">
      <Text></Text>
    </Line>
    <Line Key="TXT_ENC_ITM_GOLD_DESC_STRATEGY_0">
      <Text>This material resource is harvested by Stone Pits and Mines to produce additional Wealth or Precious Metals, a component used to craft luxuries like Coin and Jewelry.</Text>
    </Line>
    <Line Key="TXT_ENC_ITM_GRAINS_HISTORY_0">
      <Text></Text>
    </Line>
    <Line Key="TXT_ENC_ITM_GRAINS_STRATEGY_0">
      <Text>This staple ingredient is harvested by Farms from the Barley, Corn, and Wheat Natural Resources found in the Grasslands and Savannas of the world. It is used to construct the Bakery and Granary Improvements, which specializes in crafting {TXT_TRM_FOOD} boosting Goods for your Cities, including Bread and Grain Stores.</Text>
    </Line>
    <Line Key="TXT_ENC_ITM_GRAPES_HISTORY_0">
      <Text></Text>
    </Line>
    <Line Key="TXT_ENC_ITM_GRAPES_STRATEGY_0">
      <Text>Harvested by Farms, Grapes are the key ingredient when crafting Wine, a {TXT_TRM_HAPPINESS} booster when consumed as an Amenity. In addition, Grapes are used as a component to construct the Fermenting Pit, which crafts a few consumable Goods, including Wine.</Text>
    </Line>
    <Line Key="TXT_ENC_ITM_HEAVY_METALS_HISTORY_0">
      <Text></Text>
    </Line>
    <Line Key="TXT_ENC_ITM_HEAVY_METALS_STRATEGY_0">
      <Text>Heavy Metals are harvested from Lead, Manganese, Meteorites, and Titanium Natural Resource nodes in the world. It is used to craft a variety of Goods, from Electronics to Machined Parts. Many late game Units require Heavy Metals, something to keep in mind as your Nation progresses through the eras.</Text>
    </Line>
    <Line Key="TXT_ENC_ITM_HORSES_HISTORY_0">
      <Text></Text>
    </Line>
    <Line Key="TXT_ENC_ITM_HORSES_STRATEGY_0">
      <Text>This strategic asset is acquired when a Farm is built upon the Wild Horses Natural Resource. Horses can be used to produce powerful Cavalry Units or used to craft Carriages and Plows. A Horse is also needed to construct the Stable Improvement.</Text>
    </Line>
    <Line Key="TXT_ENC_ITM_INCENSE_HISTORY_0">
      <Text></Text>
    </Line>
    <Line Key="TXT_ENC_ITM_INCENSE_STRATEGY_0">
      <Text>Incense is harvested from Coffee and Frankincense Natural Resource nodes in the world. It is used to craft a variety of Goods that boost your citizens Quality of Life, including Candles, Perfume, and Soap. Furthermore, Incense can be used as an aromatic component of the Censer, a required Good when summoning Oracles to spread your Nation’s Religion.</Text>
    </Line>
    <Line Key="TXT_ENC_ITM_IRON_DEPOSIT_DESC_HISTORY_0">
      <Text></Text>
    </Line>
    <Line Key="TXT_ENC_ITM_IRON_DEPOSIT_DESC_STRATEGY_0">
      <Text>Harvested by Stone Pits and Mines, Iron Deposits yield both Iron and Silicates. These versatile materials are essential for crafting a variety of Goods or producing new Units for your Armed Forces.</Text>
    </Line>
    <Line Key="TXT_ENC_ITM_IRON_DESC_HISTORY_0">
      <Text></Text>
    </Line>
    <Line Key="TXT_ENC_ITM_IRON_DESC_STRATEGY_0">
      <Text>In the Bronze Age, researching Iron Working will allow your Nation to harvest Iron Deposits with your Stone Pits and Mines. Iron is then used to produce Metal Ingots and Steel, both of which are massively important components used in the construction of Improvements, when crafting Goods, or when creating Units for your Armed Forces.</Text>
    </Line>
    <Line Key="TXT_ENC_ITM_IVORY_HISTORY_0">
      <Text></Text>
    </Line>
    <Line Key="TXT_ENC_ITM_IVORY_STRATEGY_0">
      <Text>Harvested from Elephant Herds by Hunting Camps, Ivory has historically been used to create various products for human use, often neglecting the devastating effects on Elephant populations. Despite a global ban on Ivory trade, demand remains high, driving up its value and pushing transactions into the black market, which fuels poaching and smuggling activities.</Text>
    </Line>
    <Line Key="TXT_ENC_ITM_LEAD_DESC_HISTORY_0">
      <Text></Text>
    </Line>
    <Line Key="TXT_ENC_ITM_LEAD_DESC_STRATEGY_0">
      <Text>Lead is harvested by Mines to produce Heavy Metal or Aluminum, both key components in the Modern Era.</Text>
    </Line>
    <Line Key="TXT_ENC_ITM_LIMESTONE_DESC_HISTORY_0">
      <Text></Text>
    </Line>
    <Line Key="TXT_ENC_ITM_LIMESTONE_DESC_STRATEGY_0">
      <Text>Limestone is a versatile resource that can produce a variety of Natural Components for your Nation. These Components can be used to Craft a plethora of helpful Goods, depending on your needs and which Technologies you’ve unlocked thus far. For example, Sculpting Material is helpful as early as the Bronze Age, and Silicates are useful further along, in the Early Middle Ages.</Text>
    </Line>
    <Line Key="TXT_ENC_ITM_LIVE_HOGS_HISTORY_0">
      <Text></Text>
    </Line>
    <Line Key="TXT_ENC_ITM_LIVE_HOGS_STRATEGY_0">
      <Text>Once Animal Husbandry is researched in Ancient History, Farms can harvest Live Hogs from the Pig resource. Live Hogs are used to manufacture Leather, a key component when crafting various Goods, including Belts and Wheels. Additionally, Live Hogs may be used as an ingredient to produce Cured Meats, a consumable Amenity that provides your people with bonus {TXT_TRM_FOOD}, boosted {TXT_TRM_WEALTH} and increased {TXT_TRM_HAPPINESS}.</Text>
    </Line>
    <Line Key="TXT_ENC_ITM_LLAMA_HISTORY_0">
      <Text></Text>
    </Line>
    <Line Key="TXT_ENC_ITM_LLAMA_STRATEGY_0">
      <Text>Unlocking Animal Husbandry in Ancient History allows your Nation’s Farms to harvest Llama, a creature that cannot be ridden, does not taste good, will not pull a plow, but takes excellent pictures.</Text>
    </Line>
    <Line Key="TXT_ENC_ITM_MALT_HISTORY_0">
      <Text></Text>
    </Line>
    <Line Key="TXT_ENC_ITM_MALT_STRATEGY_0">
      <Text>Unlocked by Brewing in the Early Middle Ages, Malt is harvested from Rice, Sugar, or Wheat Resources. It is used to construct the Distillery Improvement or as a component in a few Goods, such as Beer, Fertilizer, or Gourmet Meals.</Text>
    </Line>
    <Line Key="TXT_ENC_ITM_MANDRAKE_ROOT_HISTORY_0">
      <Text></Text>
    </Line>
    <Line Key="TXT_ENC_ITM_MANDRAKE_ROOT_STRATEGY_0">
      <Text>Harvested from Mandrake Plants by Farms, this natural plant resource is used to craft Herbal Medicine – a Good that is used as a component to manufacture Medicine, or as a component to boost {TXT_TRM_HEALTH} when consumed as an Amenity.</Text>
    </Line>
    <Line Key="TXT_ENC_ITM_MANGANESE_DESC_HISTORY_0">
      <Text></Text>
    </Line>
    <Line Key="TXT_ENC_ITM_MANGANESE_DESC_STRATEGY_0">
      <Text>Harvested by Stone Pits, Mines, and Industrial Mines, Manganese provides Heavy Metals and Aluminum, both versatile components used to craft many Goods and produce new Units for your Armed Forces. Especially Aluminum – its future is in airplanes.</Text>
    </Line>
    <Line Key="TXT_ENC_ITM_MARBLE_HISTORY_0">
      <Text></Text>
    </Line>
    <Line Key="TXT_ENC_ITM_MARBLE_STRATEGY_0">
      <Text>This natural resource is harvested by Stone Pits and Mines to provide Sculpting Material, a component used to craft a multitude of helpful Goods, from Pottery to Statuary.</Text>
    </Line>
    <Line Key="TXT_ENC_ITM_METEORITE_DESC_HISTORY_0">
      <Text></Text>
    </Line>
    <Line Key="TXT_ENC_ITM_METEORITE_DESC_STRATEGY_0">
      <Text>Claim this rare mineral resource if you get the opportunity. Harvested by Stone Pits and Mines, Meteorites yield a wide range of helpful natural components, depending on your Nation’s needs. Metal Ingots are a versatile component used to craft many Goods and as a key item when constructing a few Triumphs. Precious Metals are used to craft Jewelry and Coins, which benefit your people when used as Amenities. Once Heavy Metal is unlocked, you gain access to numerous Goods that benefit your Nation in the later Eras.</Text>
    </Line>
    <Line Key="TXT_ENC_ITM_MONEY_HISTORY_0">
      <Text></Text>
    </Line>
    <Line Key="TXT_ENC_ITM_MONEY_STRATEGY_0">
      <Text>This essential resource keeps your {TXT_TRM_NATION} running. {TXT_TRM_COIN} is the method from which you can pay for your {TXT_TRM_ARMY {#2}} and keep up with the Maintenance for your {TXT_TRM_IMPROVEMENT {#2}}. To gain {TXT_TRM_COIN}, you can build a few commerce {TXT_TRM_IMPROVEMENT {#2}} like Camps or Inns, but the key is to Tax your people. Make sure to keep everyone happy and choose your {TXT_TRM_GOVERNMENT} wisely – your {TXT_TRM_NATION} will produce enough {TXT_TRM_COIN} to fuel the engine of greatness!</Text>
    </Line>
    <Line Key="TXT_ENC_ITM_MUSTANGS_DESC_HISTORY_0">
      <Text></Text>
    </Line>
    <Line Key="TXT_ENC_ITM_MUSTANGS_DESC_STRATEGY_0">
      <Text>This animal resource is harvested by Farms. It provides Horses, an essential item that allows your Nation to build powerful Cavalry units (don’t forget the Stable to boost your Harvest Production).</Text>
    </Line>
    <Line Key="TXT_ENC_ITM_NATURAL_DYES_DESC_HISTORY_0">
      <Text></Text>
    </Line>
    <Line Key="TXT_ENC_ITM_NATURAL_DYES_DESC_STRATEGY_0">
      <Text>Harvest this plant resource with a Farm to yield Dyes, a natural component used to Craft a wide range of Goods, from Books to Decorative Vases, to Perfume and Statuary.</Text>
    </Line>
    <Line Key="TXT_ENC_ITM_NATURAL_GAS_DEPOSIT_DESC_HISTORY_0">
      <Text></Text>
    </Line>
    <Line Key="TXT_ENC_ITM_NATURAL_GAS_DEPOSIT_DESC_STRATEGY_0">
      <Text>Place an Oil Well on this deposit to produce Natural Gas, a key component in the production of Power and Fuel for your /href:t:Term:term_Nation/Nation’s/Endhref/ /href:t:Term:term_Improvement/Improvements/Endhref/ and /href:t:Term:term_Army/Forces/Endhref/.</Text>
    </Line>
    <Line Key="TXT_ENC_ITM_NATURAL_GAS_HISTORY_0">
      <Text></Text>
    </Line>
    <Line Key="TXT_ENC_ITM_NATURAL_GAS_STRATEGY_0">
      <Text>Research Industrialization in the Enlightenment to unlock Natural Gas. This natural component is harvested by Oil Wells from Natural Gas Deposits in the world. Once acquired, Natural Gas is used as a component to produce Fuel – an item used to craft many Goods, construct many Improvements, and power your Nation and its Armed Forces.</Text>
    </Line>
    <Line Key="TXT_ENC_ITM_OBSIDIAN_DESC_HISTORY_0">
      <Text></Text>
    </Line>
    <Line Key="TXT_ENC_ITM_OBSIDIAN_DESC_STRATEGY_0">
      <Text>Harvest this rare mineral resource with Stone Pits or Mines. Obsidian provides Sculpting Material, a component used to craft a multitude of helpful Goods, from Pottery to Statuary. It also produces Silicates, an adaptable ingredient for crafting building materials such as Concrete and Glass.</Text>
    </Line>
    <Line Key="TXT_ENC_ITM_OIL_HISTORY_0">
      <Text></Text>
    </Line>
    <Line Key="TXT_ENC_ITM_OIL_STRATEGY_0">
      <Text>Once your Nation reaches the Enlightenment, it’s a good idea to quickly research Industrialization. This Technology allows your Nation to uncover Crude Oil, a natural resource on the map. Oil Wells extract this resource, resulting in the production of Oil./n/nRemarkably versatile, Oil is used in the production of Plastics, a Good used by nearly everything in the Modern Era. Additionally, Oil is an essential component when producing Fuel, a crucial strategic Good used to craft Goods, construct Improvements, and powering your Nation and its Armed Forces.</Text>
    </Line>
    <Line Key="TXT_ENC_ITM_PIGS_DESC_HISTORY_0">
      <Text></Text>
    </Line>
    <Line Key="TXT_ENC_ITM_PIGS_DESC_STRATEGY_0">
      <Text>Once Animal Husbandry is unlocked, Pigs are harvestable by Farms. These Pig Farms may produce Tallow, a component used to craft a variety of Goods, or Live Hogs, which can be used to craft Leather and Cured Meats.</Text>
    </Line>
    <Line Key="TXT_ENC_ITM_PRECIOUS_METALS_HISTORY_0">
      <Text></Text>
    </Line>
    <Line Key="TXT_ENC_ITM_PRECIOUS_METALS_STRATEGY_0">
      <Text>Harvested by Stone Pits and Mines, Precious Metals are used to craft the {TXT_TRM_WEALTH} boosting consumables: Coins, Jewelry, and the Letter of Credit. You must explore the map to uncover the rare Natural Resources you need to harvest Precious Metals – Gold, Manganese, Obsidian, and Meteorite.</Text>
    </Line>
    <Line Key="TXT_ENC_ITM_PRECIOUS_STONES_HISTORY_0">
      <Text></Text>
    </Line>
    <Line Key="TXT_ENC_ITM_PRECIOUS_STONES_STRATEGY_0">
      <Text>Harvested from Gemstones and Obsidian by Stone Pits or collected from Shellfish by Fishing Nets, Precious Stones are used to craft luxury Goods for your Nation. For example, Coin is crafted with Precious Stones in the Mint and boosts {TXT_TRM_WEALTH} when used as an Amenity. Additionally, Precious Stones are also used when crafting Jewelry, a luxury Good that increases {TXT_TRM_WEALTH} and {TXT_TRM_HAPPINESS}.</Text>
    </Line>
    <Line Key="TXT_ENC_ITM_RICE_DESC_HISTORY_0">
      <Text></Text>
    </Line>
    <Line Key="TXT_ENC_ITM_RICE_DESC_STRATEGY_0">
      <Text>Use Farms to harvest Rice for a wide range of items – Food to feed your Cities, or Malt to produce consumables like Beer and Gourmet Meals.</Text>
    </Line>
    <Line Key="TXT_ENC_ITM_RICE_GRAIN_HISTORY_0">
      <Text></Text>
    </Line>
    <Line Key="TXT_ENC_ITM_RICE_GRAIN_STRATEGY_0">
      <Text>Once unlocked by Grain Storage Technology in Ancient History, Rice Grain is harvestable by Rice Farms.</Text>
    </Line>
    <Line Key="TXT_ENC_ITM_ROCK_SALT_DESC_HISTORY_0">
      <Text></Text>
    </Line>
    <Line Key="TXT_ENC_ITM_ROCK_SALT_DESC_STRATEGY_0">
      <Text>Stone Pits and Mines harvest Salt, a key component when crafting Goods like Bread, Cured Meats, and even Explosives. Salt mines also yield Aluminum, a critical component in the Modern Era when producing new Units for your Armed Forces.</Text>
    </Line>
    <Line Key="TXT_ENC_ITM_RUBBER_DESC_HISTORY_0">
      <Text></Text>
    </Line>
    <Line Key="TXT_ENC_ITM_RUBBER_DESC_STRATEGY_0">
      <Text>This plant resource is harvested by Farms, providing the Rubber needed for crafting Cars, an Amenity that generates {TXT_TRM_PRODUCTION} and {TXT_TRM_GROWTH} for your /href:t:Term:term_City/Cities/Endhref/. Additionally, Rubber can be used to craft Indoor Toilets to boost {TXT_TRM_HEALTH}.</Text>
    </Line>
    <Line Key="TXT_ENC_ITM_RUBBER_HISTORY_0">
      <Text></Text>
    </Line>
    <Line Key="TXT_ENC_ITM_RUBBER_STRATEGY_0">
      <Text>This plant resource is harvested by Farms, providing the Rubber needed for crafting Cars, an Amenity that generates {TXT_TRM_PRODUCTION} and {TXT_TRM_GROWTH} for your /href:t:Term:term_City/Cities/Endhref/. Additionally, Rubber can be used to craft Indoor Toilets to boost {TXT_TRM_HEALTH}.</Text>
    </Line>
    <Line Key="TXT_ENC_ITM_SAFFRON_HISTORY_0">
      <Text></Text>
    </Line>
    <Line Key="TXT_ENC_ITM_SAFFRON_STRATEGY_0">
      <Text>Saffron is a valuable component harvested by Saffron Flower Farms. It is used to Craft Medicine to boost your Citizens {TXT_TRM_HEALTH} as well as Cosmetics, which increase {TXT_TRM_HAPPINESS}.</Text>
    </Line>
    <Line Key="TXT_ENC_ITM_SALT_HISTORY_0">
      <Text></Text>
    </Line>
    <Line Key="TXT_ENC_ITM_SALT_STRATEGY_0">
      <Text>Harvested from Rock Salt, Shellfish, and Whales, Salt is used to craft a variety of helpful Goods for your Nation. Use it as a preservative for Canned Goods and Cured Meats, or as the catalyst when manufacturing Explosives – a crucial component in the Machine Age. Additionally, Salt can be used as an ingredient for {TXT_TRM_FOOD} and {TXT_TRM_GROWTH} boosting consumables like Bread, Salted Fish, or Preserved Food.</Text>
    </Line>
    <Line Key="TXT_ENC_ITM_SCULPTING_MATERIAL_HISTORY_0">
      <Text></Text>
    </Line>
    <Line Key="TXT_ENC_ITM_SCULPTING_MATERIAL_STRATEGY_0">
      <Text>Unlocked in the Bronze Age by researching Iron Working, Sculpting Material is harvested by Stone Pits or Mines from Marble and Obsidian natural resources. This utilitarian component is extremely handy, providing your Nation the material needed for a long list of Goods like Ceramic Pots, Concrete, Decorative Vases, Glass, Mosaic Tiles, Sculptures, and Statuary.</Text>
    </Line>
    <Line Key="TXT_ENC_ITM_SHEEP_DESC_HISTORY_0">
      <Text></Text>
    </Line>
    <Line Key="TXT_ENC_ITM_SHEEP_DESC_STRATEGY_0">
      <Text>This animal resource is harvested by Farms, providing the Domestic Sheep needed for crafting Cured Meats, an Amenity that generates {TXT_TRM_FOOD}, {TXT_TRM_HAPPINESS}, and {TXT_TRM_WEALTH}. Additionally, Sheep Farms produce Wool, which is a versatile component used to craft Fabrics, Looms, and Rope.</Text>
    </Line>
    <Line Key="TXT_ENC_ITM_SHELLFISH_DESC_HISTORY_0">
      <Text></Text>
    </Line>
    <Line Key="TXT_ENC_ITM_SHELLFISH_DESC_STRATEGY_0">
      <Text>Use Fishing Nets to harvest Shellfish for a wide range of items – Food to feed your Cities, Precious Stones to produce Jewelry and Coins, or Salt, a key component when crafting Goods like Bread, Cured Meats, and even Explosives.</Text>
    </Line>
    <Line Key="TXT_ENC_ITM_SILICATES_HISTORY_0">
      <Text></Text>
    </Line>
    <Line Key="TXT_ENC_ITM_SILICATES_STRATEGY_0">
      <Text>Silicates, available as early as the Antiquities, can be extracted from Limestone, Copper, and Iron Deposits using Stone Pits or Mines. This adaptable resource is essential for crafting building materials such as Concrete and Glass, and eventually becomes an essential component of Electronics, a vital Good in the late game.</Text>
    </Line>
    <Line Key="TXT_ENC_ITM_SILKWORMS_DESC_HISTORY_0">
      <Text></Text>
    </Line>
    <Line Key="TXT_ENC_ITM_SILKWORMS_DESC_STRATEGY_0">
      <Text>These amazing little creatures are harvested by Farms, producing additional Wealth for your Nation. Silkworms also yield Silk, which can be used to craft Fabric and Rope.</Text>
    </Line>
    <Line Key="TXT_ENC_ITM_SILK_HISTORY_0">
      <Text></Text>
    </Line>
    <Line Key="TXT_ENC_ITM_SILK_STRATEGY_0">
      <Text>Silkworm Farms yield Silk, a valuable resource for kickstarting your nation’s early success. Leverage it by crafting Rope – a versatile component used to Craft Looms and Wheels, or to construct prestigious Triumphs like Stonehenge, Angkor Wat, and The Great Pyramid of Giza. Additionally, use Silk to craft Fabric – ideal for seafaring Nations, Fabric is needed to construct Longships and the Assault Octeres as early as the Iron Age.</Text>
    </Line>
    <Line Key="TXT_ENC_ITM_SPICE_HISTORY_0">
      <Text></Text>
    </Line>
    <Line Key="TXT_ENC_ITM_SPICE_STRATEGY_0">
      <Text>Harvested from Cinnamon, Saffron, or Vanilla, Spice is used to craft a variety of helpful Goods for your Nation. Use it as a scent for Candles, Perfume, and Soap to boost your people’s Quality of Life. Additionally, Spice can be used as an ingredient for {TXT_TRM_GROWTH} boosting consumables like Feasts, Festivals, or Gourmet Meals.</Text>
    </Line>
    <Line Key="TXT_ENC_ITM_STONE_HISTORY_0">
      <Text></Text>
    </Line>
    <Line Key="TXT_ENC_ITM_STONE_STRATEGY_0">
      <Text>This crucial resource encompasses all the minerals that your people extract or scavenge from the world. It serves as the foundation for constructing Improvements and Crafting a diverse array of Goods. The primary means of gathering materials is through mining activities.</Text>
    </Line>
    <Line Key="TXT_ENC_ITM_SUGAR_DESC_HISTORY_0">
      <Text></Text>
    </Line>
    <Line Key="TXT_ENC_ITM_SUGAR_DESC_STRATEGY_0">
      <Text>Sugar is harvested by Farms, producing Syrup, which serves as a component for consumable items like Cosmetics, Feasts, and Gourmet Meals. Sugar farms may also harvest Malt, a crucial Ingredient when crafting Beer, Liquor, and Fertilizer.</Text>
    </Line>
    <Line Key="TXT_ENC_ITM_SYRUP_HISTORY_0">
      <Text></Text>
    </Line>
    <Line Key="TXT_ENC_ITM_SYRUP_STRATEGY_0">
      <Text>This natural component is used to craft a multitude of Goods, but it is only harvested from the Cocoa and Sugar natural resources. Once added to your National inventory, you can use Syrup as an ingredient for {TXT_TRM_GROWTH} boosting consumables like Feasts, Festivals, or Gourmet Meals. Additionally, it can be used as a component for Canned Goods and Canned Foods, which provide bonus {TXT_TRM_FOOD}.</Text>
    </Line>
    <Line Key="TXT_ENC_ITM_TALLOW_HISTORY_0">
      <Text></Text>
    </Line>
    <Line Key="TXT_ENC_ITM_TALLOW_STRATEGY_0">
      <Text>Unlocked by the Candles technology in the Antiquities, Tallow is harvested from Coastal Fisheries, Pigs, and Whales. It is used to craft a range of Goods, like Soap, a {TXT_TRM_HEALTH} booster, or Candles, which increase {TXT_TRM_EDUCATION} and {TXT_TRM_BUILDPRODUCTION} when constructing Religious Improvements.</Text>
    </Line>
    <Line Key="TXT_ENC_ITM_TEA_DESC_HISTORY_0">
      <Text></Text>
    </Line>
    <Line Key="TXT_ENC_ITM_TEA_DESC_STRATEGY_0">
      <Text>Unlocked by Herbalism in Ancient History, this plant resource is harvested by {TXT_IMP_FARM {#123}}, producing {TXT_ITM_TEA_LEAVES}, a component used to craft {TXT_ITM_HERBAL_MEDICINE}.</Text>
    </Line>
    <Line Key="TXT_ENC_ITM_TEA_LEAVES_HISTORY_0">
      <Text></Text>
    </Line>
    <Line Key="TXT_ENC_ITM_TEA_LEAVES_STRATEGY_0">
      <Text>Unlocked by the Herbalism technology in Ancient History, Tea Leaves are harvested by {TXT_TRM_FARM {1}} – they are used as a component to craft {TXT_ITM_HERBAL_MEDICINE}, a helpful Amenity that boosts the {TXT_TRM_HEALTH} for your people.</Text>
    </Line>
    <Line Key="TXT_ENC_ITM_TITANIUM_DESC_HISTORY_0">
      <Text></Text>
    </Line>
    <Line Key="TXT_ENC_ITM_TITANIUM_DESC_STRATEGY_0">
      <Text>This strong and lightweight resource is harvested by Stone Pits, Mines, and Industrial Mines. Harvesting Titanium yields Heavy Metals, a versatile component used to craft various Goods or produce new Units for your Armed Forces in the Singularity Age.</Text>
    </Line>
    <Line Key="TXT_ENC_ITM_TOBACCO_DESC_HISTORY_0">
      <Text></Text>
    </Line>
    <Line Key="TXT_ENC_ITM_TOBACCO_DESC_STRATEGY_0">
      <Text>Farms harvesting Tobacco will boost the Wealth of your Nation.</Text>
    </Line>
    <Line Key="TXT_ENC_ITM_URANIUM_DEPOSIT_DESC_HISTORY_0">
      <Text></Text>
    </Line>
    <Line Key="TXT_ENC_ITM_URANIUM_DEPOSIT_DESC_STRATEGY_0">
      <Text>Mines harvest Uranium from these deposits, a dense material used to produce Fuel that powers your Nation and its Armed Forces. Uranium is also a required component when constructing Nuclear Power Plants and some Units.</Text>
    </Line>
    <Line Key="TXT_ENC_ITM_URANIUM_HISTORY_0">
      <Text></Text>
    </Line>
    <Line Key="TXT_ENC_ITM_URANIUM_STRATEGY_0">
      <Text>Unlocked as early as the Machine Age by Atomic Theory, Uranium is harvested from Uranium Deposits by Mines. If you can extract enough, it can be used to construct a Nuclear Power Plant or manufacture Fuel – crucial elements that power your Nation.</Text>
    </Line>
    <Line Key="TXT_ENC_ITM_VANILLA_BEANS_HISTORY_0">
      <Text></Text>
    </Line>
    <Line Key="TXT_ENC_ITM_VANILLA_BEANS_STRATEGY_0">
      <Text>Vanilla Beans are harvested by Vanilla Farms. This aromatic component is used to craft Candles, a component of Festivals that also boost {TXT_TRM_EDUCATION}. Vanilla also can be used to make Perfume, which boosts {TXT_TRM_HAPPINESS}, or Soap for {TXT_TRM_HEALTH}.</Text>
    </Line>
    <Line Key="TXT_ENC_ITM_VANILLA_DESC_HISTORY_0">
      <Text></Text>
    </Line>
    <Line Key="TXT_ENC_ITM_VANILLA_DESC_STRATEGY_0">
      <Text>Extract Vanilla with Farms to harvest components for a variety of Goods. Spice is used to craft Cured Meats and Feasts. Food Oil produces Candles and Gourmet Meals and Vanilla Beans is a component used to craft Perfume and Soap.</Text>
    </Line>
    <Line Key="TXT_ENC_ITM_VENISON_HISTORY_0">
      <Text></Text>
    </Line>
    <Line Key="TXT_ENC_ITM_VENISON_STRATEGY_0">
      <Text>Harvested from White Tailed Deer by the Camp Improvement, Venison is used to craft helpful consumables that increase the Quality of Life for your people./n/nVenison is used to make Cured Meats, which are used as a consumable to boost {TXT_TRM_FOOD}, {TXT_TRM_WEALTH}, and {TXT_TRM_HAPPINESS}. It’s also used in the recipe for Gourmet Meals, which moderately increases {TXT_TRM_GROWTH}, and boosst both {TXT_TRM_HEALTH} and {TXT_TRM_HAPPINESS}.</Text>
    </Line>
    <Line Key="TXT_ENC_ITM_WHALES_DESC_HISTORY_0">
      <Text></Text>
    </Line>
    <Line Key="TXT_ENC_ITM_WHALES_DESC_STRATEGY_0">
      <Text>These huge sea creatures are harvested by Fishing Nets to produce Tallow, a component used to craft a variety of Goods or Salt, a key component when crafting Goods like Bread, Cured Meats, and Explosives. Whales also yield Food Oil, which serves as a component for consumable items like Candles, Soap, and Perfume.</Text>
    </Line>
    <Line Key="TXT_ENC_ITM_WHEAT_DESC_HISTORY_0">
      <Text></Text>
    </Line>
    <Line Key="TXT_ENC_ITM_WHEAT_DESC_STRATEGY_0">
      <Text>Harvesting this plant resource with a Farm yields Grain, a natural component that can be crafted into Bread, Grain Stores, or Liquor. Wheat Farms also produce Malt, a key ingredient of Beer, Liquor, and Gourmet Meals.</Text>
    </Line>
    <Line Key="TXT_ENC_ITM_WILD_CAMELS_DESC_HISTORY_0">
      <Text></Text>
    </Line>
    <Line Key="TXT_ENC_ITM_WILD_CAMELS_DESC_STRATEGY_0">
      <Text>Use a Hunting Camp to convert Wild Camels into Camels for your Nation. Once in your possession, use them to build Carriages and powerful Cavalry units (make sure to build a Stable first).</Text>
    </Line>
    <Line Key="TXT_ENC_ITM_WILD_ELEPHANT_HERD_HISTORY_0">
      <Text></Text>
    </Line>
    <Line Key="TXT_ENC_ITM_WILD_ELEPHANT_HERD_STRATEGY_0">
      <Text>Placing a Hunting Camp upon a herd will yield Elephants and allow your Nation to build powerful Cavalry units with them (provided you’ve built a Stable first).</Text>
    </Line>
    <Line Key="TXT_ENC_ITM_WILD_GRAPES_DESC_HISTORY_0">
      <Text></Text>
    </Line>
    <Line Key="TXT_ENC_ITM_WILD_GRAPES_DESC_STRATEGY_0">
      <Text>This plant resource is harvested by Farms to produce additional Food or Grapes, a natural component used to Craft Wine, a consumable Amenity that boosts the Quality of Life for your people.</Text>
    </Line>
    <Line Key="TXT_ENC_ITM_WILD_LLAMA_DESC_HISTORY_0">
      <Text></Text>
    </Line>
    <Line Key="TXT_ENC_ITM_WILD_LLAMA_DESC_STRATEGY_0">
      <Text>These animal resources are harnessed by {TXT_IMP_FARM {#123}}, producing {TXT_ITM_LLAMA {#123}} or {TXT_ITM_WOOL} for your {TXT_TRM_NATION}</Text>
    </Line>
    <Line Key="TXT_ENC_ITM_WOOD_HISTORY_0">
      <Text></Text>
    </Line>
    <Line Key="TXT_ENC_ITM_WOOD_STRATEGY_0">
      <Text>An essential resource, Timber embodies the felled trees and collected wood from the land. It serves as the raw material needed to make a wide range of Goods and Improvements. Early in history, Logging Camps are the best way to gather Timber for your Nation.</Text>
    </Line>
    <Line Key="TXT_ENC_ITM_WOOL_HISTORY_0">
      <Text></Text>
    </Line>
    <Line Key="TXT_ENC_ITM_WOOL_STRATEGY_0">
      <Text>Farms harvest Wool from Goats, Llama, and Sheep. This soft and durable fiber is crucial for crafting items like Fabric, Looms, and Rope – key components used in the construction of Improvements, to craft helpful Goods, or generate Units for your Armed Forces.</Text>
    </Line>
    <Line Key="TXT_ENC_ITM_ZEBRA_DESC_HISTORY_0">
      <Text></Text>
    </Line>
    <Line Key="TXT_ENC_ITM_ZEBRA_DESC_STRATEGY_0">
      <Text>Zebra produces Fur when harvested by a Hunting Camp. Fur is a component used to craft Belts, Leather, Fabric and Sandals.</Text>
    </Line>
  </Locale>
</GameText>
