<?xml version="1.0" encoding="UTF-8"?>
<GameText>
  <!--This is a generated file.  Do not edit this file.  Edit the original source file and regenerate-->
  <Locale ID="en">
    <Line Key="TXT_ENC_UNT_AIRCRAFT_CARRIER_HISTORY_0">
      <Text></Text>
    </Line>
    <Line Key="TXT_ENC_UNT_AIRCRAFT_CARRIER_STRATEGY_0">
      <Text>This Atomic Age Unit is able to project power a great distance with the help of its onboard aircraft, however the Carrier is relatively weak in battle. It does {TXT_TRM_DAMAGE_GENERIC} damage and should be protected by other warships in a naval Formation.</Text>
    </Line>
    <Line Key="TXT_ENC_UNT_ANTI_AIR_GUNNER_HISTORY_0">
      <Text></Text>
    </Line>
    <Line Key="TXT_ENC_UNT_ANTI_AIR_GUNNER_STRATEGY_0">
      <Text>This {TXT_TRM_DAMAGE_ANTI_AIR} Unit and is especially effective against aircraft like Fighters, Bombers, and Helicopters. A few well-placed Batteries can be used to decimate your enemies Air Forces or protect your Cities and Land Forces from above.</Text>
    </Line>
    <Line Key="TXT_ENC_UNT_ARCHER_HISTORY_0">
      <Text></Text>
    </Line>
    <Line Key="TXT_ENC_UNT_ARCHER_STRATEGY_0">
      <Text>A very early {TXT_TRM_DAMAGE_RANGED} Unit that is vulnerable to {TXT_TRM_DAMAGE_CAVALRY} and not very adept at hand-to-hand combat. However, its powerful Indirect Fire ability allows it to target enemies in adjacent Regions. A wise strategist would leave the melee combat up to Swordsmen or Spearmen while keeping their Archers just close enough to swing the tide of battle in their favor.</Text>
    </Line>
    <Line Key="TXT_ENC_UNT_ASSAULT_INFANTRY_HISTORY_0">
      <Text></Text>
    </Line>
    <Line Key="TXT_ENC_UNT_ASSAULT_INFANTRY_STRATEGY_0">
      <Text>20th Century {TXT_TRM_DAMAGE_INFANTRY}, these front-line soldiers are strong against {TXT_TRM_DAMAGE_ANTI_CAVALRY} Units and vulnerable to {TXT_TRM_DAMAGE_CAVALRY} Units.</Text>
    </Line>
    <Line Key="TXT_ENC_UNT_ASSAULT_OCTERES_HISTORY_0">
      <Text></Text>
    </Line>
    <Line Key="TXT_ENC_UNT_ASSAULT_OCTERES_STRATEGY_0">
      <Text>This massive oar-powered Warship isn’t particularly vulnerable to any Damage Type, and it is a considerable upgrade over the Triremes from the Bronze Age. The Assault Octeres is still limited to Coastal waters, but no sea vessels will challenge its dominance until the deep-sea Cog is unlocked in the Early Middle Ages.</Text>
    </Line>
    <Line Key="TXT_ENC_UNT_BALLISTA_ELEPHANT_HISTORY_0">
      <Text></Text>
    </Line>
    <Line Key="TXT_ENC_UNT_BALLISTA_ELEPHANT_STRATEGY_0">
      <Text>Very strong mounted Unit capable of defeating most other Units. The {TXT_UNT_BALLISTA_ELEPHANT} is strong against {TXT_TRM_DAMAGE_INFANTRY} and {TXT_TRM_DAMAGE_RANGED} and relatively weak against {TXT_TRM_DAMAGE_ANTI_CAVALRY} (also {TXT_TRM_DAMAGE_HELICOPTER} Units, should that come up).</Text>
    </Line>
    <Line Key="TXT_ENC_UNT_BATTLESHIP_HISTORY_0">
      <Text></Text>
    </Line>
    <Line Key="TXT_ENC_UNT_BATTLESHIP_STRATEGY_0">
      <Text>Mighty 20th Century warship. The {TXT_TRM_DAMAGE_BATTLESHIP} dominates {TXT_TRM_DAMAGE_DESTROYER} ships and is vulnerable to the {TXT_TRM_DAMAGE_SUBMARINE}.</Text>
    </Line>
    <Line Key="TXT_ENC_UNT_BERSERKER_HISTORY_0">
      <Text></Text>
    </Line>
    <Line Key="TXT_ENC_UNT_BERSERKER_STRATEGY_0">
      <Text>Deadly Antiquities Era {TXT_TRM_DAMAGE_INFANTRY} fighters. Strong against {TXT_TRM_DAMAGE_ANTI_CAVALRY} and vulnerable to {TXT_TRM_DAMAGE_CAVALRY} Units.</Text>
    </Line>
    <Line Key="TXT_ENC_UNT_BOMBER_HISTORY_0">
      <Text></Text>
    </Line>
    <Line Key="TXT_ENC_UNT_BOMBER_STRATEGY_0">
      <Text>Atomic Age aircraft, vulnerable to {TXT_TRM_DAMAGE_ANTI_AIR}, {TXT_TRM_DAMAGE_DESTROYER}, and {TXT_TRM_DAMAGE_FIGHTER} Units.</Text>
    </Line>
    <Line Key="TXT_ENC_UNT_BOWMEN_HISTORY_0">
      <Text></Text>
    </Line>
    <Line Key="TXT_ENC_UNT_BOWMEN_STRATEGY_0">
      <Text>Surpassing the Archer in strength, Bowmen are powerful ranged units unlocked in the Iron Age. Leverage their lethal Indirect Fire ability to engage enemy forces from a distance and when deploying Bowmen, consider using a protective formation with other units to defend against {TXT_TRM_DAMAGE_CAVALRY} attacks.</Text>
    </Line>
    <Line Key="TXT_ENC_UNT_CANNON_HISTORY_0">
      <Text></Text>
    </Line>
    <Line Key="TXT_ENC_UNT_CANNON_STRATEGY_0">
      <Text>High Medieval {TXT_TRM_DAMAGE_SIEGE} Units. Its Bombard ability is devastating against fortifications and armed forces in adjacent Regions.</Text>
    </Line>
    <Line Key="TXT_ENC_UNT_CARAVEL_HISTORY_0">
      <Text></Text>
    </Line>
    <Line Key="TXT_ENC_UNT_CARAVEL_STRATEGY_0">
      <Text>This quick Renaissance-Era sailing vessel is quite versatile, it may traverse the Sea and has a greater Speed than is counterparts. It is extremely deadly to move the Caravel just out of enemy range and then use its Bombard ability to hit and run.</Text>
    </Line>
    <Line Key="TXT_ENC_UNT_CARRACK_HISTORY_0">
      <Text></Text>
    </Line>
    <Line Key="TXT_ENC_UNT_CARRACK_STRATEGY_0">
      <Text>This formidable Cannon Ship from the High Medieval era excels in naval combat against other vessels. Although it lacks a ranged attack, it can serve as a protective shield for weaker naval forces when arranged in a formation.</Text>
    </Line>
    <Line Key="TXT_ENC_UNT_CATAPULT_HISTORY_0">
      <Text></Text>
    </Line>
    <Line Key="TXT_ENC_UNT_CATAPULT_STRATEGY_0">
      <Text>The first {TXT_TRM_DAMAGE_SIEGE} Unit can be unlocked in the Iron Age by researching Siege Warfare. The Catapult’s Bombard ability enables it to target fortifications and enemy forces in nearby Regions. This capability is crucial for laying siege to walled Cities, but it’s essential to safeguard the Catapult with competent Melee Infantry units.</Text>
    </Line>
    <Line Key="TXT_ENC_UNT_COG_HISTORY_0">
      <Text></Text>
    </Line>
    <Line Key="TXT_ENC_UNT_COG_STRATEGY_0">
      <Text>An Early Middle Age warship that is much more capable than its predecessors. The Cog’s improved hull allows it to traverse the Sea and carry much more firepower, punishing the ships from prior Eras that are limited to the coastal regions.</Text>
    </Line>
    <Line Key="TXT_ENC_UNT_COMMANDO_HISTORY_0">
      <Text></Text>
    </Line>
    <Line Key="TXT_ENC_UNT_COMMANDO_STRATEGY_0">
      <Text>21st Century Special Forces. Its {TXT_TRM_DAMAGE_RANGED} Unit ability allows it to target enemy forces in nearby Regions. Vulnerable to {TXT_TRM_DAMAGE_CAVALRY} (including {TXT_UNT_TANK {#123}}).</Text>
    </Line>
    <Line Key="TXT_ENC_UNT_CROSSBOWMAN_HISTORY_0">
      <Text></Text>
    </Line>
    <Line Key="TXT_ENC_UNT_CROSSBOWMAN_STRATEGY_0">
      <Text>In the Early Middle Ages, the Crossbowmen, a formidable ranged unit, becomes available. While they are susceptible to {TXT_TRM_DAMAGE_CAVALRY} attacks, their potent Indirect Fire capability enables them to engage enemy forces in adjacent regions. A prudent strategist emphasizes their ranged prowess while avoiding close combat and charging cavalry.</Text>
    </Line>
    <Line Key="TXT_ENC_UNT_CYBER_SOLDIER_HISTORY_0">
      <Text></Text>
    </Line>
    <Line Key="TXT_ENC_UNT_CYBER_SOLDIER_STRATEGY_0">
      <Text>This Future Age {TXT_TRM_DAMAGE_INFANTRY} killing machine is powerful against {TXT_TRM_DAMAGE_ANTI_CAVALRY} and weak against {TXT_TRM_DAMAGE_CAVALRY} Units.</Text>
    </Line>
    <Line Key="TXT_ENC_UNT_DEATH_RAY_HISTORY_0">
      <Text></Text>
    </Line>
    <Line Key="TXT_ENC_UNT_DEATH_RAY_STRATEGY_0">
      <Text>These advanced {TXT_TRM_DAMAGE_BOMBER} Units from the Singularity Age deal devastating bombard damage to Improvements and Land Forces. They are relatively vulnerable to {TXT_TRM_DAMAGE_ANTI_AIR}, {TXT_TRM_DAMAGE_DESTROYER}, and {TXT_TRM_DAMAGE_FIGHTER} Units.</Text>
    </Line>
    <Line Key="TXT_ENC_UNT_DESTROYER_HISTORY_0">
      <Text></Text>
    </Line>
    <Line Key="TXT_ENC_UNT_DESTROYER_STRATEGY_0">
      <Text>This Machine Age warship is strong versus {TXT_TRM_DAMAGE_SUBMARINE}, {TXT_TRM_DAMAGE_FIGHTER}, and {TXT_TRM_DAMAGE_BOMBER} Units, vulnerable to {TXT_TRM_DAMAGE_BATTLESHIP} Units.</Text>
    </Line>
    <Line Key="TXT_ENC_UNT_DRAGOON_HISTORY_0">
      <Text></Text>
    </Line>
    <Line Key="TXT_ENC_UNT_DRAGOON_STRATEGY_0">
      <Text>Enlightenment-era {TXT_TRM_DAMAGE_CAVALRY} Unit. Powerful against {TXT_TRM_DAMAGE_INFANTRY} and {TXT_TRM_DAMAGE_RANGED} Units but weak against {TXT_TRM_DAMAGE_ANTI_CAVALRY} Units.</Text>
    </Line>
    <Line Key="TXT_ENC_UNT_DREADNOUGHT_HISTORY_0">
      <Text></Text>
    </Line>
    <Line Key="TXT_ENC_UNT_DREADNOUGHT_STRATEGY_0">
      <Text>Machine Age {TXT_TRM_DAMAGE_BATTLESHIP} suited for defeating enemy {TXT_TRM_DAMAGE_DESTROYER} vessels, but vulnerable to {TXT_TRM_DAMAGE_SUBMARINE} Units.</Text>
    </Line>
    <Line Key="TXT_ENC_UNT_DROID_SOLDIER_HISTORY_0">
      <Text></Text>
    </Line>
    <Line Key="TXT_ENC_UNT_DROID_SOLDIER_STRATEGY_0">
      <Text>These Future Age warriors are part human, part machine. Their powerful Indirect fire ability may destroy enemy forces in adjacent Regions, but as a {TXT_TRM_DAMAGE_RANGED} Unit they are vulnerable to {TXT_TRM_DAMAGE_CAVALRY} Units.</Text>
    </Line>
    <Line Key="TXT_ENC_UNT_ELEPHANT_GUNNER_HISTORY_0">
      <Text></Text>
    </Line>
    <Line Key="TXT_ENC_UNT_ELEPHANT_GUNNER_STRATEGY_0">
      <Text>These Enlightenment Era {TXT_TRM_DAMAGE_CAVALRY} Units are potent against {TXT_TRM_DAMAGE_INFANTRY} and {TXT_TRM_DAMAGE_RANGED} Units but weak against {TXT_TRM_DAMAGE_ANTI_CAVALRY} Units.</Text>
    </Line>
    <Line Key="TXT_ENC_UNT_FIGHTER_PLANE_HISTORY_0">
      <Text></Text>
    </Line>
    <Line Key="TXT_ENC_UNT_FIGHTER_PLANE_STRATEGY_0">
      <Text>This Machine Age {TXT_TRM_DAMAGE_FIGHTER} plane is strong against {TXT_TRM_DAMAGE_BOMBER} and {TXT_TRM_DAMAGE_HELICOPTER} Units, and vulnerable to {TXT_TRM_DAMAGE_ANTI_AIR} and {TXT_TRM_DAMAGE_DESTROYER} Units.</Text>
    </Line>
    <Line Key="TXT_ENC_UNT_FLAMETHROWER_INFANTRY_HISTORY_0">
      <Text></Text>
    </Line>
    <Line Key="TXT_ENC_UNT_FLAMETHROWER_INFANTRY_STRATEGY_0">
      <Text>Unique Machine Age {TXT_TRM_DAMAGE_ANTI_CAVALRY} Units. Strong against {TXT_TRM_DAMAGE_CAVALRY}, vulnerable to {TXT_TRM_DAMAGE_INFANTRY}.</Text>
    </Line>
    <Line Key="TXT_ENC_UNT_FOOTMAN_HISTORY_0">
      <Text></Text>
    </Line>
    <Line Key="TXT_ENC_UNT_FOOTMAN_STRATEGY_0">
      <Text>Early Middle Ages {TXT_TRM_DAMAGE_ANTI_CAVALRY} Unit. Strong against Knight Order ({TXT_TRM_DAMAGE_CAVALRY}); vulnerable to {TXT_TRM_DAMAGE_INFANTRY} Units.</Text>
    </Line>
    <Line Key="TXT_ENC_UNT_FRIGATE_HISTORY_0">
      <Text></Text>
    </Line>
    <Line Key="TXT_ENC_UNT_FRIGATE_STRATEGY_0">
      <Text>This formidable {TXT_TRM_DAMAGE_SHIP} from the Enlightenment Era stands as the ultimate and most powerful sail-powered vessel to patrol the seas. Harness its impressive Strength, Speed, and Range to outclass ships from previous Eras.</Text>
    </Line>
    <Line Key="TXT_ENC_UNT_GATLING_GUNNER_HISTORY_0">
      <Text></Text>
    </Line>
    <Line Key="TXT_ENC_UNT_GATLING_GUNNER_STRATEGY_0">
      <Text>A Machine Age {TXT_TRM_DAMAGE_RANGED} weapon squad. Use its Indirect fire ability to target enemy forces in adjacent Regions. Vulnerable when facing {TXT_TRM_DAMAGE_CAVALRY} Units.</Text>
    </Line>
    <Line Key="TXT_ENC_UNT_HALBERDIER_HISTORY_0">
      <Text></Text>
    </Line>
    <Line Key="TXT_ENC_UNT_HALBERDIER_STRATEGY_0">
      <Text>{TXT_TRM_DAMAGE_ANTI_CAVALRY} Unit armed with extremely long spears called pikes. Designed to battle {TXT_TRM_DAMAGE_CAVALRY}, they are weak fighting {TXT_TRM_DAMAGE_INFANTRY} Units.</Text>
    </Line>
    <Line Key="TXT_ENC_UNT_HARQUEBUSIER_HISTORY_0">
      <Text></Text>
    </Line>
    <Line Key="TXT_ENC_UNT_HARQUEBUSIER_STRATEGY_0">
      <Text>{TXT_TRM_DAMAGE_CAVALRY} Gunpowder Unit from the Renaissance. The Unit is potent against {TXT_TRM_DAMAGE_INFANTRY} and {TXT_TRM_DAMAGE_RANGED} Units but weak against {TXT_TRM_DAMAGE_ANTI_CAVALRY} Units. (Also {TXT_TRM_DAMAGE_HELICOPTER} Units, should that come up.)</Text>
    </Line>
    <Line Key="TXT_ENC_UNT_HELICOPTER_HISTORY_0">
      <Text></Text>
    </Line>
    <Line Key="TXT_ENC_UNT_HELICOPTER_STRATEGY_0">
      <Text>These Atomic Age aircraft are extra-powerful battling {TXT_TRM_DAMAGE_CAVALRY}, but vulnerable against {TXT_TRM_DAMAGE_ANTI_AIR} and {TXT_TRM_DAMAGE_FIGHTER} Units.</Text>
    </Line>
    <Line Key="TXT_ENC_UNT_HORSEMAN_HISTORY_0">
      <Text></Text>
    </Line>
    <Line Key="TXT_ENC_UNT_HORSEMAN_STRATEGY_0">
      <Text>{TXT_TRM_DAMAGE_CAVALRY} of the Bronze Age. If you can gain access to Horses, you will want to build Horsemen. They are extremely lethal versus {TXT_TRM_DAMAGE_INFANTRY} and {TXT_TRM_DAMAGE_RANGED} Units but be careful to avoid {TXT_TRM_DAMAGE_ANTI_CAVALRY} Units.</Text>
    </Line>
    <Line Key="TXT_ENC_UNT_IRONCLAD_HISTORY_0">
      <Text></Text>
    </Line>
    <Line Key="TXT_ENC_UNT_IRONCLAD_STRATEGY_0">
      <Text>This steam-powered Warship may be slow, but its metal clad hull makes it difficult to destroy. Up close, the Ironclad also packs a powerful punch with its artillery, allowing it to siege the front lines from the sea.</Text>
    </Line>
    <Line Key="TXT_ENC_UNT_JET_FIGHTER_HISTORY_0">
      <Text></Text>
    </Line>
    <Line Key="TXT_ENC_UNT_JET_FIGHTER_STRATEGY_0">
      <Text>Information Age {TXT_TRM_DAMAGE_FIGHTER}, this aircraft dominates {TXT_TRM_DAMAGE_BOMBER} and {TXT_TRM_DAMAGE_HELICOPTER} Units and is weakest against {TXT_TRM_DAMAGE_ANTI_AIR} and {TXT_TRM_DAMAGE_DESTROYER} Units.</Text>
    </Line>
    <Line Key="TXT_ENC_UNT_KNIGHT_HISTORY_0">
      <Text></Text>
    </Line>
    <Line Key="TXT_ENC_UNT_KNIGHT_STRATEGY_0">
      <Text>These armored {TXT_TRM_DAMAGE_CAVALRY} of the Middle Ages dominated the pre-gunpowder battlefields of their era. Deadly to {TXT_TRM_DAMAGE_INFANTRY} and {TXT_TRM_DAMAGE_RANGED} Units but still vulnerable to {TXT_TRM_DAMAGE_ANTI_CAVALRY} Units.</Text>
    </Line>
    <Line Key="TXT_ENC_UNT_LANCERS_HISTORY_0">
      <Text></Text>
    </Line>
    <Line Key="TXT_ENC_UNT_LANCERS_STRATEGY_0">
      <Text>These {TXT_TRM_DAMAGE_CAVALRY} from the Medieval Era specialize in charging from open terrain and piercing their enemies with great effect. They are the most powerful Melee Cavalry Unit, deadly to {TXT_TRM_DAMAGE_INFANTRY} and {TXT_TRM_DAMAGE_RANGED} Units but vulnerable when up against {TXT_TRM_DAMAGE_ANTI_CAVALRY} Units.</Text>
    </Line>
    <Line Key="TXT_ENC_UNT_LINE_INFANTRY_HISTORY_0">
      <Text></Text>
    </Line>
    <Line Key="TXT_ENC_UNT_LINE_INFANTRY_STRATEGY_0">
      <Text>Renaissance era {TXT_TRM_DAMAGE_INFANTRY} Units. They have an advantage when fighting {TXT_TRM_DAMAGE_ANTI_CAVALRY} and are disadvantaged battling {TXT_TRM_DAMAGE_CAVALRY} Units.</Text>
    </Line>
    <Line Key="TXT_ENC_UNT_LONGBOWMAN_HISTORY_0">
      <Text></Text>
    </Line>
    <Line Key="TXT_ENC_UNT_LONGBOWMAN_STRATEGY_0">
      <Text>Dominant {TXT_TRM_DAMAGE_RANGED} bowmen of the Medieval Era. Puissant when using its Indirect Fire ability effectively, disadvantaged versus {TXT_TRM_DAMAGE_CAVALRY} Units.</Text>
    </Line>
    <Line Key="TXT_ENC_UNT_MANGONEL_HISTORY_0">
      <Text></Text>
    </Line>
    <Line Key="TXT_ENC_UNT_MANGONEL_STRATEGY_0">
      <Text>An Early Middle Ages {TXT_TRM_DAMAGE_SIEGE} artillery piece./n/nUse its powerful Bombard ability to destroy fortifications and enemy forces in nearby Regions.</Text>
    </Line>
    <Line Key="TXT_ENC_UNT_MAN_AT_ARMS_HISTORY_0">
      <Text></Text>
    </Line>
    <Line Key="TXT_ENC_UNT_MAN_AT_ARMS_STRATEGY_0">
      <Text>These armored {TXT_TRM_DAMAGE_INFANTRY} Units of the Renaissance have an advantage when fighting {TXT_TRM_DAMAGE_ANTI_CAVALRY} and are weak battling {TXT_TRM_DAMAGE_CAVALRY} Units.</Text>
    </Line>
    <Line Key="TXT_ENC_UNT_MECHANIZED_INFANTRY_HISTORY_0">
      <Text></Text>
    </Line>
    <Line Key="TXT_ENC_UNT_MECHANIZED_INFANTRY_STRATEGY_0">
      <Text>Information Age {TXT_TRM_DAMAGE_INFANTRY} Units. They have an advantage when battling {TXT_TRM_DAMAGE_ANTI_CAVALRY} and are weak up against {TXT_TRM_DAMAGE_CAVALRY} Units.</Text>
    </Line>
    <Line Key="TXT_ENC_UNT_MECHA_WARRIOR_HISTORY_0">
      <Text></Text>
    </Line>
    <Line Key="TXT_ENC_UNT_MECHA_WARRIOR_STRATEGY_0">
      <Text>Giant human-shaped robots. This Future Age {TXT_TRM_DAMAGE_CAVALRY} Unit dominates {TXT_TRM_DAMAGE_INFANTRY} and {TXT_TRM_DAMAGE_RANGED} Units. It remains vulnerable to {TXT_TRM_DAMAGE_ANTI_CAVALRY} Units.</Text>
    </Line>
    <Line Key="TXT_ENC_UNT_MISSILE_CRUISER_HISTORY_0">
      <Text></Text>
    </Line>
    <Line Key="TXT_ENC_UNT_MISSILE_CRUISER_STRATEGY_0">
      <Text>These versatile Information Age warships are strong versus {TXT_TRM_DAMAGE_SUBMARINE}, {TXT_TRM_DAMAGE_FIGHTER}, and {TXT_TRM_DAMAGE_BOMBER} Units. They remain vulnerable to mighty {TXT_TRM_DAMAGE_BATTLESHIP} Units.</Text>
    </Line>
    <Line Key="TXT_ENC_UNT_MISSIONARY_HISTORY_0">
      <Text></Text>
    </Line>
    <Line Key="TXT_ENC_UNT_MISSIONARY_STRATEGY_0">
      <Text>This early Religious Unit can use its Preach action to spread your {TXT_TRM_RELIGION} to another {TXT_TRM_NATION}. Missionaries are especially effective before any Religion becomes dominant across the globe, since there aren’t any other Religious Units that can counter-act the spread.</Text>
    </Line>
    <Line Key="TXT_ENC_UNT_MODERN_ARMOR_HISTORY_0">
      <Text></Text>
    </Line>
    <Line Key="TXT_ENC_UNT_MODERN_ARMOR_STRATEGY_0">
      <Text>This Atomic Age armored {TXT_TRM_DAMAGE_CAVALRY} Unit is more powerful than its Machine Age Tank predecessor. It’s powerful vs {TXT_TRM_DAMAGE_INFANTRY} and {TXT_TRM_DAMAGE_RANGED} Units, but Weak vs {TXT_TRM_DAMAGE_ANTI_CAVALRY} and {TXT_TRM_DAMAGE_HELICOPTER} Units.</Text>
    </Line>
    <Line Key="TXT_ENC_UNT_MORTAR_CORPS_HISTORY_0">
      <Text></Text>
    </Line>
    <Line Key="TXT_ENC_UNT_MORTAR_CORPS_STRATEGY_0">
      <Text>Enlightenment era {TXT_TRM_DAMAGE_SIEGE} Units./n/nIts Bombard ability is capable of destroying fortifications and enemy forces from a distance.</Text>
    </Line>
    <Line Key="TXT_ENC_UNT_MOUNTED_SCOUT_HISTORY_0">
      <Text></Text>
    </Line>
    <Line Key="TXT_ENC_UNT_MOUNTED_SCOUT_STRATEGY_0">
      <Text>These Medieval era {TXT_TRM_DAMAGE_CAVALRY} Units can move 2 Regions in a Turn. Mounted Scouts are lightly-armed, but they do have a Ranged attack. Try pairing them with the equally speedy Lancer in a formation like the Wedge that takes advantage of their Unit type.</Text>
    </Line>
    <Line Key="TXT_ENC_UNT_MUSKETMAN_HISTORY_0">
      <Text></Text>
    </Line>
    <Line Key="TXT_ENC_UNT_MUSKETMAN_STRATEGY_0">
      <Text>One of the earliest Gunpowder Units, these High Medieval {TXT_TRM_DAMAGE_INFANTRY} soldiers are strongest when battling {TXT_TRM_DAMAGE_ANTI_CAVALRY} and weakest versus {TXT_TRM_DAMAGE_CAVALRY} Units.</Text>
    </Line>
    <Line Key="TXT_ENC_UNT_NUCLEAR_SUBMARINE_HISTORY_0">
      <Text></Text>
    </Line>
    <Line Key="TXT_ENC_UNT_NUCLEAR_SUBMARINE_STRATEGY_0">
      <Text>Atomic Age {TXT_TRM_DAMAGE_SUBMARINE}. Like all undersea vessels, strong against {TXT_TRM_DAMAGE_BATTLESHIP} Units and vulnerable to {TXT_TRM_DAMAGE_DESTROYER} Units</Text>
    </Line>
    <Line Key="TXT_ENC_UNT_ORACLE_HISTORY_0">
      <Text></Text>
    </Line>
    <Line Key="TXT_ENC_UNT_ORACLE_STRATEGY_0">
      <Text>In the Medieval Era, a potent religious unit emerges through the study of Pilgrimage: Oracles. These units exhibit greater versatility than Missionaries, boasting a stronger Preach Ability for disseminating their religion. Moreover, they possess an Admonish ability, enabling them to eliminate religions other than their own.</Text>
    </Line>
    <Line Key="TXT_ENC_UNT_PRIVATEER_HISTORY_0">
      <Text></Text>
    </Line>
    <Line Key="TXT_ENC_UNT_PRIVATEER_STRATEGY_0">
      <Text>This Renaissance Era ship is more powerful than the Carrack, but slower than a Caravel. Galleons are effective in numbers and do well in Naval Formations.</Text>
    </Line>
    <Line Key="TXT_ENC_UNT_RAIDER_HISTORY_0">
      <Text></Text>
    </Line>
    <Line Key="TXT_ENC_UNT_RAIDER_STRATEGY_0">
      <Text>Iron Age {TXT_TRM_DAMAGE_SHIP} with the ability to attack other ships in nearby coastal waters. Longships cannot traverse the deep sea.</Text>
    </Line>
    <Line Key="TXT_ENC_UNT_RAILGUNNER_HISTORY_0">
      <Text></Text>
    </Line>
    <Line Key="TXT_ENC_UNT_RAILGUNNER_STRATEGY_0">
      <Text>This powerful Future Age {TXT_TRM_DAMAGE_ANTI_CAVALRY} Unit is lethal when facing Tanks (modern {TXT_TRM_DAMAGE_CAVALRY}) but remains vulnerable to {TXT_TRM_DAMAGE_INFANTRY}.</Text>
    </Line>
    <Line Key="TXT_ENC_UNT_RIFLEMAN_HISTORY_0">
      <Text></Text>
    </Line>
    <Line Key="TXT_ENC_UNT_RIFLEMAN_STRATEGY_0">
      <Text>A very effective Enlightenment Era {TXT_TRM_DAMAGE_RANGED} soldier who was boosted by improved rifling and gunpowder processes. Its Indirect fire ability is more powerful than its predecessors, devastating enemy /href:t:Term:term_Army/Forces/Endhref/ in adjacent /href:t:Term:term_Region/Regions/Endhref/./n/nBe aware, like other {TXT_TRM_DAMAGE_RANGED} /href:t:Term:term_Unit/Units/Endhref/ Riflemen are also vulnerable to {TXT_TRM_DAMAGE_CAVALRY} and may need protection from their attacks.</Text>
    </Line>
    <Line Key="TXT_ENC_UNT_ROCKET_ARTILLERY_HISTORY_0">
      <Text></Text>
    </Line>
    <Line Key="TXT_ENC_UNT_ROCKET_ARTILLERY_STRATEGY_0">
      <Text>An Atomic Age {TXT_TRM_DAMAGE_SIEGE} Unit./n/nUse its powerful Bombard ability to destroy fortifications and enemy forces from a distance.</Text>
    </Line>
    <Line Key="TXT_ENC_UNT_RPG_SOLDIER_HISTORY_0">
      <Text></Text>
    </Line>
    <Line Key="TXT_ENC_UNT_RPG_SOLDIER_STRATEGY_0">
      <Text>These Information Age {TXT_TRM_DAMAGE_ANTI_CAVALRY} units that have an advantage against {TXT_TRM_DAMAGE_CAVALRY}, but they are weak against {TXT_TRM_DAMAGE_INFANTRY}.</Text>
    </Line>
    <Line Key="TXT_ENC_UNT_SAM_BATTERY_HISTORY_0">
      <Text></Text>
    </Line>
    <Line Key="TXT_ENC_UNT_SAM_BATTERY_STRATEGY_0">
      <Text>This information Age {TXT_TRM_DAMAGE_ANTI_AIR} battery is strong against all types of Air Units.</Text>
    </Line>
    <Line Key="TXT_ENC_UNT_SCOUT_HISTORY_0">
      <Text></Text>
    </Line>
    <Line Key="TXT_ENC_UNT_SCOUT_STRATEGY_0">
      <Text>Explore the world, clear the fog, collect some treasure, and meet the neighbors with this versatile starting Unit. Scouting Parties can /href:t:Term:term_Survey/Survey/Endhref/ to collect /href:t:Term:term_Cach/Caches/Endhref/ and uncover hidden {TXT_TRM_RESOURCES {#2}} for your Nation to exploit. They also may clear {TXT_TRM_WILDANIMAL {#123}} from the map via their {TXT_TRM_HUNT} ability. If you can afford two Scouting Parties, your Nation will be able to uncover a lot more of the map, which is valuable information in the early game.</Text>
    </Line>
    <Line Key="TXT_ENC_UNT_SETTLER_HISTORY_0">
      <Text></Text>
    </Line>
    <Line Key="TXT_ENC_UNT_SETTLER_STRATEGY_0">
      <Text>Found a new City with this Specialist Unit. The earlier you build another City, the quicker you can expand your Nation’s footprint on the world. When founding Cities, make sure to find ample resources, water, and a good area for expansion - not too close to another Nation’s borders. Along the way, Settlers are vulnerable to hostile Tribes or unscrupulous neighbors, so it’s a good idea to protect them on their journey.</Text>
    </Line>
    <Line Key="TXT_ENC_UNT_SKIRMISHER_HISTORY_0">
      <Text></Text>
    </Line>
    <Line Key="TXT_ENC_UNT_SKIRMISHER_STRATEGY_0">
      <Text>{TXT_TRM_DAMAGE_ANTI_CAVALRY} Units from the Renaissance. Vulnerable to {TXT_TRM_DAMAGE_INFANTRY}.</Text>
    </Line>
    <Line Key="TXT_ENC_UNT_SPEARMAN_HISTORY_0">
      <Text></Text>
    </Line>
    <Line Key="TXT_ENC_UNT_SPEARMAN_STRATEGY_0">
      <Text>Draft this early-game {TXT_TRM_DAMAGE_ANTI_CAVALRY} Unit to safeguard your {TXT_TRM_NATION}. They are equipped to resist {TXT_TRM_DAMAGE_CAVALRY}, but vulnerable to {TXT_TRM_DAMAGE_INFANTRY}.</Text>
    </Line>
    <Line Key="TXT_ENC_UNT_STEALTH_BOMBER_HISTORY_0">
      <Text></Text>
    </Line>
    <Line Key="TXT_ENC_UNT_STEALTH_BOMBER_STRATEGY_0">
      <Text>Powerful {TXT_TRM_DAMAGE_BOMBER} of the Information Age, the {TXT_UNT_STEALTH_BOMBER} is vulnerable to {TXT_TRM_DAMAGE_ANTI_AIR}, {TXT_TRM_DAMAGE_DESTROYER}, and {TXT_TRM_DAMAGE_FIGHTER} Units.</Text>
    </Line>
    <Line Key="TXT_ENC_UNT_SUBMARINE_HISTORY_0">
      <Text></Text>
    </Line>
    <Line Key="TXT_ENC_UNT_SUBMARINE_STRATEGY_0">
      <Text>Machine Age {TXT_TRM_DAMAGE_SUBMARINE}. Vulnerable to {TXT_TRM_DAMAGE_DESTROYER} Units but strong against the {TXT_TRM_DAMAGE_BATTLESHIP}.</Text>
    </Line>
    <Line Key="TXT_ENC_UNT_SWORDSMAN_HISTORY_0">
      <Text></Text>
    </Line>
    <Line Key="TXT_ENC_UNT_SWORDSMAN_STRATEGY_0">
      <Text>This Bronze Age {TXT_TRM_DAMAGE_INFANTRY} Soldier armed with a long, sharp piece of metal is most dangerous when employed in hand-to-hand combat. Swordsmen are especially effective against {TXT_TRM_DAMAGE_ANTI_CAVALRY} Units like Spearmen. But beware! They are vulnerable to {TXT_TRM_DAMAGE_CAVALRY} Units and will not hold their ground versus their charge.</Text>
    </Line>
    <Line Key="TXT_ENC_UNT_TANK_HISTORY_0">
      <Text></Text>
    </Line>
    <Line Key="TXT_ENC_UNT_TANK_STRATEGY_0">
      <Text>This Machine Age armored {TXT_TRM_DAMAGE_CAVALRY} Unit is specifically designed to defeat {TXT_TRM_DAMAGE_INFANTRY} and {TXT_TRM_DAMAGE_RANGED} Units. Tanks are especially vulnerable to {TXT_TRM_DAMAGE_ANTI_CAVALRY} and {TXT_TRM_DAMAGE_HELICOPTER} Units from the later Eras.</Text>
    </Line>
    <Line Key="TXT_ENC_UNT_TRANSPORT1_HISTORY_0">
      <Text></Text>
    </Line>
    <Line Key="TXT_ENC_UNT_TRANSPORT1_STRATEGY_0">
      <Text></Text>
    </Line>
    <Line Key="TXT_ENC_UNT_TRANSPORT_HISTORY_0">
      <Text></Text>
    </Line>
    <Line Key="TXT_ENC_UNT_TRANSPORT_STRATEGY_0">
      <Text>Carries land units across water.</Text>
    </Line>
    <Line Key="TXT_ENC_UNT_TREBUCHET_HISTORY_0">
      <Text></Text>
    </Line>
    <Line Key="TXT_ENC_UNT_TREBUCHET_STRATEGY_0">
      <Text>Huge Medieval {TXT_TRM_DAMAGE_SIEGE} weapons. Use its powerful Bombard ability to dismantle fortifications and attacking forces in nearby Regions.</Text>
    </Line>
    <Line Key="TXT_ENC_UNT_TRIBALWARRIOR_HISTORY_0">
      <Text></Text>
    </Line>
    <Line Key="TXT_ENC_UNT_TRIBALWARRIOR_STRATEGY_0">
      <Text>These Warriors can be hostile to your {TXT_TRM_NATION} if you anger their Tribe./n/nBeware! Hostile Tribal Warriors will pillage your /href:t:Term:term_City/Cities/Endhref/ and attack your defending /href:t:Term:term_Army/Forces/Endhref/.</Text>
    </Line>
    <Line Key="TXT_ENC_UNT_TRIREME_HISTORY_0">
      <Text></Text>
    </Line>
    <Line Key="TXT_ENC_UNT_TRIREME_STRATEGY_0">
      <Text>This early era {TXT_TRM_DAMAGE_SHIP} is the first to be able to navigate the coastal waters of the Map. It cannot enter the ocean, but this limitation will not stop it from exploring large sections of the world for your Nation.</Text>
    </Line>
    <Line Key="TXT_ENC_UNT_UAV_HISTORY_0">
      <Text></Text>
    </Line>
    <Line Key="TXT_ENC_UNT_UAV_STRATEGY_0">
      <Text>Unmanned {TXT_TRM_DAMAGE_HELICOPTER}-type Units. Vulnerable to {TXT_TRM_DAMAGE_ANTI_AIR} and {TXT_TRM_DAMAGE_FIGHTER} units but strong against {TXT_TRM_DAMAGE_CAVALRY} (for example, {TXT_UNT_TANK {#123}})</Text>
    </Line>
    <Line Key="TXT_ENC_UNT_WAR_CHARIOT_HISTORY_0">
      <Text></Text>
    </Line>
    <Line Key="TXT_ENC_UNT_WAR_CHARIOT_STRATEGY_0">
      <Text>The most dominant {TXT_TRM_DAMAGE_CAVALRY} of Act I are unlocked in the Bronze Age. Strong facing {TXT_TRM_DAMAGE_INFANTRY} and {TXT_TRM_DAMAGE_RANGED} Units, but weak against {TXT_TRM_DAMAGE_ANTI_CAVALRY} and {TXT_TRM_DAMAGE_HELICOPTER} Units. (If your opponent has Helicopters, you have other problems.)</Text>
    </Line>
    <Line Key="TXT_ENC_UNT_WAR_ELEPHANT_HISTORY_0">
      <Text></Text>
    </Line>
    <Line Key="TXT_ENC_UNT_WAR_ELEPHANT_STRATEGY_0">
      <Text>If you have access to Elephant, this Bronze Age {TXT_TRM_DAMAGE_CAVALRY} Unit is a dominant early game force. War Elephants will obliterate {TXT_TRM_DAMAGE_INFANTRY} and {TXT_TRM_DAMAGE_RANGED} Units, but they are susceptible to {TXT_TRM_DAMAGE_ANTI_CAVALRY} attacks.</Text>
    </Line>
    <Line Key="TXT_ENC_UNT_ZAMBURAK_HISTORY_0">
      <Text></Text>
    </Line>
    <Line Key="TXT_ENC_UNT_ZAMBURAK_STRATEGY_0">
      <Text>Machine Age {TXT_TRM_DAMAGE_CAVALRY}. Advantaged battling {TXT_TRM_DAMAGE_INFANTRY} and {TXT_TRM_DAMAGE_RANGED} Units, but weak against {TXT_TRM_DAMAGE_ANTI_CAVALRY} and {TXT_TRM_DAMAGE_HELICOPTER} Units.</Text>
    </Line>
    <Line Key="TXT_ENC_UNT_ZEPPELIN_HISTORY_0">
      <Text></Text>
    </Line>
    <Line Key="TXT_ENC_UNT_ZEPPELIN_STRATEGY_0">
      <Text>Early Machine Age {TXT_TRM_DAMAGE_BOMBER}.Vulnerable to {TXT_TRM_DAMAGE_ANTI_AIR}, {TXT_TRM_DAMAGE_DESTROYER} and {TXT_TRM_DAMAGE_FIGHTER} Units.</Text>
    </Line>
  </Locale>
</GameText>
