<?xml version="1.0" encoding="UTF-8"?>
<GameText>
  <!--This is a generated file.  Do not edit this file.  Edit the original source file and regenerate-->
  <Locale ID="en">
    <Line Key="TXT_ENC_BIO_ARID_DESERT_HISTORY_0">
      <Text>The Arid Desert is a subclass of Desert {TXT_TRM_BIOME} featuring virtually no precipitation and extreme heat. Death Valley is Arid Desert, as well as much of the Sahara Desert, though it bleeds into Xeric Desert in places. Some have sand dunes, though rocky and hilly terrain may be found as well./n/nDespite this area’s harsh climate, there are regions that host a wide array of species who have adapted to live in an Arid Desert’s extreme conditions. Resident animals include deadly creatures like scorpions and snakes. Jackals and other hardy carnivores feed on the few goats and antelopes surviving therein.</Text>
    </Line>
    <Line Key="TXT_ENC_BIO_ARID_DESERT_STRATEGY_0">
      <Text>Unless there is a river or ocean nearby, these Biomes are not a good place to find {TXT_TRM_FOOD} or {TXT_TRM_WOOD}, although they may have some {TXT_TRM_STONE} and a few Natural {TXT_TRM_RESOURCES} worth Harvesting.</Text>
    </Line>
    <Line Key="TXT_ENC_BIO_COASTAL_WATER_HISTORY_0">
      <Text>Defined roughly as "the region of the ocean that you can see from shore," Coastal {TXT_TRM_BIOMES} are rocky or sandy shores, bays, inlets, barrier islands, and estuaries. Humans use Coastal Water Biomes in a variety of ways. We eat the fish we catch there, use the docks to transport travelers, and trade goods brought by boats. A wide array of animals reside in this Biome as well, including mussels, migratory fish, and dangerous predators like sharks and whales.</Text>
    </Line>
    <Line Key="TXT_ENC_BIO_COASTAL_WATER_STRATEGY_0">
      <Text>You won't be able to find {TXT_TRM_WOOD} or {TXT_TRM_STONE} here. However, there's plenty of {TXT_TRM_FOOD} and {TXT_TRM_COIN} here, especially if you throw out a Fishing Net. Keep in mind that water-based Resources can be very profitable.</Text>
    </Line>
    <Line Key="TXT_ENC_BIO_COLD_DESERT_HISTORY_0">
      <Text>Cold Desert {TXT_TRM_BIOMES} are found in Central Asia (the Gobi Desert) and scattered through Western, Northern, and Southern America, as well as southern Australia and Africa. They are cold in winter, and hot in summer. A few dozen hearty mammals and birds make the region their home, surviving on a variety of scrub vegetation, bugs, and each other. Top predators include snow leopards and wolves. With farming rendered almost impossible, Cold Deserts have been home only to small settlements and nomadic people for most of history (like the Mongols of the Gobi).</Text>
    </Line>
    <Line Key="TXT_ENC_BIO_COLD_DESERT_STRATEGY_0">
      <Text>Cold Deserts do provide {TXT_TRM_STONE}, but usually don’t yield abundant amounts of {TXT_TRM_WOOD} or {TXT_TRM_FOOD}. This Biome is not the best place for your people, unless you discover one of the valuable Natural Resources found here.</Text>
    </Line>
    <Line Key="TXT_ENC_BIO_MEDITERRANEAN_HISTORY_0">
      <Text>The Mediterranean Biome is found surrounding the Mediterranean Sea (crazy…I know). It's also found in the bottom half of South America, the Cape of South Africa, and certain areas in California. Also known as the Woodland {TXT_TRM_BIOME} or Chaparral {TXT_TRM_BIOME}, this climate features light to moderate rainfall and hot and dry summers. It contains grasses, shrubs, mostly evergreen trees, and lots of flowering annual plants. Animals tend to be small or nocturnal. These biomes are worth coveting for their resources as they easily support human habitation.</Text>
    </Line>
    <Line Key="TXT_ENC_BIO_MEDITERRANEAN_STRATEGY_0">
      <Text>This Biome provides bountiful {TXT_TRM_FOOD}, some {TXT_TRM_WOOD}, {TXT_TRM_STONE}, and even some {TXT_TRM_COIN}, making this one of the better places to build a City.</Text>
    </Line>
    <Line Key="TXT_ENC_BIO_OCEAN_HISTORY_0">
      <Text>This is the largest biome on the Earth and among the least hospitable to human life. Ocean {TXT_TRM_BIOMES} are vast, deep, stormy, and cold areas not visible from shore. Ships cross the Ocean Biome communicating and trading between continents. Fleets harvest whales, fish, crabs, shrimp, and other delicious things from the depths. Humans seek to capture mineral and petrochemical resources under the deep ocean floor. Ocean Biomes are home to some dangerous predators like sharks, whales, and other creatures we have yet to discover.</Text>
    </Line>
    <Line Key="TXT_ENC_BIO_OCEAN_STRATEGY_0">
      <Text>Ocean Biomes are un-inhabitable by humans and do not have any Natural Resources. The Biome may only be entered/crossed by Ships that can withstand the elements.</Text>
    </Line>
    <Line Key="TXT_ENC_BIO_POLAR_DESERT_HISTORY_0">
      <Text>Polar Deserts are very cold and inhospitable places at the top and bottom of the world, including the Arctic and Antarctic. Polar Desert biomes get little precipitation (usually snow or fog). They're mostly covered with ice, and where they're not, the land is frozen and barren. While there is virtually nothing for human use on the surface of these lands, many choose to adventure into this {TXT_TRM_BIOME} to see penguins, seals, and polar bears. Researchers like Astrobiologists are especially interested in the study of the microorganisms and conditions of Polar Deserts as they can mimic those of the planet Mars.</Text>
    </Line>
    <Line Key="TXT_ENC_BIO_POLAR_DESERT_STRATEGY_0">
      <Text>Aside from a bit of {TXT_TRM_STONE}, you’re not going to find a lot of {TXT_TRM_FOOD}, or {TXT_TRM_WOOD} here. Unless a Scout can uncover a Natural Resource worth harvesting, your Nation should steer clear of the Polar Desert.</Text>
    </Line>
    <Line Key="TXT_ENC_BIO_SAVANNA_HISTORY_0">
      <Text>The Savanna {TXT_TRM_BIOME} is characterized by rolling grassland with shrubs and scattered trees. It's found running in big bands across Africa, in Central India, Northern Australia, and in portions of South America. Savannas are warm year-round, with cool, dry winters and hot, very wet summers. They're populated by herds of grazing animals – zebras, elephants, giraffes, gazelles, elands, wildebeest, and so forth - and the predators who eat them.</Text>
    </Line>
    <Line Key="TXT_ENC_BIO_SAVANNA_STRATEGY_0">
      <Text>Savannas have a wide range of resources AND the most dangerous wildlife of all the Biomes in the game. This Biome contains a modest amount of {TXT_TRM_FOOD} and some {TXT_TRM_STONE}, but there usually isn’t a lot of {TXT_TRM_WOOD} to build with found here.</Text>
    </Line>
    <Line Key="TXT_ENC_BIO_TAIGA_HISTORY_0">
      <Text>The Taiga is the largest /:I/land/r/ {TXT_TRM_BIOME} on Earth. It covers the top half of North America and most of Russia, Finland, and other chilly places. Cold in the winter and slightly warmer in the short summer, the land is covered with evergreen trees and inhabited by bunnies, moose, elk, weasels, lynx, and the red squirrel. Pretty much all mineral and metallic resources can be found there, along with wood, animal fur, and Canadian bacon. Humans can exist there – Inuit, Siberian natives, Vikings, and hockey fans have done so for centuries – but it is far from easy.</Text>
    </Line>
    <Line Key="TXT_ENC_BIO_TAIGA_STRATEGY_0">
      <Text>This Biome yields a sizable amount of {TXT_TRM_WOOD} and some {TXT_TRM_STONE}, but not much {TXT_TRM_FOOD}. Compared with other Biomes, there are an average number of Predators and Natural Resources found in the Taiga.</Text>
    </Line>
    <Line Key="TXT_ENC_BIO_TEMPERATE_FOREST_HISTORY_0">
      <Text>Temperate portions of the Earth form a wide band between the hot tropics and the chilly polar regions of the planet. Places like Eastern United States, Eastern Asia, and Western Europe have temperate forests. Wide temperature variations come with the seasons: winters are cold, and summers are usually hot. Different animals are found in Temperate Forests such as deer, squirrels, rabbits, birds, bears, and so on.</Text>
    </Line>
    <Line Key="TXT_ENC_BIO_TEMPERATE_FOREST_STRATEGY_0">
      <Text>You will find lots of {TXT_TRM_WOOD} here, but not as much {TXT_TRM_FOOD} or {TXT_TRM_STONE} as other Biomes. This Biome has a below average spread of Natural Resources and an average amount of Predators.</Text>
    </Line>
    <Line Key="TXT_ENC_BIO_TEMPERATE_GRASSLAND_HISTORY_0">
      <Text>Temperate Grasslands are places where grasses rule. These include the plains of the Central USA, veldts of South Africa, Argentine and Uruguayan pampas, and Russian steppes. Animals such as gazelles, prairie dogs, and predators like the grey wolf and coyotes thrive in these areas. There are few trees or large bushes in Temperate Grasslands and the soil is rich and dark which makes them excellent locations for settlement.</Text>
    </Line>
    <Line Key="TXT_ENC_BIO_TEMPERATE_GRASSLAND_STRATEGY_0">
      <Text>A plethora of {TXT_TRM_FOOD} and some {TXT_TRM_STONE} awaits your Nation in this Biome. However {TXT_TRM_WOOD} is rarer in this Biome. There are a wide variety of Natural Resources (plentiful!) and only 3 types of Predators to contend with. Temperate Grassland is a great Biome to settle and claim.</Text>
    </Line>
    <Line Key="TXT_ENC_BIO_TEMPERATE_RAINFOREST_HISTORY_0">
      <Text>Temperate Rainforests are, not surprisingly, forests that grow in rainy locations within the Earth's temperate zone. The Pacific Northwest of the USA and Canada is a prime example of a Temperate Rainforest. They are also found in South America, New Zealand, Australia, and Japan. They feature big old trees with a dense canopy of leaves that block out much of the sun and rain from the forest floor. The high humidity is excellent for mosses, ferns, and shrubs.</Text>
    </Line>
    <Line Key="TXT_ENC_BIO_TEMPERATE_RAINFOREST_STRATEGY_0">
      <Text>This biome yields a healthy quantity of {TXT_TRM_WOOD} and some {TXT_TRM_FOOD}, but not much {TXT_TRM_STONE}. Like other forest biomes, the Predators that patrol these grounds are fierce and the variety of Natural Resources found here are limited.</Text>
    </Line>
    <Line Key="TXT_ENC_BIO_TROPICAL_FOREST_HISTORY_0">
      <Text>Tropical /:B/Forest/r/ {TXT_TRM_BIOMES}, not to be confused with Tropical /:I/Rainforest/r/ Biomes, run in between the tropics of Cancer and Capricorn. This Biome is known for its lush greenery and wide array of vegetation expanding from canopies to ground layers full of vegetation. There are about 85 countries across the world that contain Tropical Forest ecosystems, including Brazil, Madagascar, and Australia. They host unique animals like orangutans, toucans, poisonous frogs, and many plants and insects.</Text>
    </Line>
    <Line Key="TXT_ENC_BIO_TROPICAL_FOREST_STRATEGY_0">
      <Text>Tropical Forests provide {TXT_TRM_FOOD} and an excellent amount of {TXT_TRM_WOOD}. Unfortunately, you won’t find an abundance of {TXT_TRM_STONE} and the variety of Natural Resources here is limited compared to others. Settling here will be a challenge as well: dangerous Predators dominate this Biome.</Text>
    </Line>
    <Line Key="TXT_ENC_BIO_TROPICAL_RAINFOREST_HISTORY_0">
      <Text>Tropical Rainforest {TXT_TRM_BIOMES} sit atop the Equator, bracketed by Tropical Forest Biomes. They receive heavy rain year-round, and temperatures almost never get below 60 degrees Fahrenheit. This Biome holds much of the planet's biodiversity housing tens of thousands of insects and half of the plant and animal varieties on Earth. They are prime locations for new medicinal herbs and dubious lost cities of gold.</Text>
    </Line>
    <Line Key="TXT_ENC_BIO_TROPICAL_RAINFOREST_STRATEGY_0">
      <Text>This Biome contains a significant amount of {TXT_TRM_WOOD} and some {TXT_TRM_FOOD}, but not a lot {TXT_TRM_STONE}. This Biome is a decent place for your people to thrive if they can survive the dangerous Predators. Like all forest Biomes there are a below average number of Natural Resources to be found here.</Text>
    </Line>
    <Line Key="TXT_ENC_BIO_TUNDRA_HISTORY_0">
      <Text>Tundra is a relatively barren {TXT_TRM_BIOME} found at the upper edges of the North American and Eurasian continents. The ground is frozen during the long winters, making it impossible for trees to grow. Vegetation is limited to lichen, moss, grass, and low shrubs. Few larger mammals make their homes in tundra: caribou, musk ox, and polar bears being exceptions. Also, yetis.</Text>
    </Line>
    <Line Key="TXT_ENC_BIO_TUNDRA_STRATEGY_0">
      <Text>You will find some {TXT_TRM_FOOD}, but not much {TXT_TRM_STONE} or {TXT_TRM_WOOD} in the Tundra. This Biome limits your options because there is a low variety of Natural Resources and Predators here.</Text>
    </Line>
    <Line Key="TXT_ENC_BIO_XERIC_SHRUBLAND_HISTORY_0">
      <Text>Xeric Shrublands are hot, dry places covered with shrubs, seasonal herbs, and cacti. There's very little rain, and evaporation rates are higher than rainfall. The Great Basin of Utah is Xeric Shrubland, and portions of the Gobi and Sahara are as well. A fair variety of animals survive therein – mice, voles, rabbits, prairie dogs, goats, and so on.</Text>
    </Line>
    <Line Key="TXT_ENC_BIO_XERIC_SHRUBLAND_STRATEGY_0">
      <Text>These Biomes have a little bit of {TXT_TRM_FOOD} and a healthy amount of {TXT_TRM_STONE}, but not much {TXT_TRM_WOOD}. There are many Natural Resource minerals found within the Xeric Shrubland.</Text>
    </Line>
  </Locale>
</GameText>
