<?xml version="1.0" encoding="UTF-8"?>
<GameText>
<!--The Note attribute is a non game-facing field giving more context to the translator.  -->
  <Locale ID="en">

    <!--*******************************************************************************************
   ...............................           Formation Names         .............................
   *********************************************************************************************-->
	<Line Key="TXT_FRM_CIVILIAN" Note="Name for a Non-military Army Formation" Gender="other">
	  <Text>Specialist|Specialists</Text>
	  <Plurality>1|other</Plurality>
	</Line>

	<Line Key="TXT_FRM_SQUAD" Note="Name for a Squad Army Formation" Gender="other">
	  <Text>Squad|Squads</Text>
	  <Plurality>1|other</Plurality>
	</Line>

    <Line Key="TXT_FRM_SNIPER" Note="Name for a Sniper Army Formation" Gender="other">
      <Text>Sniper|Snipers</Text>
      <Plurality>1|other</Plurality>
    </Line>

	<Line Key="TXT_FRM_BATTALION" Note="Name for a Battalion Army Formation" Gender="other">
	  <Text>Battalion|Battalions</Text>
	  <Plurality>1|other</Plurality>
	</Line>

	<Line Key="TXT_FRM_LINE" Note="Name for Line Army Formation" Gender="other">
	  <Text>Line|Lines</Text>
	  <Plurality>1|other</Plurality>
	</Line>

	<Line Key="TXT_FRM_WEDGE" Note="Name for Wedge Army Formation" Gender="other">
	  <Text>Wedge|Wedges</Text>
	  <Plurality>1|other</Plurality>
	</Line>

   <Line Key="TXT_FRM_VANGUARD" Note="Name for Vanguard Army Formation" Gender="other">
     <Text>Vanguard|Vanguards</Text>
     <Plurality>1|other</Plurality>
   </Line>

    <Line Key="TXT_FRM_PROTECTOR" Note="Name for Protector Army Formation" Gender="other">
      <Text>Protector|Protectors</Text>
      <Plurality>1|other</Plurality>
    </Line>

    <Line Key="TXT_FRM_SPECIAL_FORCES" Note="Name for Special Forces Army Formation" Gender="other">
      <Text>Special Forces|Special Forces</Text>
      <Plurality>1|other</Plurality>
    </Line>

	<Line Key="TXT_FRM_CRESCENT" Note="Name for Crescent Army Formation" Gender="other">
	  <Text>Crescent|Crescents</Text>
	  <Plurality>1|other</Plurality>
	</Line>

    <Line Key="TXT_FRM_LEGION" Note="Name for Legion Army Formation" Gender="other">
      <Text>Legion|Legions</Text>
      <Plurality>1|other</Plurality>
    </Line>

    <Line Key="TXT_FRM_PHALANX" Note="Name for Phalanx Army Formation" Gender="other">
      <Text>Phalanx|Phalanxes</Text>
      <Plurality>1|other</Plurality>
    </Line>

    <Line Key="TXT_FRM_SHIELD_WALL" Note="Name for Shield Wall Army Formation" Gender="other">
      <Text>Shield Wall|Shield Walls</Text>
      <Plurality>1|other</Plurality>
    </Line>

    <Line Key="TXT_FRM_TORRENT" Note="Name for Torrent Army Formation" Gender="other">
      <Text>Torrent|Torrents</Text>
      <Plurality>1|other</Plurality>
    </Line>

    <Line Key="TXT_FRM_STRIKE" Note="Name for Strike Army Formation" Gender="other">
      <Text>Strike|Strikes</Text>
      <Plurality>1|other</Plurality>
    </Line>

	<Line Key="TXT_FRM_ECHELON" Note="Name for Echelon Army Formation" Gender="other">
	  <Text>Echelon|Echelons</Text>
	  <Plurality>1|other</Plurality>
	</Line>

	<Line Key="TXT_FRM_SQUARE" Note="Name for Square Army Formation" Gender="other">
	  <Text>Square|Squares</Text>
	  <Plurality>1|other</Plurality>
	</Line>

	<Line Key="TXT_FRM_BRIGADE" Note="Name for Brigade Army Formation" Gender="other">
	  <Text>Brigade|Brigades</Text>
	  <Plurality>1|other</Plurality>
	</Line>

	<Line Key="TXT_FRM_FUNNEL" Note="Name for Funnel Army Formation" Gender="other">
	  <Text>Funnel|Funnels</Text>
	  <Plurality>1|other</Plurality>
	</Line>

    <Line Key="TXT_FRM_CROSS" Note="Name for Cross Army Formation" Gender="other">
	  <Text>Cross|Crosses</Text>
	  <Plurality>1|other</Plurality>
	</Line>

	<Line Key="TXT_FRM_TERCIO" Note="Name for Tercio Army Formation" Gender="other">
	  <Text>Tercio|Tercios</Text>
	  <Plurality>1|other</Plurality>
	</Line>

	<Line Key="TXT_FRM_TRAPEZOID" Note="Name for Trapezoid  Army Formation" Gender="other">
	  <Text>Trapezoid|Trapezoids</Text>
	  <Plurality>1|other</Plurality>
	</Line>

	<Line Key="TXT_FRM_FLYING_COLUMN" Note="Name for Flying Column Army Formation" Gender="other">
	  <Text>Flying Column|Flying Columns</Text>
	  <Plurality>1|other</Plurality>
	</Line>

    <Line Key="TXT_FRM_COLUMN" Note="Name for Flying Column Army Formation" Gender="other">
      <Text>Column|Columns</Text>
      <Plurality>1|other</Plurality>
    </Line>

    <Line Key="TXT_FRM_COALITION" Note="Name for Coalition Army Formation" Gender="other">
      <Text>Coalition|Coalitions</Text>
      <Plurality>1|other</Plurality>
    </Line>

    <Line Key="TXT_FRM_SWARM" Note="Name for Swarm Army Formation" Gender="other">
      <Text>Swarm|Swarms</Text>
      <Plurality>1|other</Plurality>
    </Line>

    <Line Key="TXT_FRM_FLYING_VEE" Note="Name for Flying Vee Army Formation" Gender="other">
      <Text>Flying Vee|Flying Vees</Text>
      <Plurality>1|other</Plurality>
    </Line>

    <Line Key="TXT_FRM_FUSION" Note="Name for Fusion Army Formation" Gender="other">
      <Text>Fusion|Fusions</Text>
      <Plurality>1|other</Plurality>
    </Line>

	<Line Key="TXT_FRM_SIEGE_BATTERY" Note="Name for Siege Battery Army Formation" Gender="other">
	  <Text>Siege Battery|Siege Batteries</Text>
	  <Plurality>1|other</Plurality>
	</Line>

    <Line Key="TXT_FRM_DIVISION" Note="Name for Division Army Formation" Gender="other">
      <Text>Division|Divisions</Text>
	  <Plurality>1|other</Plurality>
	</Line>

	<Line Key="TXT_FRM_PICKET" Note="Name for Picket Army Formation" Gender="other">
      <Text>Picket|Pickets</Text>
      <Plurality>1|other</Plurality>
    </Line>

	<Line Key="TXT_FRM_RECON" Note="Name for Recon Army Formation" Gender="other">
	  <Text>Recon|Recons</Text>
	  <Plurality>1|other</Plurality>
	</Line>

	<Line Key="TXT_FRM_BLITZ" Note="Name for Blitz Army Formation" Gender="other">
	  <Text>Blitz|Blitzes</Text>
	  <Plurality>1|other</Plurality>
	</Line>

	<Line Key="TXT_FRM_BARRAGE" Note="Name for Barrage Army Formation" Gender="other">
	  <Text>Barrage|Barrages</Text>
	  <Plurality>1|other</Plurality>
	</Line>

	<Line Key="TXT_FRM_SCREEN" Note="Name for Screen Army Formation" Gender="other">
	  <Text>Screen|Screens</Text>
	  <Plurality>1|other</Plurality>
	</Line>

	<Line Key="TXT_FRM_LADDER" Note="Name for Ladder Army Formation" Gender="other">
	  <Text>Ladder|Ladders</Text>
	  <Plurality>1|other</Plurality>
	</Line>

	<Line Key="TXT_FRM_HELI_SQUAD" Note="Name for Heli Squad Army Formation" Gender="other">
	  <Text>Heli Squad|Heli Squads</Text>
	  <Plurality>1|other</Plurality>
	</Line>

	<Line Key="TXT_FRM_VESSEL" Note="Name for Vessel Army Formation" Gender="other">
	  <Text>Vessel|Vessels</Text>
	  <Plurality>1|other</Plurality>
	</Line>

	  <Line Key="TXT_FRM_PATROL" Note="Name for Patrol Army Formation" Gender="other">
      <Text>Patrol|Patrols</Text>
      <Plurality>1|other</Plurality>
    </Line>

	<Line Key="TXT_FRM_SQUADRON" Note="Name for Squadron Army Formation" Gender="other">
	  <Text>Squadron|Squadrons</Text>
	  <Plurality>1|other</Plurality>
	</Line>

	<Line Key="TXT_FRM_FLOTILLA" Note="Name for Flotilla Army Formation" Gender="other">
      <Text>Flotilla|Flotillas</Text>
      <Plurality>1|other</Plurality>
    </Line>

	<Line Key="TXT_FRM_ARMADA" Note="Name for Armada Army Formation" Gender="other">
	  <Text>Armada|Armadas</Text>
	  <Plurality>1|other</Plurality>
	</Line>

	<Line Key="TXT_FRM_TASK_FORCE" Note="Name for Task Force Army Formation" Gender="other">
	  <Text>Task Force|Task Forces</Text>
	  <Plurality>1|other</Plurality>
	</Line>

	<Line Key="TXT_FRM_WOLFPACK" Note="Name for Wolfpack Army Formation" Gender="other">
	  <Text>Wolfpack|Wolfpacks</Text>
	  <Plurality>1|other</Plurality>
	</Line>

	<Line Key="TXT_FRM_CONVOY" Note="Name for Convoy Army Formation" Gender="other">
	  <Text>Convoy|Convoys</Text>
	  <Plurality>1|other</Plurality>
	</Line>

	<Line Key="TXT_FRM_FLOATING_FORTRESS" Note="Name for Floating Fortress Army Formation" Gender="other">
	  <Text>Floating Fortress|Floating Fortresses</Text>
	  <Plurality>1|other</Plurality>
	</Line>

	<Line Key="TXT_FRM_FLEET" Note="Name for Fleet Army Formation" Gender="other">
	  <Text>Fleet|Fleets</Text>
	  <Plurality>1|other</Plurality>
	</Line>

	<Line Key="TXT_FRM_VEE" Note="Name for Vee Army Formation" Gender="other">
      <Text>Vee|Vees</Text>
      <Plurality>1|other</Plurality>
    </Line>

	<Line Key="TXT_FRM_SORTIE" Note="Name for Sortie Army Formation" Gender="other">
      <Text>Sortie|Sorties</Text>
      <Plurality>1|other</Plurality>
    </Line>

	<Line Key="TXT_FRM_ESCORT" Note="Name for Escort Army Formation" Gender="other">
      <Text>Escort|Escorts</Text>
      <Plurality>1|other</Plurality>
    </Line>

	<Line Key="TXT_FRM_WING" Note="Name for Wing Army Formation" Gender="other">
      <Text>Wing|Wings</Text>
      <Plurality>1|other</Plurality>
    </Line>

	<Line Key="TXT_FRM_SHIELD" Note="Name for Shield Army Formation" Gender="other">
	  <Text>Shield|Shields</Text>
	  <Plurality>1|other</Plurality>
	</Line>

	<Line Key="TXT_FRM_DIAMOND" Note="Name for Diamond Army Formation" Gender="other">
	  <Text>Diamond|Diamonds</Text>
	  <Plurality>1|other</Plurality>
	</Line>

	  <!--*******************************************************************************************
   ...............................           Formation Descriptions         .............................
   *********************************************************************************************-->
	<Line Key="TXT_FRM_CIVILIAN_DESCRIPTION" Note="Description for Civilian Army Formation. A formation is a layout of units that form an army. Armies of different formations receive different benefits.">
      <Text>A {TXT_TRM_LAND_NOICON} {TXT_TRM_FORMATION {#1}} comprised of 1 slot for {TXT_NEW_UNIT_CIVILIAN} {TXT_TRM_UNIT {#2}}.</Text>
    </Line>

	<Line Key="TXT_FRM_SQUAD_DESCRIPTION" Note="Description for Squad Army Formation. A formation is a layout of units that form an army. Armies of different formations receive different benefits.">
	  <Text>A {TXT_TRM_LAND_NOICON} {TXT_TRM_FORMATION {#1}} comprised of 1 slot./n/nProvides no bonuses, but can accept any military {TXT_TRM_UNIT {#1}}.</Text>
	</Line>

    <Line Key="TXT_FRM_SNIPER_DESCRIPTION" Note="Description for Sniper Army Formation. A formation is a layout of units that form an army. Armies of different formations receive different benefits.">
      <Text>A {TXT_TRM_LAND_NOICON} {TXT_TRM_FORMATION {#1}} comprised of 1 {TXT_TRM_ROLE_MODERN_INFANTRY} {TXT_TRM_UNIT {#1}}./n/nProvides a bonus of +10% {TXT_TRM_UNIT_STRENGTH_NO_ICON} while {TXT_UNT_ORDERED_FORTIFY}.</Text>
    </Line>

	<Line Key="TXT_FRM_BATTALION_DESCRIPTION" Note="Description for Battalion Army Formation. A formation is a layout of units that form an army. Armies of different formations receive different benefits.">
	  <Text>A {TXT_TRM_LAND_NOICON} {TXT_TRM_FORMATION {#1}} comprised of 3 slots./n/nProvides no bonuses, but can accept any military {TXT_TRM_UNIT {#1}}.</Text>
	</Line>

	<Line Key="TXT_FRM_LINE_DESCRIPTION" Note="Description for Line Army Formation. A formation is a layout of units that form an army. Armies of different formations receive different benefits.">
	  <Text>A {TXT_TRM_LAND_NOICON} {TXT_TRM_FORMATION {#1}} comprised of 2 {TXT_TRM_ROLE_MELEE_INFANTRY} and 1 {TXT_TRM_ROLE_PROJECTILE} {TXT_TRM_UNIT {#2}}./n/nProvides a bonus of +10% {TXT_TRM_UNIT_STRENGTH_NO_ICON} while {TXT_UNT_ORDERED_FORTIFY}.</Text>
	</Line>

	<Line Key="TXT_FRM_WEDGE_DESCRIPTION" Note="Description for Wedge Army Formation. A formation is a layout of units that form an army. Armies of different formations receive different benefits.">
	  <Text>A {TXT_TRM_LAND_NOICON} {TXT_TRM_FORMATION {#1}} comprised of 1 {TXT_TRM_ROLE_MELEE_INFANTRY} and 2 {TXT_TRM_ROLE_PROJECTILE} {TXT_TRM_UNIT {#2}}./n/nProvides a bonus of +10% {TXT_TRM_UNIT_STRENGTH_NO_ICON}.</Text>
	</Line>

   <Line Key="TXT_FRM_VANGUARD_DESCRIPTION" Note="Description for Vanguard Army Formation. A formation is a layout of units that form an army. Armies of different formations receive different benefits.">
     <Text>A {TXT_TRM_LAND_NOICON} {TXT_TRM_FORMATION {#1}} comprised of 1 {TXT_TRM_ROLE_MELEE_INFANTRY}, 1 {TXT_TRM_ROLE_PROJECTILE}, and 1 {TXT_TRM_ROLE_MELEE_CAVALRY} {TXT_TRM_UNIT {#2}}./n/nProvides a bonus of +10% {TXT_TRM_UNIT_STRENGTH_NO_ICON}.</Text>
   </Line>

   <Line Key="TXT_FRM_PROTECTOR_DESCRIPTION" Note="Description for Protector Army Formation. A formation is a layout of units that form an army. Armies of different formations receive different benefits.">
     <Text>A {TXT_TRM_LAND_NOICON} {TXT_TRM_FORMATION {#1}} comprised of 2 {TXT_TRM_ROLE_GUNPOWDER_INFANTRY} and 1 {TXT_TRM_ROLE_ARTILLERY} {TXT_TRM_UNIT {#2}}./n/nProvides a bonus of +10% {TXT_TRM_UNIT_STRENGTH_NO_ICON} while {TXT_UNT_ORDERED_FORTIFY}.</Text>
   </Line>

   <Line Key="TXT_FRM_SPECIAL_FORCES_DESCRIPTION" Note="Description for Special Forces Army Formation. A formation is a layout of units that form an army. Armies of different formations receive different benefits.">
     <Text>A {TXT_TRM_LAND_NOICON} {TXT_TRM_FORMATION {#1}} comprised of 2 {TXT_TRM_ROLE_MODERN_INFANTRY} and 1 {TXT_TRM_ROLE_ARMOR} {TXT_TRM_UNIT {#2}}./n/nProvides a bonus of +15% {TXT_TRM_UNIT_STRENGTH_NO_ICON}.</Text>
   </Line>

	<Line Key="TXT_FRM_CRESCENT_DESCRIPTION" Note="Description for Crescent Army Formation. A formation is a layout of units that form an army. Armies of different formations receive different benefits.">
	  <Text>A {TXT_TRM_LAND_NOICON} {TXT_TRM_FORMATION {#1}} comprised of 4 slots./n/nProvides no bonuses, but can accept any military {TXT_TRM_UNIT {#1}}.</Text>
	</Line>

    <Line Key="TXT_FRM_LEGION_DESCRIPTION" Note="Description for Legion Army Formation. A formation is a layout of units that form an army. Armies of different formations receive different benefits.">
      <Text>A {TXT_TRM_LAND_NOICON} {TXT_TRM_FORMATION {#1}} comprised of 4 slots./n/nProvides no bonuses, but can accept any military {TXT_TRM_UNIT {#1}}.</Text>
    </Line>

    <Line Key="TXT_FRM_SHIELD_WALL_DESCRIPTION" Note="Description for Shield Wall Army Formation. A formation is a layout of units that form an army. Armies of different formations receive different benefits.">
      <Text>A {TXT_TRM_LAND_NOICON} {TXT_TRM_FORMATION {#1}} comprised of 3 {TXT_TRM_ROLE_MELEE_INFANTRY} and 1 {TXT_TRM_ROLE_PROJECTILE} {TXT_TRM_UNIT {#2}}./n/nProvides a bonus of +10% {TXT_TRM_UNIT_STRENGTH_NO_ICON} while {TXT_UNT_ORDERED_FORTIFY}.</Text>
    </Line>

    <Line Key="TXT_FRM_PHALANX_DESCRIPTION" Note="Description for Phalanx Army Formation. A formation is a layout of units that form an army. Armies of different formations receive different benefits.">
      <Text>A {TXT_TRM_LAND_NOICON} {TXT_TRM_FORMATION {#1}} comprised of 4 {TXT_TRM_ROLE_MELEE_INFANTRY} {TXT_TRM_UNIT {#2}}./n/nProvides a bonus of +10% {TXT_TRM_UNIT_STRENGTH_NO_ICON}.</Text>
    </Line>

    <Line Key="TXT_FRM_DIAMOND_DESCRIPTION" Note="Description for Diamond Army Formation. A formation is a layout of units that form an army. Armies of different formations receive different benefits.">
      <Text>A {TXT_TRM_LAND_NOICON} {TXT_TRM_FORMATION {#1}} comprised of a 1 {TXT_TRM_ROLE_MELEE_INFANTRY}, 2 {TXT_TRM_ROLE_PROJECTILE}, and 1 {TXT_TRM_ROLE_MELEE_CAVALRY} {TXT_TRM_UNIT {#2}}./n/nProvides a bonus of +10% {TXT_TRM_UNIT_STRENGTH_NO_ICON}.</Text>
    </Line>

    <Line Key="TXT_FRM_TORRENT_DESCRIPTION" Note="Description for Torrent Army Formation. A formation is a layout of units that form an army. Armies of different formations receive different benefits.">
      <Text>A {TXT_TRM_LAND_NOICON} {TXT_TRM_FORMATION {#1}} comprised of 2 {TXT_TRM_ROLE_GUNPOWDER_INFANTRY}, 1 {TXT_TRM_ROLE_GUN_CAVALRY}, and 1 {TXT_TRM_ROLE_ARTILLERY} {TXT_TRM_UNIT {#1}}./n/nProvides a bonus of +10% {TXT_TRM_UNIT_STRENGTH_NO_ICON}.</Text>
    </Line>

    <Line Key="TXT_FRM_STRIKE_DESCRIPTION" Note="Description for Strike Army Formation. A formation is a layout of units that form an army. Armies of different formations receive different benefits.">
      <Text>A {TXT_TRM_LAND_NOICON} {TXT_TRM_FORMATION {#1}} comprised of 2 {TXT_TRM_ROLE_MODERN_INFANTRY} and 2 {TXT_TRM_ROLE_ARMOR} {TXT_TRM_UNIT {#2}}./n/nProvides a bonus of +10% {TXT_TRM_UNIT_STRENGTH_NO_ICON}.</Text>
    </Line>

	<Line Key="TXT_FRM_ECHELON_DESCRIPTION" Note="Description for Echelon Army Formation. A formation is a layout of units that form an army. Armies of different formations receive different benefits.">
	  <Text>A {TXT_TRM_LAND_NOICON} {TXT_TRM_FORMATION {#1}} comprised of 2 {TXT_TRM_ROLE_MELEE_INFANTRY} and 3  {TXT_TRM_ROLE_PROJECTILE} {TXT_TRM_UNIT {#2}}./n/nProvides a bonus of +10% {TXT_TRM_UNIT_STRENGTH_NO_ICON}.</Text>
	</Line>

	<Line Key="TXT_FRM_SQUARE_DESCRIPTION" Note="Description for Square Army Formation. A formation is a layout of units that form an army. Armies of different formations receive different benefits.">
	  <Text>A {TXT_TRM_LAND_NOICON} {TXT_TRM_FORMATION {#1}} comprised of 2 {TXT_TRM_ROLE_MELEE_CAVALRY} and 2 {TXT_TRM_ROLE_PROJECTILE} {TXT_TRM_UNIT {#2}}./n/nProvides a bonus of +10% {TXT_TRM_UNIT_STRENGTH_NO_ICON}.</Text>
	</Line>

	<Line Key="TXT_FRM_BRIGADE_DESCRIPTION" Note="Description for Brigade Army Formation. A formation is a layout of units that form an army. Armies of different formations receive different benefits.">
	  <Text>A {TXT_TRM_LAND_NOICON} {TXT_TRM_FORMATION {#1}} comprised of 5 slots./n/nProvides no bonuses, but can accept any military {TXT_TRM_UNIT {#1}}.</Text>
	</Line>

	<Line Key="TXT_FRM_FUNNEL_DESCRIPTION" Note="Description for Funnel Army Formation. A formation is a layout of units that form an army. Armies of different formations receive different benefits.">
	  <Text>A {TXT_TRM_LAND_NOICON} {TXT_TRM_FORMATION {#1}} comprised of 4 {TXT_TRM_ROLE_GUNPOWDER_INFANTRY} and 1 {TXT_TRM_ROLE_ARTILLERY} {TXT_TRM_UNIT {#2}}./n/nProvides a bonus of +10% {TXT_TRM_UNIT_STRENGTH_NO_ICON}.</Text>
	</Line>

	<Line Key="TXT_FRM_CROSS_DESCRIPTION" Note="Description for Cross Army Formation. A formation is a layout of units that form an army. Armies of different formations receive different benefits.">
	  <Text>A {TXT_TRM_LAND_NOICON} {TXT_TRM_FORMATION {#1}} comprised of 5 slots./n/nProvides a bonus of +28 {TXT_TRM_UNIT_STRENGTH_NO_ICON}.</Text>
	</Line>

	<Line Key="TXT_FRM_TRAPEZOID_DESCRIPTION" Note="Description for Trapezoid Army Formation. A formation is a layout of units that form an army. Armies of different formations receive different benefits.">
	  <Text>A {TXT_TRM_LAND_NOICON} {TXT_TRM_FORMATION {#1}} comprised of 6 slots./n/nProvides a bonus of +15 {TXT_TRM_UNIT_STRENGTH_NO_ICON}.</Text>
	</Line>

	<Line Key="TXT_FRM_FLYING_COLUMN_DESCRIPTION" Note="Description for Flying Column Army Formation. A formation is a layout of units that form an army. Armies of different formations receive different benefits.">
	  <Text>A {TXT_TRM_LAND_NOICON} {TXT_TRM_FORMATION {#1}} comprised of 6 slots./n/nProvides a bonus of +44 {TXT_TRM_UNIT_STRENGTH_NO_ICON}.</Text>
	</Line>

    <Line Key="TXT_FRM_FLYING_VEE_DESCRIPTION" Note="Description for Flying Vee Army Formation. A formation is a layout of units that form an army. Armies of different formations receive different benefits.">
      <Text>A {TXT_TRM_LAND_NOICON} {TXT_TRM_FORMATION {#1}} comprised of 5 {TXT_TRM_ROLE_MELEE_CAVALRY} {TXT_TRM_UNIT {#2}}./n/nProvides a bonus of +10% {TXT_TRM_UNIT_STRENGTH_NO_ICON}.</Text>
    </Line>

    <Line Key="TXT_FRM_FUSION_DESCRIPTION" Note="Description for Fusion Army Formation. A formation is a layout of units that form an army. Armies of different formations receive different benefits.">
	  <Text>A {TXT_TRM_LAND_NOICON} {TXT_TRM_FORMATION {#1}} comprised of 2 {TXT_TRM_ROLE_MODERN_INFANTRY}, 1 {TXT_TRM_ROLE_ARTILLERY}, and 2  {TXT_TRM_ROLE_ARMOR} {TXT_TRM_UNIT {#2}}./n/nProvides a bonus of +10% {TXT_TRM_UNIT_STRENGTH_NO_ICON}.</Text>
    </Line>

	<Line Key="TXT_FRM_SIEGE_BATTERY_DESCRIPTION" Note="Description for Siege Battery Army Formation. A formation is a layout of units that form an army. Armies of different formations receive different benefits.">
	  <Text>A {TXT_TRM_LAND_NOICON} {TXT_TRM_FORMATION {#1}} comprised of 6 slots./n/nProvides a bonus of +48 {TXT_TRM_UNIT_STRENGTH_NO_ICON}.</Text>
	</Line>

	<Line Key="TXT_FRM_DIVISION_DESCRIPTION" Note="Description for Division Army Formation. A formation is a layout of units that form an army. Armies of different formations receive different benefits.">
	  <Text>A {TXT_TRM_LAND_NOICON} {TXT_TRM_FORMATION {#1}} comprised of 6 slots./n/nProvides a bonus of +11 {TXT_TRM_UNIT_STRENGTH_NO_ICON}.</Text>
	</Line>

    <Line Key="TXT_FRM_SWARM_DESCRIPTION" Note="Description for Swarm Army Formation. A formation is a layout of units that form an army. Armies of different formations receive different benefits.">
	  <Text>A {TXT_TRM_LAND_NOICON} {TXT_TRM_FORMATION {#1}} comprised of 2 {TXT_TRM_ROLE_GUNPOWDER_INFANTRY}, 2 {TXT_TRM_ROLE_GUN_CAVALRY}, and 2 {TXT_TRM_ROLE_ARTILLERY} {TXT_TRM_UNIT {#2}}./n/nProvides a bonus of +10% {TXT_TRM_UNIT_STRENGTH_NO_ICON}.</Text>
    </Line>

    <Line Key="TXT_FRM_COALITION_DESCRIPTION" Note="Description for Coalition Army Formation. A formation is a layout of units that form an army. Armies of different formations receive different benefits.">
	  <Text>A {TXT_TRM_LAND_NOICON} {TXT_TRM_FORMATION {#1}} comprised of 3 {TXT_TRM_ROLE_MODERN_INFANTRY}, 2 {TXT_TRM_ROLE_ARMOR}, and 1 {TXT_TRM_ROLE_ARTILLERY} {TXT_TRM_UNIT {#2}}./n/nProvides a bonus of +10% {TXT_TRM_UNIT_STRENGTH_NO_ICON}.</Text>
    </Line>

    <Line Key="TXT_FRM_COLUMN_DESCRIPTION" Note="Description for Column Army Formation. A formation is a layout of units that form an army. Armies of different formations receive different benefits.">
	  <Text>A {TXT_TRM_LAND_NOICON} {TXT_TRM_FORMATION {#1}} comprised of 2 {TXT_TRM_ROLE_MODERN_INFANTRY}, 2 {TXT_TRM_ROLE_ARTILLERY}, and 2  {TXT_TRM_ROLE_ARMOR} {TXT_TRM_UNIT {#2}}./n/nProvides a bonus of +10% {TXT_TRM_UNIT_STRENGTH_NO_ICON}.</Text>
    </Line>

	<Line Key="TXT_FRM_PICKET_DESCRIPTION" Note="Description for Picket Army Formation. A formation is a layout of units that form an army. Armies of different formations receive different benefits.">
	  <Text>A {TXT_TRM_LAND_NOICON} {TXT_TRM_FORMATION {#1}} comprised of 3 {TXT_TRM_ROLE_GUNPOWDER_INFANTRY}, 1 {TXT_TRM_ROLE_GUN_CAVALRY}, and 1 {TXT_TRM_ROLE_ARTILLERY} {TXT_TRM_UNIT {#2}}./n/nProvides a bonus of +10% {TXT_TRM_UNIT_STRENGTH_NO_ICON}.</Text>
    </Line>

	<Line Key="TXT_FRM_RECON_DESCRIPTION" Note="Description for Recon Army Formation. A formation is a layout of units that form an army. Armies of different formations receive different benefits.">
	  <Text>A {TXT_TRM_LAND_NOICON} {TXT_TRM_FORMATION {#1}} comprised of 6 slots./n/nProvides a bonus of +60 {TXT_TRM_UNIT_STRENGTH_NO_ICON}.</Text>
	</Line>

	<Line Key="TXT_FRM_BLITZ_DESCRIPTION" Note="Description for Blitz Army Formation. A formation is a layout of units that form an army. Armies of different formations receive different benefits.">
	  <Text>A {TXT_TRM_LAND_NOICON} {TXT_TRM_FORMATION {#1}} comprised of 6 {TXT_TRM_ROLE_ARMOR} {TXT_TRM_UNIT {#2}}./n/nProvides a bonus of +10% {TXT_TRM_UNIT_STRENGTH_NO_ICON}.</Text>
	</Line>

	<Line Key="TXT_FRM_BARRAGE_DESCRIPTION" Note="Description for Barrage Army Formation. A formation is a layout of units that form an army. Armies of different formations receive different benefits.">
	  <Text>A {TXT_TRM_LAND_NOICON} {TXT_TRM_FORMATION {#1}} comprised of 7 slots./n/nProvides a bonus of +85 {TXT_TRM_UNIT_STRENGTH_NO_ICON}.</Text>
	</Line>

	<Line Key="TXT_FRM_SCREEN_DESCRIPTION" Note="Description for Screen Army Formation. A formation is a layout of units that form an army. Armies of different formations receive different benefits.">
	  <Text>A {TXT_TRM_LAND_NOICON} {TXT_TRM_FORMATION {#1}} comprised of 7 slots./n/nProvides a bonus of +17 {TXT_TRM_UNIT_STRENGTH_NO_ICON}.</Text>
	</Line>

	<Line Key="TXT_FRM_LADDER_DESCRIPTION" Note="Description for Ladder Army Formation. A formation is a layout of units that form an army. Armies of different formations receive different benefits.">
	  <Text>A {TXT_TRM_LAND_NOICON} {TXT_TRM_FORMATION {#1}} comprised of 7 slots./n/nProvides a bonus of +120 {TXT_TRM_UNIT_STRENGTH_NO_ICON}.</Text>
	</Line>

	<Line Key="TXT_FRM_HELI_SQUAD_DESCRIPTION" Note="Description for Heli Squad Army Formation. A formation is a layout of units that form an army. Armies of different formations receive different benefits.">
	  <Text>A {TXT_TRM_LAND_NOICON} {TXT_TRM_FORMATION {#1}} comprised of 5 slots./n/nProvides a bonus of +80 {TXT_TRM_UNIT_STRENGTH_NO_ICON}.</Text>
	</Line>

	<Line Key="TXT_FRM_VESSEL_DESCRIPTION" Note="Description for Vessel Army Formation. A formation is a layout of units that form an army. Armies of different formations receive different benefits.">
	  <Text>A {TXT_TRM_NAVIES_NOICON} {TXT_TRM_FORMATION {#1}} comprised of 1 slot./n/nProvides no bonuses, but can accept any {TXT_UNIT_SEA} {TXT_TRM_UNIT {#1}}.</Text>
	</Line>

	  <Line Key="TXT_FRM_PATROL_DESCRIPTION" Note="Description for Patrol Army Formation. A formation is a layout of units that form an army. Armies of different formations receive different benefits.">
      <Text>A {TXT_TRM_NAVIES_NOICON} {TXT_TRM_FORMATION {#1}} comprised of 2 slots./n/nProvides no bonuses, but can accept any {TXT_UNIT_SEA} {TXT_TRM_UNIT {#1}}.</Text>
    </Line>

	<Line Key="TXT_FRM_SQUADRON_DESCRIPTION" Note="Description for Squadron Army Formation. A formation is a layout of units that form an army. Armies of different formations receive different benefits.">
	  <Text>A {TXT_TRM_NAVIES_NOICON} {TXT_TRM_FORMATION {#1}} comprised of 3 slots./n/nProvides no bonuses, but can accept any {TXT_UNIT_SEA} {TXT_TRM_UNIT {#1}}.</Text>
	</Line>

	<Line Key="TXT_FRM_FLOTILLA_DESCRIPTION" Note="Description for Flotilla Army Formation. A formation is a layout of units that form an army. Armies of different formations receive different benefits.">
      <Text>A {TXT_TRM_NAVIES_NOICON} {TXT_TRM_FORMATION {#1}} comprised of 4 slots./n/nProvides no bonuses, but can accept any {TXT_UNIT_SEA} {TXT_TRM_UNIT {#1}}.</Text>
    </Line>

	<Line Key="TXT_FRM_ARMADA_DESCRIPTION" Note="Description for Armada Army Formation. A formation is a layout of units that form an army. Armies of different formations receive different benefits.">
	  <Text>A {TXT_TRM_NAVIES_NOICON} {TXT_TRM_FORMATION {#1}} comprised of 5 slots./n/nProvides no bonuses, but can accept any {TXT_UNIT_SEA} {TXT_TRM_UNIT {#1}}.</Text>
	</Line>

	<Line Key="TXT_FRM_TASK_FORCE_DESCRIPTION" Note="Description for Task Force Army Formation. A formation is a layout of units that form an army. Armies of different formations receive different benefits.">
	  <Text>A {TXT_TRM_NAVIES_NOICON} {TXT_TRM_FORMATION {#1}} comprised of 5 slots./n/nProvides no bonuses, but can accept any {TXT_UNIT_SEA} {TXT_TRM_UNIT {#1}}.</Text>
	</Line>

	<Line Key="TXT_FRM_WOLFPACK_DESCRIPTION" Note="Description for Wolfpack Army Formation. A formation is a layout of units that form an army. Armies of different formations receive different benefits.">
	  <Text>A {TXT_TRM_NAVIES_NOICON} {TXT_TRM_FORMATION {#1}} comprised of 6 slots./n/nProvides a bonus of +70 {TXT_TRM_UNIT_STRENGTH_NO_ICON}.</Text>
	</Line>

	<Line Key="TXT_FRM_CONVOY_DESCRIPTION" Note="Description for Convoy Army Formation. A formation is a layout of units that form an army. Armies of different formations receive different benefits.">
	  <Text>A {TXT_TRM_NAVIES_NOICON} {TXT_TRM_FORMATION {#1}} comprised of 6 slots./n/nProvides a bonus of +85 {TXT_TRM_UNIT_STRENGTH_NO_ICON}.</Text>
	</Line>

	<Line Key="TXT_FRM_FLOATING_FORTRESS_DESCRIPTION" Note="Description for Floating Fortress Army Formation. A formation is a layout of units that form an army. Armies of different formations receive different benefits.">
	  <Text>A {TXT_TRM_NAVIES_NOICON} {TXT_TRM_FORMATION {#1}} comprised of 7 slots./n/nProvides a bonus of +100 {TXT_TRM_UNIT_STRENGTH_NO_ICON}.</Text>
	</Line>

	<Line Key="TXT_FRM_FLEET_DESCRIPTION" Note="Description for Fleet Army Formation. A formation is a layout of units that form an army. Armies of different formations receive different benefits.">
	  <Text>A {TXT_TRM_NAVIES_NOICON} {TXT_TRM_FORMATION {#1}} comprised of 7 slots./n/nProvides a bonus of +120 {TXT_TRM_UNIT_STRENGTH_NO_ICON}.</Text>
	</Line>

	<Line Key="TXT_FRM_VEE_DESCRIPTION" Note="Description for Vee Army Formation. A formation is a layout of units that form an army. Armies of different formations receive different benefits.">
      <Text>An {TXT_TRM_AIR_NOICON} {TXT_TRM_FORMATION {#1}} comprised of 3 slots./n/nProvides a bonus of +50 {TXT_TRM_UNIT_STRENGTH_NO_ICON}.</Text>
    </Line>

    <Line Key="TXT_FRM_SORTIE_DESCRIPTION" Note="Description for Sortie Army Formation. A formation is a layout of units that form an army. Armies of different formations receive different benefits.">
      <Text>An {TXT_TRM_AIR_NOICON} {TXT_TRM_FORMATION {#1}} comprised of 1 slot. </Text>
    </Line>

    <Line Key="TXT_FRM_ESCORT_DESCRIPTION" Note="Description for Escort Army Formation. A formation is a layout of units that form an army. Armies of different formations receive different benefits.">
      <Text>An {TXT_TRM_AIR_NOICON} {TXT_TRM_FORMATION {#1}} comprised of 2 slots. </Text>
    </Line>

    <Line Key="TXT_FRM_WING_DESCRIPTION" Note="Description for Wing Army Formation. A formation is a layout of units that form an army. Armies of different formations receive different benefits.">
      <Text>An {TXT_TRM_AIR_NOICON} {TXT_TRM_FORMATION {#1}} comprised of 3 slots. </Text>
    </Line>
      
    <Line Key="TXT_FRM_SHIELD_DESCRIPTION" Note="Description for Shield Army Formation. A formation is a layout of units that form an army. Armies of different formations receive different benefits.">
	  <Text>An {TXT_TRM_AIR_NOICON} {TXT_TRM_FORMATION {#1}} comprised of 4 slots./n/nProvides a bonus of +75 {TXT_TRM_UNIT_STRENGTH_NO_ICON}.</Text>
	</Line>

	<Line Key="TXT_FRM_TERCIO_DESCRIPTION" Note="Description for Tercio Army Formation. A formation is a layout of units that form an army. Armies of different formations receive different benefits.">
      <Text>A {TXT_TRM_LAND_NOICON} {TXT_TRM_FORMATION {#1}} comprised of 5 slots./n/nProvides no bonuses, but can accept any {TXT_UNIT_LAND} {TXT_TRM_UNIT {#2}}.</Text>
  	</Line>

    <Line Key="TXT_FRM_NO_REGION" Note="Description for tooltip that the player's nation doesn't have any provinces that are adjacent to water">
      <Text>You cannot create a {TXT_TRM_ARMY {#1}} of this type/n/nYou need a {TXT_TRM_CITY {#1}} adjacent to water with a {TXT_IMP_DOCKS} {TXT_TRM_IMPROVEMENT {#1}}</Text>
    </Line>

    <Line Key="TXT_FRM_NO_AIRBASE" Note="Description for tooltip that the player's nation doesn't have any airbases">
      <Text>You cannot create a {TXT_TRM_ARMY {#1}} of this type/n/nYou need a {TXT_TRM_CITY {#1}} with a {TXT_IMP_AIR_FORCE_BASE} {TXT_TRM_IMPROVEMENT {#1}}</Text>
    </Line>

  </Locale>
</GameText>
