<?xml version="1.0" encoding="UTF-8"?>
<GameText>
<!--The Note attribute is a non game-facing field giving more context to the translator.  -->
  <Locale ID="en">
      
      <!-- Government Name Keys -->
      
      <Line Key="TXT_GVT_CHIEFDOM" Note="Name for Chiefdom Government which recognizes an individual or group as having a leadership role." Gender="other">
          <Text>Chiefdom|Chiefdoms</Text>
          <Plurality>1|other</Plurality>
      </Line>

      <Line Key="TXT_GVT_THEOCRACY" Note="Name for Theocracy Government where the leadership derives their authority from divine guidance." Gender="other">
          <Text>Theocracy|Theocracies</Text>
          <Plurality>1|other</Plurality>
      </Line>
      <Line Key="TXT_GVT_MONARCHY" Note="Name for Monarchy Government where leadership authority is vested in an individual ruler." Gender="other">
          <Text>Monarchy|Monarchies</Text>
          <Plurality>1|other</Plurality>
      </Line>

      <Line Key="TXT_GVT_AUTOCRACY" vowel="y" Note="Name for Autocracy Government where unchecked power is vested in an individual." Gender="other">
          <Text>Autocracy|Autocracies</Text>
          <Plurality>1|other</Plurality>
      </Line>

      <Line Key="TXT_GVT_EMPIRE" vowel="y" Note="Name for Empire Government where the soverign authority has control of a large territory or territories." Gender="other">
          <Text>Empire|Empires</Text>
          <Plurality>1|other</Plurality>
      </Line>

      <Line Key="TXT_GVT_REPUBLIC" Note="Name for Republic Government where the state is governed by representives of the citizens." Gender="other">
          <Text>Republic|Republics</Text>
          <Plurality>1|other</Plurality>
      </Line>

      <Line Key="TXT_GVT_DIRECT_DEMOCRACY" Note="Name for Direct Democracy Government where the state is governed by the direct participation of citizens in decision making." Gender="other">
          <Text>Direct Democracy|Direct Democracies</Text>
          <Plurality>1|other</Plurality>
      </Line>

      <Line Key="TXT_GVT_FEUDALIST" Note="Name for Feudalist Government where power in medieval Europe was based on the relationships between lords and their vassals." Gender="other">
          <Text>Feudalist|Feudalists</Text>
          <Plurality>1|other</Plurality>
      </Line>

      <Line Key="TXT_GVT_COMMUNIST_STATE" Note="Name for Communist State Government where the state owns the means of production and everyone benefits equally from the labors of all." Gender="other">
          <Text>Communist State|Communist States</Text>
          <Plurality>1|other</Plurality>
      </Line>

      <Line Key="TXT_GVT_FASCIST_STATE" Note="Name for Fascist State Government which emphasizes the superiority of the nation over individuals." Gender="other">
          <Text>Fascist State|Fascist States</Text>
          <Plurality>1|other</Plurality>
      </Line>

      <!-- Government Description Keys -->

      <Line Key="TXT_GVT_DESC_CHIEFDOM" Note="Chiefdom Government description">
          <Text>The starting Government, Chiefdom, doesn't confer any bonuses.</Text>
      </Line>

      <Line Key="TXT_GVT_DESC_THEOCRACY" Note="Theocracy Government description">
          <Text>A Theocracy is ruled by priests in the name of the Deity. Increases religious spread from your capital.</Text>
      </Line>

      <Line Key="TXT_GVT_DESC_MONARCHY" Note="Monarchy Government description">
          <Text>Power is vested in a single ruler. Upon death, power passes to an heir. Capital city is the focus of your nation.</Text>
      </Line>

      <Line Key="TXT_GVT_DESC_AUTOCRACY" Note="Autocracy Government description">
          <Text>All the political power is held by one person. Emphasizes larger force counts.</Text>
      </Line>

      <Line Key="TXT_GVT_DESC_EMPIRE" Note="Empire Government description">
          <Text>An Empire controls colonies and tributary states resulting in higher city counts at the cost of lower production.</Text>
      </Line>

      <Line Key="TXT_GVT_DESC_REPUBLIC" Note="Republic Government description">
          <Text>Representatives, elected by the people, run the Nation. Focuses on greater research for your nation.</Text>
      </Line>

      <Line Key="TXT_GVT_DESC_DIRECT_DEMOCRACY" Note="Direct Democracy Government description">
          <Text>The Nation's people control the Government through direct vote. Focuses on wealth production.</Text>
      </Line>

      <Line Key="TXT_GVT_DESC_FEUDALIST" Note="Feudalist Government description">
          <Text>The Nation is run by a hereditary class of landowners holding military power. Provides greater security and better harvest production.</Text>
      </Line>

      <Line Key="TXT_GVT_DESC_COMMUNIST_STATE" Note="Communist State Government description">
          <Text>In a Communist State the people share ownership of property and industry. The people are more content but research is stifled.</Text>
      </Line>

      <Line Key="TXT_GVT_DESC_FASCIST_STATE" Note="Fascist State Government description">
          <Text>The Leader personally controls the Nation's Government, military and industry. The military is more effective at home and can carry out more types of war.</Text>
      </Line>
  </Locale>
</GameText>
