
<GameText>
	<!--This file is for help rollovers on the interface-->
<!--The Note attribute is a non game-facing field giving more context to the translator. -->
  <Locale ID="en">

      <!--*******************************************************************************************

       ...............................              PANELS        .............................

       *********************************************************************************************-->
      <Line Key="TXT_HELP_CITY_PANEL_IMPROVEMENTS_TITLE" Note="">
          <Text>{TXT_CITY_MANAGEMENT_HEADER}</Text>
      </Line>
      <Line Key="TXT_HELP_CITY_PANEL_IMPROVEMENTS" Note="">
          <Text>Cities comprise various regions, each potentially hosting several subdivisions known as Zones. Within these Zones, a range of improvements can be initiated to harvest resources, educate citizens, craft goods, and undertake additional activities. Notably, the majority of these improvements are city-based./n/nThe panel presented here categorizes improvements by region. Should a region feature an unoccupied slot, it presents an opportunity to add a new improvement. These slots also highlight any resources present, guiding you to select an improvement that can effectively harvest these resources./n/nThe role of specialists is crucial in enhancing the efficiency of improvements. Each improvement is marked with a specialist Symbol (XX) and an Upgrading Arrow (^). Deploying a specialist is as simple as clicking on this symbol. The arrow signifies the ability to upgrade the improvement, thereby accommodating more specialists./n/nFor further insights into any specific improvement, a simple click will suffice. This action not only reveals detailed information but also allows for the management of the improvement's crafting processes.</Text>
      </Line>
      <Line Key="TXT_HELP_CITY_PANEL_POP_OVERVIEW_TITLE" Note="">
          <Text>CITY POPULATION PANEL</Text>
      </Line>
      <Line Key="TXT_HELP_CITY_PANEL_POP_OVERVIEW" Note="">
          <Text>This Panel shows you the status of THIS CITY'S Population. (Check another City's Panel for info on their Citizens.) The Panel shows you how many Citizens live in this City, what they're producing, how Healthy, Wealthy, Happy, and so forth they are, as well as their Religion and Heritage. Put your cursor on the title of each section for more details.</Text>
      </Line>
      <Line Key="TXT_HELP_CITY_PANEL_POP_TITLE" Note="">
          <Text>CITIZENS AND PRODUCTION</Text>
      </Line>
      <Line Key="TXT_HELP_CITY_PANEL_POP" Note="">
          <Text>This Section tells you how many citizens are in this City, and how much of the "Common Resources" are produced here. The green numbers tell you the change from last Turn. Run your Cursor over them to find out where the change is coming from.</Text>
      </Line>
            <Line Key="TXT_HELP_CITY_PANEL_STATS_TITLE" Note="">
          <Text>QUALITY OF LIFE</Text>
      </Line>
      <Line Key="TXT_HELP_CITY_PANEL_STATS" Note="">
          <Text>Citizen's Quality of Life "Stats"— {TXT_TRM_HAPPINESS}, {TXT_TRM_HEALTH}, {TXT_TRM_WEALTH}, {TXT_TRM_EDUCATION}, and {TXT_TRM_AESTHETICS}— are measured numerically, from 0 to 100. Each stat provides a unique bonus to its {TXT_TRM_CITY} when it measures at 60 or above, or applies a penalty to the {TXT_TRM_CITY} when 40 or below./n/nTaking care of your citizens is a winning strategy! In addition to the unique bonuses for each stat, you'll earn more {TXT_TRM_PRESTIGE} and {TXT_TRM_GOLDEN_AGE_POINT {2}} each {TXT_TRM_TURN {#1}} the higher the average {TXT_QUALITY_OF_LIFE_STATS_NAME} are across all your {TXT_TRM_CITY {2}}./n/nYou can increase Quality of Life stats by building certain {TXT_TRM_IMPROVEMENT {#2}}, consuming {TXT_TRM_CONSUME {#2}} in your {TXT_TRM_CITY {#2}}, or more broadly from {TXT_TRM_GOVERNMENT} effects, {TXT_TRM_ADVISER} bonuses, or {TXT_TRM_RELIGION} {TXT_TRM_VERSE {#2}}.</Text>
      </Line>
    <Line Key="TXT_HELP_CITY_PANEL_RELIGION_TITLE" Note="">
          <Text>CITIZEN RELIGION</Text>
      </Line>
      <Line Key="TXT_HELP_CITY_PANEL_RELIGION" Note="">
          <Text>You unlock Religion by constructing an Improvement (usually the Altar). Once that is constructed, open the Religion Panel (the Tab with Praying Hands) on the Main Screen./n/nOn this panel you first choose a Religion, then on the next Turn choose a "Verse" which will give your Nation bonuses. You get more verses and bonuses as you build more Religious Improvements and Triumphs./n/nYou can spread your Religion to other Nations by building Improvements and Triumphs, and, more actively, by building Religious Units to go out and convert the non-believers. Meanwhile other Nations will be doing the same to your Citizens. You get a Prestige bonus for each Nation following your Religion at the end of the game.</Text>
      </Line>
    <Line Key="TXT_HELP_CITY_PANEL_GROWTH_TITLE" Note="">
          <Text>CITY TIER</Text>
      </Line>
      <Line Key="TXT_HELP_CITY_PANEL_GROWTH" Note="">
          <Text>This Section tracks your current {TXT_CITY_TIER}. Increasing the {TXT_TRM_POPULATION} of a {TXT_TRM_CITY} will raise the {TXT_CITY_TIER}. A {TXT_TRM_CITY} has a maximum Level equal to the {TXT_TRM_HOUSING} of the {TXT_TRM_CITY}./n/nHitting a new {TXT_CITY_TIER} can grant an additional {TXT_TRM_CLAIM {2}} or {TXT_TRM_WORKER {2}}, unlock a new {TXT_TRM_CONSUME {2}} Slot, and increases {TXT_TRM_PRODUCTION}. However, an increased {TXT_CITY_TIER} increases {TXT_TRM_FOOD} upkeep and lowers {TXT_TRM_CITIZEN_STATS} as the {TXT_TRM_POPULATION} increases and their needs become more complex.</Text>
      </Line>


      <!-- This is at present redacted because the city's Heritage has no effect on play, so the entry is going to be deleted from the city screen. We can put this back if they put Heritage back. 
      <Line Key="TXT_HELP_CITY_PANEL_HERITAGE_TITLE" Note="">
          <Text>CITIZEN HERITAGE</Text>
      </Line>
      <Line Key="TXT_HELP_CITY_PANEL_HERITAGE" Note="">
          <Text>This Panel lists the Citizens of this city's "Heritage" - where they come from. Are they Native or from another Nation or Settlement?</Text>
      </Line>
      -->

      <!--*******************************************************************************************
       ...............................              DIPLOMACY        .............................
       *********************************************************************************************-->
      <Line Key="TXT_HELP_DIPLO_PANEL_TRUSTED_ACTIONS_TITLE" Note="">
          <Text>TRUSTED ACTIONS</Text>
      </Line>
      <Line Key="TXT_HELP_DIPLO_PANEL_TRUSTED_ACTIONS" Note="">
          <Text>You can Propose an Alliance only if your Relationship with this leader is "Trusted." An Alliance with another Nation means that they will declare War against any Nation that attacks you, and you will do the same for them. It doesn't mean they'll declare war on people that YOU attack. Click on the button for details.</Text>
      </Line>
      <Line Key="TXT_HELP_DIPLO_PANEL_FRIENDLY_ACTIONS_TITLE" Note="">
          <Text>FRIENDLY ACTIONS</Text>
      </Line>
      <Line Key="TXT_HELP_DIPLO_PANEL_FRIENDLY_ACTIONS" Note="">
          <Text>You can Propose a Research Agreement if your relationship with this Leader is "Friendly" or better. A Research Agreement means that each participant gets additional choices of Technology, specifically Techs that one knows and the other doesn't. Click on the button for details.</Text>
      </Line>
      <Line Key="TXT_HELP_DIPLO_PANEL_NEUTRAL_ACTIONS_TITLE" Note="">
          <Text>NEUTRAL ACTIONS</Text>
      </Line>
      <Line Key="TXT_HELP_DIPLO_PANEL_NEUTRAL_ACTIONS" Note="">
          <Text>You can Propose a Trade Route if your relationship with the Leader is "Neutral" or better. A Trade Route allows you to trade one Good or Resource with that Leader for another. Click on the button for details.</Text>
      </Line>
      <Line Key="TXT_HELP_DIPLO_PANEL_DISTRUSTED_ACTIONS_TITLE" Note="">
          <Text>DISTRUSTED ACTIONS</Text>
      </Line>
      <Line Key="TXT_HELP_DIPLO_PANEL_DISTRUSTED_ACTIONS" Note="">
          <Text>You can Denounce if your relationship with the Leader is "{TXT_DIPLO_DISTRUST}" or better. Denouncing a Nation damages their relationship with all other Nations, but will be seen as a betrayal. Click on the button for details.</Text>
      </Line>
      <Line Key="TXT_HELP_DIPLO_PANEL_ENABLED_ACTIONS_TITLE" Note="">
          <Text>BASIC ACTIONS</Text>
      </Line>
      <Line Key="TXT_HELP_DIPLO_PANEL_ENABLED_ACTIONS" Note="">
          <Text>You can perform these Actions no matter what your relationship is with the other Leader. You can OFFER A GIFT to improve your relationship. You can MANAGE BORDERS AND CONNECTIONS and "Open Borders" to allow each other's Units to pass inside, or "Close Borders" to block entry. You can DECLARE WAR against the other Leader or NEGOTIATE PEACE if already at war. Click on each button for more details. (It's okay. You won't start a war or anything: that happens on a different screen.)</Text>
      </Line>
  </Locale>
</GameText>
