<?xml version="1.0" encoding="UTF-8"?>
<GameText>
    <!--The Note attribute is a non game-facing field giving more context to the translator. -->
    <!--This file is ONLY for test data used for testing things internaly. It's not for actual localization-->
    <Locale ID="en">
        <Line Key="TXT_SYSTEM_BELOW_REQUIREMENT">
            <Text>Your system is below the minimum requirements./n/nReason:/n/n</Text>
        </Line>
        <Line Key="TXT_INVALID_GPU">
            <Text>No Valid GPU or Driver Found capable of running the game. Please check that your GPU is at least Direct3D 12 capable, and that the driver is properly installed. You can also try re-installing the GPU Driver package for the installed graphics card.</Text>
        </Line>
        <Line Key="TXT_NO_CAPABLE_GPU">
            <Text>No Capable GPU</Text>
        </Line>
        <Line Key="TXT_INCOMPATIBLE_GPU_DRIVER">
            <Text>Incompatible GPU driver detected/n/nThe installed GPU driver for the selected GPU is older and known to have significant compatibility issues with the game. Please update the driver to play:/n/n</Text>
        </Line>
        <Line Key="TXT_INSUFFICIENT_GPU_MEMORY">
            <Text>Insufficient GPU memory detected for running the game./nMinimum Required: {0_GPUMemory} GB/n/n</Text>
        </Line>
        <Line Key="TXT_OUTDATED_GPU_DRIVER">
            <Text>Outdated GPU driver detected./n/nThe installed GPU driver for the selected GPU is older than recommended. Please update the driver for optimum compatibility:/n/n</Text>
        </Line>
        <Line Key="TXT_INSUFFICIENT_GPU_MODEL">
            <Text>GPU model is not in our list of known GPU hardware. It may be too old, or just one we have not tested with the game./n/n</Text>
        </Line>
        <Line Key="TXT_INSUFFICIENT_GPU_PERF_FACTOR">
            <Text>GPU is underpowered and does not have sufficient performance for running the game./n/n</Text>
        </Line>
        <Line Key="TXT_UNKNOWN_GPU_VENDOR">
            <Text>Unknown GPU detected for running the game./n/n</Text>
        </Line>
        <Line Key="TXT_SOFTWARE_EMULATED_GPU">
            <Text>  [SOFTWARE EMULATED GPU] {0_GPUName} 0x{1_GPUID}/n/n</Text>
        </Line>
        <Line Key="TXT_GPU_VENDOER_INTEL">
            <Text>  SELECTED GPU: {0_GPUName} {1_HardwareVersion}.{2_DriverVersion} 0x{3_GPUID}/n/n</Text>
        </Line>
        <Line Key="TXT_GPU_VENDOR_NVIDIA">
            <Text>  SELECTED GPU: {0_GPUName} {1_MajorVersion}.{2_MinorVersion} 0x{3_GPUID}/n/n</Text>
        </Line>
        <Line Key="TXT_GPU_VENDOR_AMD">
            <Text>  SELECTED GPU: {0_GPUName} {1_Product}.{2_Version}.{3_SubVersion}.{4_Build} 0x{5_GPUID}/n/n</Text>
        </Line>
        <Line Key="TXT_GPU_VENDOR_UNKNOWN">
            <Text>  [UNKNOWN GPU] {0_GPUName} 0x{1_GPUID}/n/n</Text>
        </Line>
        <Line Key="TXT_ALTERNATE_GPU_OPTION">
            <Text>Another GPU in the system was detected which may provide a better experience. Select [Continue] to startup using the Alternate GPU shown below, or [Exit] to exit the game./n/n</Text>
        </Line>
        <Line Key="TXT_ALTERNATE_GPU_DETAILS">
            <Text>  ALTERNATE GPU: {0_GPUName} 0x{1_GPUID}</Text>
        </Line>
        <Line Key="TXT_ALTERNATE_GPU_HEADER">
            <Text>Alternate GPU Found</Text>
        </Line>
        <Line Key="TXT_INSUFFICIENT_RAM">
            <Text>Insufficient RAM detected for running the game./nMinimum Required: {0_RAMSize} GB/n/n</Text>
        </Line>
        <Line Key="TXT_INSUFFICIENT_CPU_CORES">
            <Text>Insufficient CPU cores detected for running the game./nMinimum Required: {0_NumCores} Cores/n/n</Text>
        </Line>
        <Line Key="TXT_INSUFFICIENT_CPU_FEATURESET">
            <Text>Insufficient CPU feature set detected for running the game./nBitfield value for expected feature set: {0_FeatureSet}/n/n</Text>
        </Line>
        <Line Key="TXT_INVALID_WINDOWS_VERSION">
            <Text>Invalid Windows version detected for running the game./nMinimum version expected: {0_WindowsVersion}/n/n</Text>
        </Line>
        <Line Key="TXT_CONTINUE_NOT_RECOMMENDED_WARNING">
            <Text>You can select [Continue] below, but the game may not play correctly or could even crash. Select [Exit] to exit now.</Text>
        </Line>
        <Line Key="TXT_CONTINUE_WARNING">
            <Text>Select [Continue] below to run the game anyway. Select [Exit] to exit now.</Text>
        </Line>
        <Line Key="TXT_MIN_REQUIREMENTS_WARNING_HEADER">
            <Text>Minimum System Requirements Not Met</Text>
        </Line>

    </Locale>
</GameText>
