<?xml version="1.0" encoding="UTF-8"?>
<GameText>
<!--The Note attribute is a non game-facing field giving more context to the translator. Don't parse it. -->
  <Locale ID="en">

    <!--*******************************************************************************************
   .......................      Improvement Names and Nouns           .............................
   *********************************************************************************************-->
      <Line Key="TXT_IMP_ACADEMY" vowel="y" Note="Name for Academy improvement" Gender="other">
          <Text>Academy|Academies</Text>
          <Plurality>1|other</Plurality>
      </Line>

	  <Line Key="TXT_IMP_AIRCRAFT_FACTORY" vowel="y" Note="Name for Aircraft Factory improvement" Gender="other">
		  <Text>Aircraft Factory|Aircraft Factories</Text>
		  <Plurality>1|other</Plurality>
	  </Line>

      <Line Key="TXT_IMP_AIR_FORCE_ACADEMY_CHAPEL" vowel="y" Note="Name for Air Force Academy Chapel improvement" Gender="other">
          <Text>Air Force Academy Chapel</Text>
      </Line>

      <Line Key="TXT_IMP_AIR_FORCE_BASE" vowel="y" Note="Name for Air Force Base improvement" Gender="other">
          <Text>Air Force Base|Air Force Bases</Text>
          <Plurality>1|other</Plurality>
      </Line>

      <Line Key="TXT_IMP_AIRPORT" vowel="y" Note="Name for Airport improvement" Gender="other">
          <Text>Airport|Airports</Text>
          <Plurality>1|other</Plurality>
      </Line>

      <Line Key="TXT_IMP_AMPHITHEATER" vowel="y" Note="Name for Amphitheater improvement" Gender="other">
          <Text>Amphitheater|Amphitheaters</Text>
          <Plurality>1|other</Plurality>
      </Line>

      <Line Key="TXT_IMP_ANGKOR_WAT" vowel="y" Note="Name for Angkor Wat improvement" Gender="other">
          <Text>Angkor Wat</Text>
      </Line>

      <Line Key="TXT_IMP_APOTHECARY" vowel="y" Note="Name for Apothecary improvement" Gender="other">
          <Text>Apothecary|Apothecaries</Text>
          <Plurality>1|other</Plurality>
      </Line>

      <Line Key="TXT_IMP_ARCOLOGY" vowel="y" Note="Name for Arcology improvement" Gender="other">
          <Text>Arcology|Arcologies</Text>
          <Plurality>1|other</Plurality>
      </Line>

      <Line Key="TXT_IMP_ARENA" vowel="y" Note="Name for Arena improvement" Gender="other">
          <Text>Arena|Arenas</Text>
          <Plurality>1|other</Plurality>
      </Line>

      <Line Key="TXT_IMP_ARSENAL" vowel="y" Note="Name for Arsenal improvement" Gender="other">
          <Text>Arsenal|Arsenals</Text>
          <Plurality>1|other</Plurality>
      </Line>

      <Line Key="TXT_IMP_ARTISAN_STUDIO" vowel="y" Note="Name for Artisan Studio improvement" Gender="other">
          <Text>Artisan Studio|Artisan Studios</Text>
          <Plurality>1|other</Plurality>
      </Line>

      <Line Key="TXT_AUCTION_HOUSE" Note="Name for Auction House improvement">
            <Text>Auction House|Auction Houses</Text>
            <Plurality>1|other</Plurality>
        </Line>
        
        <Line Key="TXT_AUCTION_HOUSE_DESC" Note="Description for Auction House improvement">
            <Text>Auction House Description</Text>
        </Line>

      <Line Key="TXT_IMP_BAGGER_293" Note="Name for SRs 8000 Triumph" Gender="other">
          <Text>SRs 8000</Text>
      </Line>

      <Line Key="TXT_IMP_BAKERY" Note="Name for Bakery improvement">
            <Text>Bakery|Bakeries</Text>
            <Plurality>1|other</Plurality>
      </Line>

      <Line Key="TXT_IMP_BANK" Note="Name for Bank improvement " Gender="other">
          <Text>Central Bank|Central Banks</Text>
          <Plurality>1|other</Plurality>
      </Line>

      <Line Key="TXT_IMP_BARRACKS" Note="Name for Barracks improvement " Gender="other">
          <Text>Barracks</Text>
      </Line>

      <Line Key="TXT_IMP_BRANDENBURG_GATE" Note="Name for Brandenburg Gate improvement " Gender="other">
          <Text>The Brandenburg Gate</Text>
      </Line>

      <Line Key="TXT_IMP_BREWERY" Note="Name for Brewery improvement " Gender="other">
          <Text>Brewery|Breweries</Text>
          <Plurality>1|other</Plurality>
      </Line>

      <Line Key="TXT_IMP_BURJ_KHALIFA" Note="Name for Burj Khalifa Triumph" Gender="other">
          <Text>Burj Khalifa</Text>
      </Line>

      <Line Key="TXT_IMP_CAMP" Note="Name for Camp improvement " Gender="other">
          <Text>Hunting Camp|Camps</Text>
          <Plurality>1|other</Plurality>
      </Line>

      <Line Key="TXT_IMP_CASTLE" Note="Name for Castle improvement " Gender="other">
          <Text>Castle|Castles</Text>
          <Plurality>1|other</Plurality>
      </Line>

      <Line Key="TXT_IMP_CATHEDRAL" Note="Name for Cathedral improvement " Gender="other">
          <Text>Cathedral|Cathedrals</Text>
          <Plurality>1|other</Plurality>
      </Line>

      <Line Key="TXT_IMP_CEMETERY" Note="Name for Cemetery improvement " Gender="other">
          <Text>Cemetery|Cemeteries</Text>
          <Plurality>1|other</Plurality>
      </Line>

      <Line Key="TXT_IMP_CITADEL" Note="Name for Citadel improvement " Gender="other">
          <Text>Citadel|Citadels</Text>
          <Plurality>1|other</Plurality>
      </Line>

      <Line Key="TXT_IMP_CITY_HALL" Note="Name for City Hall improvement " Gender="other">
          <Text>City Hall|City Halls</Text>
          <Plurality>1|other</Plurality>
      </Line>

      <Line Key="TXT_IMP_CITY_WALLS" Note="Name for City Walls improvement " Gender="other">
          <Text>City Walls</Text>
      </Line>

      <Line Key="TXT_IMP_CLASSICAL_GARDENS_OF_SUZHOU" Note="Name for Classical Gardens of Suzhou improvement " Gender="other">
          <Text>The Classical Gardens of Suzhou</Text>
      </Line>

      <Line Key="TXT_IMP_CLINIC" Note="Name for Clinic improvement " Gender="other">
          <Text>Clinic|Clinics</Text>
          <Plurality>1|other</Plurality>
      </Line>
      
      <Line Key="TXT_IMP_COAL_POWER_PLANT" Note="Name for Coal Power Plant improvement" Gender="other">
          <Text>Power Plant|Power Plants</Text>
          <Plurality>1|other</Plurality>
      </Line>

      <Line Key="TXT_IMP_COBBLER" Note="Name for Cobbler improvement" Gender="other">
          <Text>Cobbler|Cobblers</Text>
          <Plurality>1|other</Plurality>
      </Line>


      <Line Key="TXT_IMP_GREAT_HEARTH" Note="Name for Great Hearth improvement" Gender="other">
            <Text>Great Hearth|Great Hearths</Text>
            <Plurality>1|other</Plurality>
      </Line>

        <Line Key="TXT_IMP_CEMENT_PLANT" Note="Name the Cement Plant" Gender="other">
            <Text>Cement Plant</Text>
        </Line>

        <Line Key="TXT_IMP_DESC_CEMENT_PLANT" Note="Description of the Cement Plant">
            <Text>The Cement Plant produces cement, a key ingredient in the construction of buildings and improvements.</Text>
        </Line>


       
        

  
        <Line Key="TXT_IMP_TAILOR" Note="Name for Tailor improvement" Gender="other">
            <Text>Tailor|Tailors</Text>
            <Plurality>1|other</Plurality>
         </Line>

        <Line Key="TXT_IMP_DESC_TAILOR" Note="Shopping Mall improvement description">
            <Text>The Tailor helps to craft a variety of textile items that can either be used as amenities for cities or as an ingredient in recipes.</Text>
        </Line>

      <Line Key="TXT_IMP_COFFEE_HOUSE" Note="Name for Coffee House improvement " Gender="other">
          <Text>Coffee House|Coffee Houses</Text>
          <Plurality>1|other</Plurality>
      </Line>

      <Line Key="TXT_IMP_COLOGNE_CATHEDRAL" Note="Name for Cologne Cathedral improvement " Gender="other">
          <Text>The Cologne Cathedral</Text>
      </Line>

      <Line Key="TXT_IMP_COLOSSEUM" Note="Name for Amphitheatre of El Jem improvement " Gender="other">
          <Text>Amphitheatre of El Jem</Text>
      </Line>

      <Line Key="TXT_IMP_COLOSSUS_OF_RHODES" Note="Name for Colossus of Rhodes improvement " Gender="other">
          <Text>The Colossus of Rhodes</Text>
      </Line>
      
      <Line Key="TXT_IMP_COMMUNITY_GARDEN" Note="Name for Community Garden improvement" Gender="other">
          <Text>Community Garden|Community Gardens</Text>
          <Plurality>1|other</Plurality>
      </Line>

      <Line Key="TXT_IMP_COURTHOUSE" Note="Name for Courthouse improvement " Gender="other">
          <Text>Courthouse|Courthouses</Text>
          <Plurality>1|other</Plurality>
      </Line>

      <Line Key="TXT_IMP_CUSTOMS_HOUSE" Note="Name for Customs House improvement " Gender="other">
          <Text>Customs House|Customs Houses</Text>
          <Plurality>1|other</Plurality>
      </Line>

      <Line Key="TXT_IMP_DATA_CENTER" Note="Name for Data Center improvement" Gender="other">
          <Text>Data Center|Data Centers</Text>
          <Plurality>1|other</Plurality>
      </Line>

      <Line Key="TXT_IMP_DISTILLERY" Note="Name for Distillery improvement " Gender="other">
          <Text>Distillery|Distilleries</Text>
          <Plurality>1|other</Plurality>
      </Line>

      <Line Key="TXT_IMP_DRYDOCK" Note="Name for Drydock improvement " Gender="other">
          <Text>Drydock|Drydocks</Text>
          <Plurality>1|other</Plurality>
      </Line>

      <Line Key="TXT_IMP_DOCKS" Note="Name for Docks improvement " Gender="other">
          <Text>Docks</Text>
      </Line>

      <Line Key="TXT_IMP_EIFFEL_TOWER" Note="Name for Eiffel Tower Triumph" Gender="other">
          <Text>Eiffel Tower</Text>
      </Line>

      <Line Key="TXT_IMP_EMBASSY" vowel="y" Note="Name for Embassy improvement" Gender="other">
          <Text>Embassy|Embassies</Text>
          <Plurality>1|other</Plurality>
      </Line>

      <Line Key="TXT_IMP_EXHIBITION_HALL" vowel="y" Note="Name for Exhibition Hall improvement" Gender="other">
          <Text>Exhibition Hall|Exhibition Halls</Text>
          <Plurality>1|other</Plurality>
      </Line>

      <Line Key="TXT_IMP_FACTORY" Note="Name for Factory improvement" Gender="other">
          <Text>Factory|Factories</Text>
          <Plurality>1|other</Plurality>
      </Line>

      <Line Key="TXT_IMP_FARM" Note="Name for Farm improvement " Gender="other">
          <Text>Farm|Farms</Text>
          <Plurality>1|other</Plurality>
      </Line>

      <Line Key="TXT_IMP_DWELLING" Note="Name for Dwelling improvement " Gender="other">
          <Text>Dwelling|Dwellings</Text>
          <Plurality>1|other</Plurality>
      </Line>

      <Line Key="TXT_IMP_RESIDENCE" Note="Name for Residence improvement " Gender="other">
          <Text>Residence|Residences</Text>
          <Plurality>1|other</Plurality>
      </Line>

      <Line Key="TXT_IMP_SKYSCRAPER" Note="Name for Skyscraper improvement " Gender="other">
          <Text>Skyscraper|Skyscrapers</Text>
          <Plurality>1|other</Plurality>
      </Line>
      
      <Line Key="TXT_IMP_FISHING_NETS" Note="Name for Fishing Nets improvement " Gender="other">
          <Text>Fishing Net|Fishing Nets</Text>
          <Plurality>1|other</Plurality>
      </Line>

      <Line Key="TXT_IMP_FLOWER_FIELD" Note="Name for Flower Field improvement " Gender="other">
          <Text>Flower Field|Flower Fields</Text>
          <Plurality>1|other</Plurality>
      </Line>

      <Line Key="TXT_IMP_FORGE" Note="Name for Forge improvement " Gender="other">
          <Text>Forge|Forges</Text>
          <Plurality>1|other</Plurality>
      </Line>

      <Line Key="TXT_IMP_FORTRESS" Note="Name for Fortress improvement " Gender="other">
          <Text>Fortress|Fortresses</Text>
          <Plurality>1|other</Plurality>
      </Line>

      <Line Key="TXT_IMP_FOUNDRY" Note="Name for Foundry improvement " Gender="other">
          <Text>Foundry|Foundries</Text>
          <Plurality>1|other</Plurality>
      </Line>

    <Line Key="TXT_IMP_BLACKSMITH" Note="Name for Blacksmith improvement " Gender="other">
        <Text>Blacksmith|Blacksmiths</Text>
        <Plurality>1|other</Plurality>
    </Line>

    <Line Key="TXT_IMP_REFINERY" Note="Name for Refinery improvement">
            <Text>Refinery|Refineries</Text>
            <Plurality>1|other</Plurality>
    </Line>

    <Line Key="TXT_IMP_BUTCHERSHOP" Note="Name for Butcher Shop improvement">
            <Text>Butcher Shop|Butcher Shops</Text>
            <Plurality>1|other</Plurality>
    </Line>

      <Line Key="TXT_IMP_GEOTHERMAL_POWER_PLANT" Note="Name for Geothermal Power Plant improvement " Gender="other">
          <Text>Geothermal Power Plant|Geothermal Power Plants</Text>
          <Plurality>1|other</Plurality>
      </Line>

      <Line Key="TXT_IMP_GENERAL_HOSPITAL" Note="Name for General Hospital improvement " Gender="other">
          <Text>General Hospital|General Hospitals</Text>
          <Plurality>1|other</Plurality>
      </Line>

      <Line Key="TXT_IMP_GRANARY" Note="Name for Granary improvement " Gender="other">
          <Text>Granary|Granaries</Text>
          <Plurality>1|other</Plurality>
      </Line>

      <Line Key="TXT_IMP_GUGGENHEIM_MUSEUM_BILBAO" Note="Name for Guggenheim Museum Bilbao Triumph" Gender="other">
          <Text>Guggenheim Museum Bilbao</Text>
      </Line>

      <Line Key="TXT_IMP_PUBLIC_GRAZING_LAND" Note="Name for Public Grazing Land improvement " Gender="other">
          <Text>Grazing Land|Grazing Lands</Text>
          <Plurality>1|other</Plurality>
      </Line>

      <Line Key="TXT_IMP_GREAT_PYRAMIDS_OF_GIZA" Note="Name for Great Pyramids of Giza improvement " Gender="other">
          <Text>The Great Pyramid of Giza</Text>
      </Line>

      <Line Key="TXT_IMP_GROCER" Note="Name for Grocer improvement " Gender="other">
          <Text>Grocer|Grocers</Text>
          <Plurality>1|other</Plurality>
      </Line>

      <Line Key="TXT_IMP_GURDWARA" Note="Name for Gurdwara improvement " Gender="other">
          <Text>Gurdwara|Gurdwaras</Text>
          <Plurality>1|other</Plurality>
      </Line>

      <Line Key="TXT_IMP_HADRON_COLLIDER" Note="Name for Particle Collider Triumph" Gender="other">
          <Text>Large Particle Collider</Text>
      </Line>

      <Line Key="TXT_IMP_HANGING_GARDENS_OF_NINEVEH" Note="Name for Hanging Gardens of Nineveh improvement " Gender="other">
          <Text>The Hanging Gardens</Text>
      </Line>

      <Line Key="TXT_IMP_HELLISHEIDI_POWER_STATION" Note="Name for Hellisheidi Power Station Triumph" Gender="other">
          <Text>Deprecated</Text>
      </Line>
      
      <Line Key="TXT_IMP_HIMEJI_JO" Note="Name for Himeji-jo improvement " Gender="other">
          <Text>Himeji-jo</Text>
      </Line>

      <Line Key="TXT_IMP_HOTEL" Note="Name for Hotel improvement " Gender="other">
          <Text>Hotel|Hotels</Text>
          <Plurality>1|other</Plurality>
      </Line>

      <Line Key="TXT_IMP_HWASEONG_FORTRESS" Note="Name for Hwaseong Fortress improvement " Gender="other">
          <Text>Hwaseong Fortress</Text>
      </Line>

      <Line Key="TXT_IMP_INCINERATOR" vowel="y" Note="Name for Incinerator improvement" Gender="other">
          <Text>Incinerator|Incinerators</Text>
          <Plurality>1|other</Plurality>
      </Line>

      <Line Key="TXT_IMP_INDUSTRIAL_FARM" vowel="y" Note="Name for Industrial Farm improvement" Gender="other">
          <Text>Industrial Farm|Industrial Farms</Text>
          <Plurality>1|other</Plurality>
      </Line>

      <Line Key="TXT_IMP_INDUSTRIAL_FISHING_FARM" vowel="y" Note="Name for Industrial Fishing Farm improvement" Gender="other">
          <Text>Industrial Fishing Farm|Industrial Fishing Farms</Text>
          <Plurality>1|other</Plurality>
      </Line>

      <Line Key="TXT_IMP_INN" vowel="y" Note="Name for Inn improvement" Gender="other">
          <Text>Inn|Inns</Text>
          <Plurality>1|other</Plurality>
      </Line>

      <Line Key="TXT_IMP_JOHNS_HOPKINS_HOSPITAL" Note="Name for Johns Hopkins Hospital Triumph" Gender="other">
          <Text>Johns Hopkins Hospital</Text>
      </Line>

      <Line Key="TXT_IMP_LEADER_STATUE" Note="Name for Leader Statue improvement " Gender="other">
          <Text>Leader Statue|Leader Statues</Text>
          <Plurality>1|other</Plurality>
      </Line>

      <Line Key="TXT_IMP_LA_GRAND_PLACE" Note="Name for La Grand-Place improvement " Gender="other">
          <Text>La Grand-Place</Text>
      </Line>

      <Line Key="TXT_IMP_LE_GRAND_PLACE" Note="Name for Imperial Le Grand Place improvement">
      <Text>Imperial Le Grand Place</Text>
        </Line>

        <Line Key="TXT_IMP_DESC_LE_GRAND_PLACE" Note="Imperial Le Grand Place improvement description">
        <Text>Description of Le Grand Place</Text>
        </Line>

      <Line Key="TXT_IMP_LIBRARY" Note="Name for Library improvement " Gender="other">
          <Text>Library|Libraries</Text>
          <Plurality>1|other</Plurality>
      </Line>

      <Line Key="TXT_IMP_LIBRARY_OF_CELSUS" Note="Name for Library of Celsus improvement " Gender="other">
          <Text>The Library of Celsus</Text>
      </Line>

      <Line Key="TXT_IMP_LIGHTHOUSE" Note="Name for Lighthouse improvement " Gender="other">
          <Text>Lighthouse|Lighthouses</Text>
          <Plurality>1|other</Plurality>
      </Line>

      <Line Key="TXT_IMP_LIGHTHOUSE_AT_ALEXANDRIA" Note="Name for Lighthouse at Alexandria improvement " Gender="other">
          <Text>The Great Lighthouse</Text>
      </Line>

      <Line Key="TXT_IMP_LONDON_EYE" Note="Name for London Eye Triumph" Gender="other">
          <Text>London Eye</Text>
      </Line>

      <Line Key="TXT_IMP_LUMBER_MILL" Note="Name for the Logging Camp improvement " Gender="other">
          <Text>Logging Camp|Logging Camps</Text>
          <Plurality>1|other</Plurality>
      </Line>

      <Line Key="TXT_IMP_BAZAAR" Note="Name for Bazaar improvement " Gender="other">
          <Text>Bazaar|Bazaars</Text>
          <Plurality>1|other</Plurality>
      </Line>

      <Line Key="TXT_IMP_MEDICAL_LAB" Note="Name for Medical Lab improvement " Gender="other">
          <Text>Medical Lab|Medical Labs</Text>
          <Plurality>1|other</Plurality>
      </Line>

      <Line Key="TXT_IMP_MILL" Note="Name for Mill improvement " Gender="other">
          <Text>Mill|Mills</Text>
          <Plurality>1|other</Plurality>
      </Line>

      <Line Key="TXT_IMP_MINE" Note="Name for Mine improvement " Gender="other">
          <Text>Mine|Mines</Text>
          <Plurality>1|other</Plurality>
      </Line>

      <Line Key="TXT_IMP_MINES_OF_RAMMLESBERG" Note="Name for Mines of Rammelsberg improvement " Gender="other">
          <Text>The Mines of Rammelsberg</Text>
      </Line>

      <Line Key="TXT_IMP_MINT" Note="Name for Mint improvement " Gender="other">
          <Text>Mint|Mints</Text>
          <Plurality>1|other</Plurality>
      </Line>
    
      <Line Key="TXT_IMP_MONASTERY" Note="Name for Monastery improvement " Gender="other">
          <Text>Monastery|Monasteries</Text>
          <Plurality>1|other</Plurality>
      </Line>

      <Line Key="TXT_IMP_MONASTERY_OF_BATALHA" Note="Name for Monastery of Batalha improvement " Gender="other">
          <Text>The Monastery of Batalha</Text>
      </Line>

      <Line Key="TXT_IMP_WAR_MONUMENT" Note="Name for War Monument improvement " Gender="other">
          <Text>Monument|Monuments</Text>
          <Plurality>1|other</Plurality>
      </Line>

      <Line Key="TXT_IMP_MOSQUE" Note="Name for Mosque improvement " Gender="other">
          <Text>Mosque|Mosques</Text>
          <Plurality>1|other</Plurality>
      </Line>

      <Line Key="TXT_IMP_MUSEUM" Note="Name for Museum improvement " Gender="other">
          <Text>Museum|Museums</Text>
          <Plurality>1|other</Plurality>
      </Line>

      <Line Key="TXT_IMP_NATIONAL_PARK" Note="Name for National Park improvement " Gender="other">
          <Text>National Park|National Parks</Text>
          <Plurality>1|other</Plurality>
      </Line>

      <Line Key="TXT_IMP_NAVAL_BASE" Note="Name for Naval Base improvement " Gender="other">
          <Text>Naval Base|Naval Bases</Text>
          <Plurality>1|other</Plurality>
      </Line>

    <Line Key="TXT_IMP_NEMRUT_DAG" Note="Name for Nemrut Dag " Gender="other">
      <Text>Nemrut Dağ</Text>
    </Line>

      <Line Key="TXT_IMP_NUCLEAR_POWER_PLANT" Note="Name for Nuclear Power Plant improvement " Gender="other">
          <Text>Nuclear Power Plant|Nuclear Power Plants</Text>
          <Plurality>1|other</Plurality>
      </Line>

      <Line Key="TXT_IMP_OBSERVATORY" vowel="y" Note="Name for Observatory improvement" Gender="other">
          <Text>Observatory|Observatories</Text>
          <Plurality>1|other</Plurality>
      </Line>

      <Line Key="TXT_IMP_OIL_POWER_PLANT" vowel="y" Note="Name for Oil Power Plant improvement " Gender="other">
          <Text>Oil Power Plant|Oil Power Plants</Text>
          <Plurality>1|other</Plurality>
      </Line>

      <Line Key="TXT_IMP_OIL_WELL" vowel="y" Note="Name for Oil Well improvement" Gender="other">
          <Text>Oil Well|Oil Wells</Text>
          <Plurality>1|other</Plurality>
      </Line>

      <Line Key="TXT_IMP_OPEN_GRASS_AREA" vowel="y" Note="Name for Open Grass Area improvement" Gender="other">
          <Text>Open Grass Area|Open Grass Areas</Text>
          <Plurality>1|other</Plurality>
      </Line>

      <Line Key="TXT_IMP_OPERA_HOUSE" vowel="y" Note="Name for Opera House improvement" Gender="other">
          <Text>Opera House|Opera Houses</Text>
          <Plurality>1|other</Plurality>
      </Line>

      <Line Key="TXT_IMP_OXFORD_UNIVERSITY" vowel="y" Note="Name for Oxford University improvement" Gender="other">
          <Text>Oxford University</Text>
      </Line>

      <Line Key="TXT_IMP_PAGODA" Note="Name for Pagoda improvement " Gender="other">
          <Text>Pagoda|Pagodas</Text>
          <Plurality>1|other</Plurality>
      </Line>

      <Line Key="TXT_IMP_PALACE" Note="Name for Palace improvement " Gender="other">
          <Text>Palace|Palaces</Text>
          <Plurality>1|other</Plurality>
      </Line>

      <Line Key="TXT_IMP_PHARMACIST" Note="Name for Pharmacy improvement " Gender="other">
          <Text>Pharmacy|Pharmacies</Text>
          <Plurality>1|other</Plurality>
      </Line>

    <Line Key="TXT_IMP_CERAMICSHOP" Note="Name for Ceramic Shop improvement " Gender="other">
          <Text>Ceramic Shop|Ceramic Shops</Text>
          <Plurality>1|other</Plurality>
      </Line>

      <Line Key="TXT_IMP_PLAZA" Note="Name for Plaza improvement " Gender="other">
          <Text>Plaza|Plazas</Text>
          <Plurality>1|other</Plurality>
      </Line>

      <Line Key="TXT_IMP_POST_OFFICE" Note="Name for Post Office improvement " Gender="other">
          <Text>Post Office|Post Offices</Text>
          <Plurality>1|other</Plurality>
      </Line>

      <Line Key="TXT_IMP_POTTERY_STUDIO" Note="Name for Pottery Studio improvement " Gender="other">
          <Text>Pottery Studio|Pottery Studios</Text>
          <Plurality>1|other</Plurality>
      </Line>

      <Line Key="TXT_IMP_PRINTSHOP" Note="Name for Print Shop improvement " Gender="other">
          <Text>Print Shop|Print Shops</Text>
          <Plurality>1|other</Plurality>
      </Line>

      <Line Key="TXT_IMP_PUBLIC_ART_INSTALLATION" Note="Name for Public Art Installation improvement " Gender="other">
          <Text>Art Gallery|Art Galleries</Text>
          <Plurality>1|other</Plurality>
      </Line>

      <Line Key="TXT_IMP_PUBLIC_PLAYGROUND" Note="Name for Public Playground improvement " Gender="other">
          <Text>Public Playground|Public Playground</Text>
          <Plurality>1|other</Plurality>
      </Line>

      <Line Key="TXT_IMP_PUBLIC_SCHOOL" Note="Name for School improvement " Gender="other">
          <Text>School|Schools</Text>
          <Plurality>1|other</Plurality>
      </Line>

      <Line Key="TXT_IMP_PUB_ROW" Note="Name for Pub Row improvement " Gender="other">
          <Text>Pub|Pubs</Text>
          <Plurality>1|other</Plurality>
      </Line>

      <Line Key="TXT_IMP_RACE_TRACK" Note="Name for Race Track improvement " Gender="other">
          <Text>Race Track|Race Tracks</Text>
          <Plurality>1|other</Plurality>
      </Line>
      
      <Line Key="TXT_IMP_RADIO_TOWER" Note="Name for Radio Tower improvement " Gender="other">
          <Text>Radio Tower|Radio Towers</Text>
          <Plurality>1|other</Plurality>
      </Line>

      <Line Key="TXT_IMP_RECYCLING_CENTER" Note="Name for Recycling Center improvement " Gender="other">
          <Text>Recycling Center|Recycling Centers</Text>
          <Plurality>1|other</Plurality>
      </Line>

      <Line Key="TXT_IMP_REFLECTING_POOL" Note="Name for Reflecting Pool improvement " Gender="other">
          <Text>Reflecting Pool|Reflecting Pools</Text>
          <Plurality>1|other</Plurality>
      </Line>

      <Line Key="TXT_IMP_RESEARCH_LAB" Note="Name for Research Lab improvement " Gender="other">
          <Text>Research Lab|Research Labs</Text>
          <Plurality>1|other</Plurality>
      </Line>

      <Line Key="TXT_IMP_SAGRADA_FAMILIA" Note="Name for Sagrada Familia Triumph" Gender="other">
          <Text>Sagrada Familia</Text>
      </Line>

      <Line Key="TXT_IMP_SAM_BATTERY_DEFENSE" Note="Name for SAM Battery Defense improvement " Gender="other">
          <Text>SAM Battery Defense|SAM Battery Defenses</Text>
          <Plurality>1|other</Plurality>
      </Line>

      <Line Key="TXT_IMP_SCULPTURE_GARDEN" Note="Name for Sculpture Garden improvement " Gender="other">
          <Text>Sculpture Garden|Sculpture Gardens</Text>
          <Plurality>1|other</Plurality>
      </Line>

      <Line Key="TXT_IMP_SHRINE" Note="Name for Shrine improvement " Gender="other">
          <Text>Shrine|Shrines</Text>
          <Plurality>1|other</Plurality>
      </Line>

      <Line Key="TXT_IMP_SOLAR_POWER_PLANT" Note="Name for Solar Power Plant improvement " Gender="other">
          <Text>Solar Power Plant|Solar Power Plants</Text>
          <Plurality>1|other</Plurality>
      </Line>

      <Line Key="TXT_IMP_STABLE" Note="Name for Stable improvement " Gender="other">
          <Text>Stable|Stables</Text>
          <Plurality>1|other</Plurality>
      </Line>
      
      <Line Key="TXT_IMP_STADIUM" Note="Name for Stadium improvement " Gender="other">
          <Text>Stadium|Stadiums</Text>
          <Plurality>1|other</Plurality>
      </Line>

      <Line Key="TXT_IMP_STATUE_OF_LIBERTY" Note="Name for Statue of Liberty Triumph" Gender="other">
          <Text>Statue of Liberty</Text>
      </Line>

      <Line Key="TXT_IMP_ST_BASILS_CATHEDRAL" Note="Name for St Basil's Cathedral improvement " Gender="other">
          <Text>St. Basil's Cathedral</Text>
      </Line>

      <Line Key="TXT_IMP_STONEHENGE" Note="Name for Stonehenge improvement " Gender="other">
          <Text>Stonehenge</Text>
      </Line>

      <Line Key="TXT_IMP_SYDNEY_OPERA_HOUSE" Note="Name for Sydney Opera House Triumph" Gender="other">
          <Text>Deprecated</Text>
      </Line>

      <Line Key="TXT_IMP_SYMPHONY_HALL" Note="Name for Concert Hall improvement " Gender="other">
          <Text>Concert Hall|Concert Halls</Text>
          <Plurality>1|other</Plurality>
      </Line>

      <Line Key="TXT_IMP_TANNERY" Note="Name for Tannery improvement" Gender="other">
          <Text>Tannery|Tanneries</Text>
          <Plurality>1|other</Plurality>
      </Line>

    <Line Key="TXT_IMP_TEMPLE" Note="Name for Temple improvement " Gender="other">
          <Text>Temple|Temples</Text>
          <Plurality>1|other</Plurality>
      </Line>

      <Line Key="TXT_IMP_TEMPLE_OF_BEL" Note="Name for Temple of Bel improvement " Gender="other">
          <Text>The Temple of Bel</Text>
      </Line>

      <Line Key="TXT_IMP_THE_ACROPOLIS" Note="Name for The Acropolis improvement " Gender="other">
          <Text>The Acropolis</Text>
      </Line>

      <Line Key="TXT_IMP_THEATER" Note="Name for Theater improvement " Gender="other">
          <Text>Theater|Theaters</Text>
          <Plurality>1|other</Plurality>
      </Line>

      <Line Key="TXT_IMP_THE_LOTUS_TEMPLE" Note="Name for The Lotus Temple Triumph" Gender="other">
          <Text>The Lotus Temple</Text>
      </Line>

      <Line Key="TXT_IMP_THE_SMITHSONIAN_INSTITUTE" Note="Name for The Smithsonian Institution Triumph" Gender="other">
          <Text>The Smithsonian Institution</Text>
      </Line>

      <Line Key="TXT_IMP_TOPIARY_PARK" Note="Name for Topiary Park improvement " Gender="other">
          <Text>Topiary Park|Topiary Parks</Text>
          <Plurality>1|other</Plurality>
      </Line>

      <Line Key="TXT_IMP_TOP_SECRET_MILITARY_BASE" Note="Name for Top Secret Military Base improvement " Gender="other">
          <Text>Top Secret Military Base|Top Secret Military Bases</Text>
          <Plurality>1|other</Plurality>
      </Line>

      <Line Key="TXT_IMP_TOWN_CENTER" Note="Name for Town Center improvement " Gender="other">
          <Text>Town Center|Town Centers</Text>
          <Plurality>1|other</Plurality>
      </Line>

      <Line Key="TXT_IMP_TRADING_POST" Note="Name for Trading Post improvement " Gender="other">
          <Text>Trading Post|Trading Posts</Text>
          <Plurality>1|other</Plurality>
      </Line>

      <Line Key="TXT_IMP_UNIVERSITY" vowel="y" Note="Name for University improvement" Gender="other">
          <Text>University|Universities</Text>
          <Plurality>1|other</Plurality>
      </Line>

	  <Line Key="TXT_IMP_VEHICLE_FACTORY" Note="Name for Vehicle Factory improvement " Gender="other">
		  <Text>Vehicle Factory|Vehicle Factories</Text>
		  <Plurality>1|other</Plurality>
	  </Line>

      <Line Key="TXT_IMP_VILLAGE_HALL" Note="Name for Gathering Hall improvement " Gender="other">
          <Text>Gathering Hall|Gathering Halls</Text>
          <Plurality>1|other</Plurality>
      </Line>

      <Line Key="TXT_IMP_VOLKLINGEN_IRONWORKS" Note="Name for Volklingen Ironworks Triumph" Gender="other">
          <Text>Völklingen Ironworks</Text>
      </Line>

      <Line Key="TXT_IMP_WATCHTOWER" Note="Name for Watchtower improvement " Gender="other">
          <Text>Watchtower|Watchtowers</Text>
          <Plurality>1|other</Plurality>
      </Line>

    <Line Key="TXT_IMP_WATER_TREATMENT_PLANT" Note="Name for Water Treatment Plant improvement " Gender="other">
          <Text>Water Treatment Plant|Water Treatment Plants</Text>
          <Plurality>1|other</Plurality>
      </Line>

      <Line Key="TXT_IMP_WATER_WELL" Note="Name for Water Well improvement " Gender="other">
          <Text>Water Well|Water Wells</Text>
          <Plurality>1|other</Plurality>
      </Line>

	  <Line Key="TXT_IMP_WEAVER" Note="Name for Weaver improvement " Gender="other">
		  <Text>Weaver|Weavers</Text>
		  <Plurality>1|other</Plurality>
	  </Line>

      <Line Key="TXT_IMP_THE_WHITE_COLUMN" Note="Name for The White Column improvement " Gender="other">
          <Text>The White Column</Text>
      </Line>

      <Line Key="TXT_IMP_WINDMILL" Note="Name for Windmill improvement " Gender="other">
          <Text>Windmill|Windmills</Text>
          <Plurality>1|other</Plurality>
      </Line>

      <Line Key="TXT_IMP_WIND_TURBINE" Note="Name for Wind Turbine improvement " Gender="other">
          <Text>Wind Turbine|Wind Turbines</Text>
          <Plurality>1|other</Plurality>
      </Line>

	  <Line Key="TXT_IMP_WORKSHOP" Note="Name for Workshop improvement " Gender="other">
		  <Text>Workshop|Workshops</Text>
		  <Plurality>1|other</Plurality>
	  </Line>

      <Line Key="TXT_IMP_ZOO" Note="Name for Zoo improvement " Gender="other">
          <Text>Zoo|Zoos</Text>
          <Plurality>1|other</Plurality>
      </Line>

      <Line Key="TXT_IMP_ALTAR" vowel="y" Note="Name for Altar improvement " Gender="other">
          <Text>Altar|Altars</Text>
          <Plurality>1|other</Plurality>
      </Line>
      
      <Line Key="TXT_IMP_FUSION_RESEARCH_CENTER" Note="Name for Fusion Research Center improvement " Gender="other">
          <Text>Fusion Research Center|Fusion Research Centers</Text>
          <Plurality>1|other</Plurality>
      </Line>
    
      <Line Key="TXT_IMP_POWER_STORAGE" Note="Name for Power Storage improvement " Gender="other">
          <Text>Power Storage|Power Storage</Text>
          <Plurality>1|other</Plurality>
      </Line>
    
      <Line Key="TXT_IMP_TAJ_MAHAL" Note="Name for Taj Mahal improvement " Gender="other">
          <Text>Taj Mahal</Text>
      </Line>

      <Line Key="TXT_IMP_DIRT_ROAD" Note="Name for a Dirt Road" Gender="other">
            <Text>Dirt Road|Dirt Roads</Text>
            <Plurality>1|other</Plurality>
      </Line>

      <Line Key="TXT_IMP_COBBLESTONE_ROAD" Note="Name for a Cobblestone Road" Gender="other">
            <Text>Cobblestone Road|Cobblestone Roads</Text>
            <Plurality>1|other</Plurality>
      </Line>

      <Line Key="TXT_IMP_ASPHALT_ROAD" Note="Name for a Asphalt Road" Gender="other">
            <Text>Asphalt Road|Asphalt Roads</Text>
            <Plurality>1|other</Plurality>
      </Line>

      <Line Key="TXT_IMP_GUILD_STUDIO" Note="Name for Pubishing House improvement" Gender="other">
            <Text>Crafting Guild|Crafting Guilds</Text>
            <Plurality>1|other</Plurality>
      </Line>

      <Line Key="TXT_IMP_MULTIMEDIA_STUDIO" Note="Name for Movie Studio improvement" Gender="other">
            <Text>Movie Studio|Movie Studios</Text>
            <Plurality>1|other</Plurality>
      </Line>

      <Line Key="TXT_IMP_FERMENTING_HUT" Note="Name for Fermenting Pit improvement" Gender="other">
            <Text>Fermenting Pit|Fermenting Pits</Text>
            <Plurality>1|other</Plurality>
      </Line>

      <Line Key="TXT_IMP_LIVERY_SHOP" Note="Name for Livery Shop improvement" Gender="other">
            <Text>Livery Shop|Livery Shops</Text>
            <Plurality>1|other</Plurality>
      </Line>

      <Line Key="TXT_IMP_HABERDASHERY" Note="Name for Haberdashery improvement" Gender="other">
            <Text>Haberdashery|Haberdasheries</Text>
            <Plurality>1|other</Plurality>
      </Line>

      <Line Key="TXT_IMP_IRRIGATED_FARM" Note="Name for Irrigated Farm improvement" Gender="other">
            <Text>Irrigated Farm|Irrigated Farms</Text>
            <Plurality>1|other</Plurality>
      </Line>

      <Line Key="TXT_IMP_SAWMILL" Note="Name for Sawmill improvement" Gender="other">
            <Text>Sawmill|Sawmills</Text>
            <Plurality>1|other</Plurality>
      </Line>

      <Line Key="TXT_IMP_INDUSTRIAL_LOGGING" Note="Name for Industrial Logging improvement" Gender="other">
            <Text>Industrial Logging|Industrial Logging</Text>
            <Plurality>1|other</Plurality>
      </Line>

      <Line Key="TXT_IMP_QUARRY" Note="Name for Stone Pit improvement" Gender="other">
            <Text>Stone Pit|Stone Pits</Text>
            <Plurality>1|other</Plurality>
      </Line>

      <Line Key="TXT_IMP_INDUSTRIAL_MINE" Note="Name for Industrial Mine improvement" Gender="other">
            <Text>Industrial Mine|Industrial Mines</Text>
            <Plurality>1|other</Plurality>
      </Line>

    <Line Key="TXT_IMP_SHOPPING_MALL" Note="Name for Shopping Mall improvement" Gender="other">
        <Text>Shopping Mall|Shopping Malls</Text>
        <Plurality>1|other</Plurality>
    </Line>
    
    <Line Key="TXT_IMP_CHEMIST" Note="Name for Chemist improvement" Gender="other">
        <Text>Chemist|Chemists</Text>
        <Plurality>1|other</Plurality>
    </Line>
    
    <Line Key="TXT_IMP_ARMORY" Note="Name for Armory improvement" Gender="other">
        <Text>Armory|Armories</Text>
        <Plurality>1|other</Plurality>
    </Line>
    <!--*******************************************************************************************
   ............................        Improvement Descriptions          .............................
   *********************************************************************************************-->

    <Line Key="TXT_IMP_DESC_ACADEMY" Note="Academy improvement description">
      <Text>Used to earn {TXT_TRM_PRESTIGE} by creating /href:t:Term:term_MasterpieceBooks/Book/Endhref/ {TXT_TRM_MASTERPIECE {#123}}.</Text>
    </Line>

    <Line Key="TXT_IMP_DESC_GREAT_HEARTH" Note="Great Hearth improvement description">
        <Text>The Great Hearth is the heart of your nation. It represents a source of accumulated ancestral knowledge and wealth.</Text>
        </Line>

	  <Line Key="TXT_IMP_DESC_AIRCRAFT_FACTORY" Note="Aircraft Factory improvement description">
		  <Text>Used to /href:t:Term:term_Crafting/Craft/Endhref/ /i:Crafting/ a variety of {TXT_TRM_GOOD {#2}}.</Text>
	  </Line>

    <Line Key="TXT_IMP_DESC_AIR_FORCE_ACADEMY_CHAPEL" Note="Air Force Academy Chapel improvement description">
      <Text>Increases the cap of Air {TXT_ARMY {#2}} by 3, and all Air {TXT_ARMY {#2}} reward {TXT_TRM_PRESTIGE} when they kill another Army.</Text>
    </Line>

    <Line Key="TXT_IMP_DESC_AIR_FORCE_BASE" Note="Air Force Base improvement description">
      <Text>Boosts {TXT_TRM_UNIT_STRENGTH} to Military /href:t:Term:term_Army/Forces/Endhref/ in its /href:t:Term:term_Region/Regions/Endhref/.</Text>
    </Line>

      <Line Key="TXT_IMP_DESC_AIRPORT" Note="Airport improvement description">
          <Text>Boosts /href:t:Term:term_City/City/Endhref/ {TXT_TRM_GROWTH} and {TXT_TRM_WEALTH} within its {TXT_TRM_CITY}.</Text>
      </Line>

      <Line Key="TXT_IMP_DESC_ALTAR" Note="Altar improvement description">
          <Text>Build this {TXT_TRM_IMPROVEMENT} to found a {TXT_TRM_RELIGION} for your {TXT_TRM_NATION}. It also increases /href:t:Term:term_ReligionSpread/Spread Strength/Endhref/.</Text>
      </Line>

      <Line Key="TXT_IMP_DESC_AMPHITHEATER" Note="Amphitheater improvement description">
          <Text>Used to earn {TXT_TRM_PRESTIGE} by creating /href:t:Term:term_MasterpieceMusic/Music/Endhref/ {TXT_TRM_MASTERPIECE {#123}}.</Text>
      </Line>

      <Line Key="TXT_IMP_DESC_ANGKOR_WAT" Note="Angkor Wat improvement description">
          <Text>Provides a boost to {TXT_TRM_AESTHETICS} and improves Shrines in the City to provide bonus Security and Prosperity. Slotting specialists into this Triumph will boost the Triumph's {TXT_TRM_CITY}'s Masterpiece Creation Rate.</Text>
      </Line>

      <Line Key="TXT_IMP_DESC_APOTHECARY" Note="Apothecary improvement description">
          <Text>/href:t:Term:term_Crafting/Crafts/Endhref/ a variety of {TXT_TRM_CONSUME {#123}}.</Text>
      </Line>

      <Line Key="TXT_IMP_DESC_ARCOLOGY" Note="Arcology improvement description">
          <Text>The Arcology boosts all Quality of Life Stats within its /href:t:Term:term_City/City/Endhref/.</Text>
      </Line>

      <Line Key="TXT_IMP_DESC_ARENA" Note="Arena improvement description">
          <Text>Increases {TXT_TRM_HAPPINESS} in its {TXT_TRM_CITY}.</Text>
      </Line>

      <Line Key="TXT_IMP_DESC_ARSENAL" Note="Arsenal improvement description">
          <Text>The Arsenal provides bonuses to Command Limit and Security.</Text>
      </Line>

      <Line Key="TXT_IMP_DESC_ARTISAN_STUDIO" Note="Artisan Studio improvement description">
          <Text>used to /href:t:Term:term_Crafting/Craft/Endhref/ /i:Crafting/ a variety of {TXT_TRM_LUXURY {#123}}. Also increases {TXT_TRM_HAPPINESS} in its {TXT_TRM_CITY}.</Text>
      </Line>

      <Line Key="TXT_IMP_DESC_BAKERY" Note="Bakery improvement description">
          <Text>Uses grains to create tasty bread.</Text>
        </Line>

      <Line Key="TXT_IMP_DESC_BANK" Note="Bank improvement description">
          <Text>Manages the finances for the nation, increases {TXT_TRM_WEALTH} in the Improvement's City.</Text>
      </Line>

      <Line Key="TXT_IMP_DESC_BARRACKS" Note="Barracks improvement description">
          <Text>Trains troops, provides local security for city.</Text>
      </Line>

      <Line Key="TXT_IMP_DESC_BRANDENBURG_GATE" Note="Brandenburg Gate improvement description">
          <Text>The Brandenburg Gate increases the {TXT_TRM_BASE_RELATIONSHIP} of all other Leaders and provides a significant boost to {TXT_TRM_PRESTIGE}.</Text>
      </Line>

      <Line Key="TXT_IMP_DESC_BREWERY" Note="Brewery improvement description">
          <Text>An upgraded Fermenting Hut. Used for {TXT_TRM_CRAFTING} a variety of {TXT_TRM_CONSUME {#123}}.</Text>
      </Line>

      <Line Key="TXT_IMP_DESC_CAMP" Note="Camp improvement description">
          <Text>The Camp harvests local wildlife in the area it is placed, providing more resources and wealth.</Text>
      </Line>

      <Line Key="TXT_IMP_DESC_CASTLE" Note="Castle improvement description">
          <Text>Increases {TXT_TRM_CITY} {TXT_TRM_AESTHETICS}.</Text>
      </Line>

      <Line Key="TXT_IMP_DESC_CATHEDRAL" Note="Cathedral improvement description">
          <Text>Boosts {TXT_TRM_RELIGION_SPREAD} Strength and Distance in the City in which it's built.</Text>
      </Line>

      <Line Key="TXT_IMP_DESC_CEMETERY" Note="Cemetery improvement description">
          <Text>The Cemetery increases {TXT_TRM_CITY} {TXT_TRM_HAPPINESS} by giving your people a place to honor their lost loved ones.</Text>
      </Line>

      <Line Key="TXT_IMP_DESC_CLASSICAL_GARDENS_OF_SUZHOU" Note="Classical Gardens of Suzhou improvement description">
          <Text>Boosts your {TXT_TRM_NATION}'s chances of spawning Activist, Scientist and Writer /href:t:Term:term_Paragon/Paragons/Endhref/ and, for each one, boosts the {TXT_TRM_EDUCATION} and {TXT_TRM_WEALTH} in all of your {TXT_TRM_CITY}.</Text>
      </Line>

      <Line Key="TXT_IMP_DESC_CITADEL" Note="Citadel improvement description">
          <Text>The Citadel is an upgraded Fortress. Boosts City {TXT_TRM_AESTHETICS} and slows down enemy /href:t:Term:term_Siege/Sieges/Endhref/.</Text>
      </Line>

      <Line Key="TXT_IMP_DESC_CITY_HALL" Note="City Hall improvement description">
          <Text>An upgraded Town Center. Used for {TXT_TRM_CRAFTING} a variety of items. Also increases {TXT_TRM_HOUSING} and boosts Security in its {TXT_TRM_CITY}.</Text>
      </Line>

      <Line Key="TXT_IMP_DESC_CITY_WALLS" Note="City Walls improvement description">
          <Text>Keeps invaders out and prevents a {TXT_TRM_CITY}'s capture, at least for a while.</Text>
      </Line>

      <Line Key="TXT_IMP_DESC_CLINIC" Note="Clinic improvement description">
          <Text>Increases /href:t:Term:term_Health/Health/Endhref/ in its {TXT_TRM_CITY}.</Text>
      </Line>

      <Line Key="TXT_IMP_DESC_COBBLESTONE_ROAD" Note="Cobblestone Road improvement description">
          <Text>An upgraded Dirt Road. Increases {TXT_TRM_ARMY} {TXT_TRM_UNIT_SPEED}, {TXT_TRM_RELIGION_SPREAD}, and {TXT_TRM_TRADE_ROUTE} speed.</Text>
      </Line>

      <Line Key="TXT_IMP_DESC_COFFEE_HOUSE" Note="Coffee House improvement description">
          <Text>Produces the most wonderful item in human history.</Text>
      </Line>

      <Line Key="TXT_IMP_DESC_COBBLER" Note="Cobbler improvement description">
          <Text>The Cobbler is used to create footwear.</Text>
      </Line>

      <Line Key="TXT_IMP_DESC_COLOGNE_CATHEDRAL" Note="Cologne Cathedral improvement description">
          <Text>The Cologne Cathedral boosts Religion Spread Distance and {TXT_TRM_AESTHETICS} in its /href:t:Term:term_City/City/Endhref/.</Text>
      </Line>

      <Line Key="TXT_IMP_DESC_ST_BASIL" Note="St. Basil's Cathedral improvement description">
          <Text>Boosts the generation of Engineer and Prophet /href:t:Term:term_Paragon/Paragons/Endhref/. For each one in your {TXT_TRM_NATION}, boosts the /href:t:Term:term_Happiness/{TXT_TRM_HAPPINESS}/Endhref/ and /href:t:Term:term_Aesthetics/Security/Endhref/ in all {TXT_TRM_CITY {#2}}.</Text>
      </Line>

      <Line Key="TXT_IMP_DESC_COLOSSEUM" Note="Amphitheatre of El Jem improvement description">
          <Text>increases the {TXT_TRM_HAPPINESS} and {TXT_TRM_WEALTH} of all {TXT_TRM_CITY {#2}} in the {TXT_TRM_IMPROVEMENT}'s {TXT_TRM_NATION}.</Text>
      </Line>

      <Line Key="TXT_IMP_DESC_COLOSSUS_OF_RHODES" Note="Colossus of Rhodes improvement description">
          <Text>Increases the {TXT_TRM_CRAFTPRODUCTION} of {TXT_IMP_DOCKS} in its {TXT_TRM_CITY} and increases the amount of {TXT_TRM_NAVIES_NOICON {#2}} {TXT_TRM_ARMY {#2}} that can be recruited.</Text>
      </Line>

    <Line Key="TXT_IMP_DESC_CUSTOMS_HOUSE" Note="Customs House improvement description">
      <Text>Provides bonuses based on {TXT_TRM_IMPROVEMENT {#2}} in the region, {TXT_TRM_COIN} for {TXT_TRM_DOM_COMMERCE} {TXT_TRM_IMPROVEMENT {#2}}, and {TXT_TRM_WEALTH} for {TXT_TRM_DOM_INDUSTRY} {TXT_TRM_IMPROVEMENT {#2}}.</Text>
    </Line>

      <Line Key="TXT_IMP_DESC_DISTILLERY" Note="Distillery improvement description">
          <Text>An upgraded Brewery. Used for {TXT_TRM_CRAFTING} various {TXT_TRM_CONSUME}.</Text>
      </Line>

      <Line Key="TXT_IMP_DESC_DRYDOCK" Note="Drydock improvement description">
          <Text>Upgraded Docks. Used for {TXT_TRM_CRAFTING} mid to late game boats which can then be turned into /href:t:Term:term_UnitSea/Navies/Endhref/.</Text>
      </Line>

      <Line Key="TXT_IMP_DESC_DOCKS" Note="Docks improvement description">
          <Text>/href:t:Term:term_Crafting/Crafts/Endhref/ various early-game boats, used to create /href:t:Term:term_UnitSea/Navies/Endhref/.</Text>
      </Line>

      <Line Key="TXT_IMP_DESC_DWELLING" Note="Dwelling improvement description">
          <Text>Increases the {TXT_TRM_HOUSING} of its {TXT_TRM_CITY}, allowing it to sustain larger populations.</Text>
      </Line>

      <Line Key="TXT_IMP_DESC_RESIDENCE" Note="Residence improvement description">
          <Text>An upgraded Dwelling. Increases the {TXT_TRM_HOUSING} for its {TXT_TRM_CITY}, allowing it to sustain larger populations.</Text>
      </Line>

      <Line Key="TXT_IMP_DESC_SKYSCRAPER" Note="Skyscraper improvement description">
          <Text>An upgraded Residence. Increases the {TXT_TRM_HOUSING} for its {TXT_TRM_CITY}, allowing it to sustain larger populations.</Text>
      </Line>
      
      <Line Key="TXT_IMP_DESC_FARM" Note="Farm improvement description">
          <Text>Harvests plants and animals and increases food production to promote city growth.</Text>
      </Line>

      <Line Key="TXT_IMP_DESC_FISHING_NETS" Note="Fishing Nets improvement description">
          <Text>Fishing Nets generate {TXT_TRM_FOOD} for your Cities when placed in Coastal regions.</Text>
      </Line>

      <Line Key="TXT_IMP_DESC_FLOWER_FIELD" Note="Flower Field improvement description">
          <Text>Used for {TXT_TRM_CRAFTING} flowers. Also increases its {TXT_TRM_CITY}'s {TXT_TRM_HAPPINESS}</Text>
      </Line>

      <Line Key="TXT_IMP_DESC_FORGE" Note="Forge improvement description">
          <Text>/href:t:Term:term_Crafting/Crafts/Endhref/ /i:Crafting/ Steel, an essential mid to late game item.</Text>
      </Line>

      <Line Key="TXT_IMP_DESC_FORTRESS" Note="Fortress improvement description">
          <Text>Boosts the {TXT_TRM_UNIT_STRENGTH} of {TXT_TRM_ARMY {#2}} in its {TXT_TRM_REGION}. Also boosts {TXT_TRM_AESTHETICS} within its {TXT_TRM_CITY}.</Text>
      </Line>

      <Line Key="TXT_IMP_DESC_FOUNDRY" Note="Foundry improvement description">
          <Text>An upgraded Blacksmith. Used for {TXT_TRM_CRAFTING} a wide variety of items.</Text>
      </Line>

      <Line Key="TXT_IMP_DESC_BLACKSMITH" Note="Blacksmith improvement description">
        <Text>Used for {TXT_TRM_CRAFTING} a variety of /href:t:Term:term_Commodity/Ingredients/Endhref/ /i:Commodity/ used to train {TXT_TRM_UNIT {#2}}.</Text>
    </Line>

    <Line Key="TXT_IMP_DESC_BUTCHERSHOP" Note="Butchershop improvement description">
        <Text>The Butcher Shop is used to /href:t:Term:term_Crafting/Craft/Endhref/ /i:Crafting/ a variety of {TXT_TRM_GOOD {#2}}.</Text>
    </Line>

      <Line Key="TXT_IMP_DESC_GENERAL_HOSPITAL" Note="General Hospital improvement description">
          <Text>Increases {TXT_TRM_HEALTH} in the {TXT_TRM_IMPROVEMENT}'s {TXT_TRM_CITY}.</Text>
      </Line>

      <Line Key="TXT_IMP_DESC_GRANARY" Note="Granary improvement description">
          <Text>Boosts the {TXT_TRM_HARVESTPRODUCTION} of all {TXT_IMP_FARM {#2}} within its {TXT_TRM_REGION}, and provides a small {TXT_TRM_HEALTH} bonus. Also used for {TXT_TRM_CRAFTING} Grain Stores, which can be used to boost a {TXT_TRM_CITY}'s {TXT_TRM_GROWTH}.</Text>
      </Line>

      <Line Key="TXT_IMP_DESC_GREAT_PYRAMIDS_OF_GIZA" Note="Great Pyramids of Giza improvement description">
          <Text>Grants a large amount of Prestige, and boosts its {TXT_TRM_CITY}'s {TXT_TRM_WEALTH}.</Text>
      </Line>

      <Line Key="TXT_IMP_DESC_GROCER" Note="Grocer improvement description">
          <Text>An upgraded {TXT_IMP_GRANARY}. Boosts the {TXT_TRM_HARVESTPRODUCTION} of all {TXT_IMP_FARM {#2}} within its {TXT_TRM_REGION}, and causes these {TXT_IMP_FARM {#2}} to provide a small {TXT_TRM_HAPPINESS} bonus. Also provides a small {TXT_TRM_HEALTH} bonus on its own, and is used for {TXT_TRM_CRAFTING}.</Text>
      </Line>

      <Line Key="TXT_IMP_DESC_GURDWARA" Note="Gurdwara improvement description">
          <Text>Specialized {TXT_TRM_RELIGION} {TXT_TRM_IMPROVEMENT} that boosts {TXT_TRM_RELIGION_SPREAD}.</Text>
      </Line>
    
      <Line Key="TXT_IMP_DESC_HADRON_COLLIDER" Note="Particle Collider improvement description">
        <Text>Greatly increases the Prestige earned from Researching Technologies, and decreases the Research cost of {TXT_TRM_DOM_SCIENCE} Technologies.</Text>
      </Line>

      <Line Key="TXT_IMP_DESC_HANGING_GARDENS_OF_NINEVEH" Note="Hanging Gardens of Nineveh improvement description">
          <Text>Provide a significant early-game {TXT_TRM_HEALTH} boost to its {TXT_TRM_CITY}.</Text>
      </Line>

    <Line Key="TXT_IMP_DESC_HELLISHEIDI_POWER_STATION" Note="Hanging Gardens of Nineveh improvement description">
      <Text>Deprecated</Text>
    </Line>

    <Line Key="TXT_IMP_DESC_HIMEJI_JO" Note="Himeji-jo improvement description">
          <Text>Increases the {TXT_TRM_UNIT_STRENGTH} of all {TXT_TRM_ARMY {#2}} in its {TXT_TRM_CITY}, and increases resistance to {TXT_TRM_SIEGE}.</Text>
      </Line>

      <Line Key="TXT_IMP_DESC_HOTEL" Note="Hotel improvement description">
          <Text>Boosts {TXT_TRM_WEALTH}, and can generate a large amount of {TXT_TRM_COIN} if built in a {TXT_TRM_REGION} with {TXT_TRM_DOM_CULTURE} and {TXT_TRM_DOM_COMMERCE} {TXT_TRM_IMPROVEMENT {#2}}.</Text>
      </Line>

      <Line Key="TXT_IMP_DESC_HWASEONG_FORTRESS" Note="Hwaseong Fortress improvement description">
          <Text>increases the rate at which its {TXT_TRM_CITY} generates Claims, and increases the {TXT_TRM_UNIT_STRENGTH} of all Land {TXT_TRM_ARMY {#2}} within it.</Text>
      </Line>

      <Line Key="TXT_IMP_DESC_INCINERATOR" Note="Incinerator improvement description">
          <Text>The Incinerator generates {TXT_TRM_POWER} at the cost of {TXT_TRM_HEALTH} and {TXT_TRM_HAPPINESS} in its /href:t:Term:term_City/City/Endhref/.</Text>
      </Line>

      <Line Key="TXT_IMP_DESC_INN" Note="Inn improvement description">
          <Text>Provides a slight {TXT_TRM_WEALTH} boost and can craft Gourmet Meals.</Text>
      </Line>

      <Line Key="TXT_IMP_DESC_JOHNS_HOPKINS_HOSPITAL" Note="Johns Hopkins Hospital improvement description">
          <Text>Improves the bonuses Hospitals provide to Health in all Cities, and causes Hospitals to provide a small boost to Research.</Text>
      </Line>

      <Line Key="TXT_IMP_DESC_LA_GRAND_PLACE" Note="La Grand-Place improvement description">
          <Text>Causes Customs Houses to produce a large amount of {TXT_TRM_COIN}.</Text>
      </Line>

      <Line Key="TXT_IMP_DESC_LIBRARY" Note="Library improvement description">
          <Text>Boosts City {TXT_TRM_EDUCATION} and generates {TXT_TRM_RESEARCH}.</Text>
      </Line>

      <Line Key="TXT_IMP_DESC_LIBRARY_OF_CELSUS" Note="Library of Celsus improvement description">
          <Text>Provides a significant boost to {TXT_TRM_EDUCATION} in its {TXT_TRM_CITY}. Slightly increases {TXT_TRM_PARAGON} spawn rate.</Text>
      </Line>

      <Line Key="TXT_IMP_DESC_LIGHTHOUSE" Note="Lighthouse improvement description">
          <Text>The Lighthouse increases the Merchant Cap of your {TXT_TRM_NATION} by 1 and boosts {TXT_TRM_EDUCATION} in its City.</Text>
      </Line>

      <Line Key="TXT_IMP_DESC_LIGHTHOUSE_AT_ALEXANDRIA" Note="Lighthouse at Alexandria improvement description">
          <Text>Increases the sight range of your Navies by 2, and Merchants will arrive in your city upon its completion.</Text>
      </Line>
   
    <Line Key="TXT_IMP_DESC_LONDON_EYE" Note="London Eye improvement description">
      <Text>Increases a City's {TXT_TRM_HAPPINESS} and {TXT_TRM_WEALTH} for each Region that City has.</Text>
    </Line>

      <Line Key="TXT_IMP_DESC_BAZAAR" Note="Market improvement description">
          <Text>An upgraded Trading Post that increases {TXT_TRM_COIN}.</Text>
      </Line>

      <Line Key="TXT_IMP_DESC_MILL" Note="Mill improvement description">
          <Text>Boosts the Food output of Farms. Also boosts {TXT_TRM_CRAFTPRODUCTION} at {TXT_TRM_DOM_INDUSTRY} {TXT_TRM_IMPROVEMENT {#2}} within its {TXT_TRM_REGION}.</Text>
      </Line>

      <Line Key="TXT_IMP_DESC_LUMBER_MILL" Note="Description of the Logging Camp Improvement.">
          <Text>Harvests {TXT_TRM_WOOD} which is the primary ingredient used for constructing {TXT_TRM_IMPROVEMENT #2}.</Text>
      </Line>

      <Line Key="TXT_IMP_DESC_MINE" Note="Mine improvement description">
          <Text>An upgraded {TXT_IMP_QUARRY} Improvement. Produces stone and harvests resource nodes.</Text>
      </Line>

      <Line Key="TXT_IMP_DESC_MINES_OF_RAMMLESBERG" Note="Mines of Rammelsberg improvement description">
          <Text>Generates Precious Metals and Metal Ingots each turn, and boosts {TXT_TRM_CRAFTPRODUCTION} at all Workshops in its {TXT_TRM_CITY}.</Text>
      </Line>

      <Line Key="TXT_IMP_DESC_MINT" Note="Mint improvement description">
          <Text>Increases {TXT_TRM_WEALTH} in its {TXT_TRM_CITY}.</Text>
      </Line>

      <Line Key="TXT_IMP_DESC_MONASTERY" Note="Monastery improvement description">
          <Text>Increases Religion Spread Strength, and boosts {TXT_TRM_MASTERPIECE_CREATION_SPEED} at Improvments within its {TXT_TRM_REGION}.</Text>
      </Line>

      <Line Key="TXT_IMP_DESC_MONASTERY_OF_BATALHA" Note="Monastery of Batalha improvement description">
          <Text>Increases the speed at which {TXT_TRM_DOM_RELIGION} {TXT_TRM_TRIUMPH {#2}} are built. Causes Prophet and Engineer {TXT_TRM_PARAGON {#2}} to increase {TXT_TRM_WEALTH} and {TXT_TRM_HAPPINESS} in all Cities.</Text>
      </Line>

      <Line Key="TXT_IMP_DESC_WAR_MONUMENT" Note="War Monument improvement description">
          <Text>The {TXT_IMP_WAR_MONUMENT} celebrates your Nation, increasing {TXT_TRM_PRESTIGE} and {TXT_TRM_WEALTH}.</Text>
      </Line>

      <Line Key="TXT_IMP_DESC_MOSQUE" Note="Mosque improvement description">
          <Text>Specialized {TXT_TRM_RELIGION} {TXT_TRM_IMPROVEMENT} that boosts {TXT_TRM_RELIGION_SPREAD}.</Text>
      </Line>

      <Line Key="TXT_IMP_DESC_MUSEUM" Note="Museum improvement description">
          <Text>Displays {TXT_TRM_MASTERPIECE {#2}} to earn {TXT_TRM_PRESTIGE}. Boosts the {TXT_TRM_PRESTIGE} reward from constructing {TXT_TRM_TRIUMPH {#2}}. </Text>
      </Line>

      <Line Key="TXT_IMP_DESC_NAVAL_BASE" Note="Naval Base improvement description">
          <Text>Boosts the starting EXP for Navies deployed in this {TXT_TRM_CITY}. Also boosts {TXT_TRM_AESTHETICS}.</Text>
      </Line>

      <Line Key="TXT_IMP_DESC_NEMRUT_DAG" Note="Nemrut Dag improvement description">
        <Text>Increases the amount of {TXT_TRM_CITY {#2}} you can build by 1, and raises its City's {TXT_TRM_HOUSING}.</Text>
      </Line>

      <Line Key="TXT_IMP_DESC_OBSERVATORY" Note="Observatory improvement description">
          <Text>Generates a substantial amount of {TXT_TRM_RESEARCH} each turn.</Text>
      </Line>

      <Line Key="TXT_IMP_DESC_OIL_WELL" Note="Oil Well improvement description">
          <Text>Harvester that can only be built on Oil Resource Nodes. Lowers {TXT_TRM_CITY} {TXT_TRM_HEALTH}.</Text>
      </Line>

      <Line Key="TXT_IMP_DESC_OPEN_GRASS_AREA" Note="Open Grass Area improvement description">
          <Text>Boosts the rate of harvesting animals in this {TXT_TRM_CITY}, and provides a modes {TXT_TRM_AESTHETICS} bonus.</Text>
      </Line>

      <Line Key="TXT_IMP_DESC_OPERA_HOUSE" Note="Opera House improvement description">
          <Text>Improves the likelihood of Musician {TXT_TRM_PARAGON {#2}} showing up in your {TXT_TRM_NATION}, and displays {TXT_TRM_MASTERPIECE {#2}} to earn {TXT_TRM_PRESTIGE}.</Text>
      </Line>

      <Line Key="TXT_IMP_DESC_OXFORD_UNIVERSITY" Note="Oxford University improvement description">
          <Text>Boosts the {TXT_TRM_RESEARCH} output of your Universities, and generates bonus research for each {TXT_PARAGON} in your {TXT_TRM_NATION}.</Text>
      </Line>

      <Line Key="TXT_IMP_DESC_PAGODA" Note="Pagoda improvement description">
          <Text>Specialized {TXT_TRM_RELIGION} {TXT_TRM_IMPROVEMENT} that boosts {TXT_TRM_RELIGION_SPREAD}.</Text>
      </Line>

      <Line Key="TXT_IMP_DESC_PALACE" Note="Palace improvement description">
          <Text>Allows you to build an additional {TXT_TRM_CITY} and boosts your {TXT_TRM_TAX} {TXT_TRM_COIN}.</Text>
      </Line>

      <Line Key="TXT_IMP_DESC_PHARMACIST" Note="Pharmacy improvement description">
          <Text>An upgraded version of the Chemist. Crafts a variety of useful goods and boosts {TXT_TRM_HEALTH}.</Text>
      </Line>

      <Line Key="TXT_IMP_DESC_CERAMICSHOP" Note="Ceramic Shop improvement description">
            <Text>Crafts a variety of items.</Text>
      </Line>

     
      <Line Key="TXT_IMP_DESC_PRINTSHOP" Note="Print Shop improvement description">
            <Text>Crafts items that bolster your citizens' Quality of Life.</Text>
      </Line>
      
      <Line Key="TXT_IMP_DESC_PLAZA" Note="Plaza improvement description">
          <Text>Boosts {TXT_TRM_CITY} {TXT_TRM_HAPPINESS} on its own. Slotted {TXT_TRM_WORKER {#123}} boost {TXT_TRM_HAPPINESS} and {TXT_TRM_PRODUCTION}.</Text>
      </Line>

      <Line Key="TXT_IMP_DESC_POST_OFFICE" Note="Post Office improvement description">
          <Text>An upgraded Customs House. Boosts {TXT_TRM_CITY} {TXT_TRM_WEALTH} by a moderate amount on its own, plus a bonus boost if built in a {TXT_TRM_REGION} with {TXT_TRM_DOM_INDUSTRY} {TXT_TRM_IMPROVEMENT {#2}}.</Text>
      </Line>

      <Line Key="TXT_IMP_DESC_PUB_ROW" Note="Pub Row improvement description">
          <Text>An upgraded Inn. Generates {TXT_TRM_COIN} for each {TXT_TRM_DOM_COMMERCE} and {TXT_TRM_DOM_CULTURE} {TXT_TRM_IMPROVEMENT} in its {TXT_TRM_REGION} and slightly boosts {TXT_TRM_AESTHETICS}. Slotted Experts will generate even more {TXT_TRM_COIN}.</Text>
      </Line>

      <Line Key="TXT_IMP_DESC_RACE_TRACK" Note="Race Track improvement description">
          <Text>Boosts {TXT_TRM_HAPPINESS}, and can hold a {TXT_TRM_WORKER} to generate {TXT_TRM_COIN}.</Text>
      </Line>

      <Line Key="TXT_IMP_DESC_REFLECTING_POOL" Note="Reflecting Pool improvement description">
          <Text>Can create statuary {TXT_TRM_MASTERPIECE {#2}}.</Text>
      </Line>

      <Line Key="TXT_IMP_DESC_REFINERY" Note="Refinery improvement description">
          <Text>Produces fuels from natural resources, at the expense of {TXT_TRM_CITY {#2}} {TXT_TRM_HEALTH}.</Text>   
        </Line>

      <Line Key="TXT_IMP_DESC_RESEARCH_LAB" Note="Research Lab improvement description">
          <Text>An upgraded Observatory. Boosts {TXT_TRM_CITY} {TXT_TRM_EDUCATION}.</Text>
      </Line>

    <Line Key="TXT_IMP_DESC_SAGRADA_FAMILIA" Note="Sagrada Familia improvement description">
      <Text>In addition to being breathtaking, this {TXT_TRM_TRIUMPH} substantially boosts the {TXT_TRM_BUILDPRODUCTION} towards other Triumphs.</Text>
    </Line>

    <Line Key="TXT_IMP_DESC_SCULPTURE_GARDEN" Note="Sculpture Garden improvement description">
      <Text>Can create statuary {TXT_TRM_MASTERPIECE {#2}}.</Text>
     </Line>

      <Line Key="TXT_IMP_DESC_SHRINE" Note="Shrine improvement description">
          <Text>Boosts how far your {TXT_TRM_CITY} passively spreads its {TXT_TRM_RELIGION}.</Text>
      </Line>

      <Line Key="TXT_IMP_DESC_STABLE" Note="Stable improvement description">
          <Text>Crafts items and boosts the {TXT_TRM_HARVESTPRODUCTION} towards animal resource nodes in its {TXT_TRM_CITY}.</Text>
      </Line>

    <Line Key="TXT_IMP_DESC_STONEHENGE" Note="Stonehenge improvement description">
          <Text>Provides a substantial early-game bonus to {TXT_TRM_CITY} {TXT_TRM_EDUCATION} and {TXT_TRM_AESTHETICS}.</Text>
      </Line>
    
      <Line Key="TXT_IMP_DESC_SYDNEY_OPERA_HOUSE" Note="Sydney Opera House improvement description">
          <Text>Deprecated</Text>
      </Line>

      <Line Key="TXT_IMP_DESC_TANNERY" Note="Tannery improvement description">
          <Text>Crafts leather.</Text>
      </Line>

    <Line Key="TXT_IMP_DESC_TAJ_MAHAL" Note="Taj Mahal improvement description">
      <Text>Boosts its {TXT_TRM_CITY}'s {TXT_TRM_GROWTH} for each diplomatic alliance you are in.</Text>
    </Line>

      <Line Key="TXT_IMP_DESC_TEMPLE" Note="Temple improvement description">
          <Text>Specialized {TXT_TRM_RELIGION} {TXT_TRM_IMPROVEMENT} that boosts {TXT_TRM_RELIGION_SPREAD}.</Text>
      </Line>

      <Line Key="TXT_IMP_DESC_TEMPLE_OF_BEL" Note="Temple of Bel improvement description">
          <Text>Boosts Religion Spread Strength in all {TXT_TRM_CITY {#2}}, and boosts its own City's {TXT_TRM_AESTHETICS}.</Text>
      </Line>

      <Line Key="TXT_IMP_DESC_THE_ACROPOLIS" Note="The Acropolis improvement description">
          <Text>Significantly boosts its {TXT_TRM_CITY}'s {TXT_TRM_BUILDPRODUCTION} towards {TXT_TRM_TRIUMPH {#2}}.</Text>
      </Line>

      <Line Key="TXT_IMP_DESC_THEATER" Note="Theater improvement description">
          <Text>Can create Music {TXT_TRM_MASTERPIECE {#2}}, and greatly bolsters your acquisition of Artist, Musician, and Writer {TXT_TRM_PARAGON {#2}}.</Text>
      </Line>

      <Line Key="TXT_IMP_DESC_THE_LOTUS_TEMPLE" Note="The Lotus Temple improvement description">
          <Text>Drastically boosts Religion Spread Distance in all of your {TXT_TRM_CITY {#2}}, and moderately boosts all Quality of Life stats in its own {TXT_TRM_CITY}.</Text>
      </Line>
    
      <Line Key="TXT_IMP_DESC_THE_SMITHSONIAN_INSTITUTE" Note="The Smithsonian Institute improvement description">
          <Text>Provides a unique bonus to all {TXT_TRM_IMPROVEMENT {#2}} in its {TXT_TRM_CITY} based on the Improvement's domain. Simply put: everything becomes slightly better.</Text>
      </Line>

      <Line Key="TXT_IMP_DESC_TOPIARY_PARK" Note="Topiary Park improvement description">
          <Text>An upgraded Flower Field. Boosts {TXT_TRM_CITY} {TXT_TRM_HAPPINESS}.</Text>
      </Line>

      <Line Key="TXT_IMP_DESC_TOWN_CENTER" Note="Town Center improvement description">
          <Text>An upgraded Gathering Hall. Boosts its {TXT_TRM_CITY}'s {TXT_TRM_HOUSING}, and bolsters {TXT_TRM_ARMY {#2}} fighting within its {TXT_TRM_REGION}.</Text>
      </Line>

      <Line Key="TXT_IMP_DESC_TRADING_POST" Note="Trading Post improvement description">
          <Text>An early-game source of {TXT_TRM_COIN}.</Text>
      </Line>

      <Line Key="TXT_IMP_DESC_UNIVERSITY" Note="University improvement description">
          <Text>Boosts {TXT_TRM_CITY} {TXT_TRM_EDUCATION}. Generates bonus {TXT_TRM_RESEARCH} if built in a {TXT_TRM_REGION} with {TXT_TRM_DOM_SCIENCE} or {TXT_TRM_DOM_MILITARY} {TXT_TRM_IMPROVEMENT {#2}}.</Text>
      </Line>

	  <Line Key="TXT_IMP_DESC_VEHICLE_FACTORY" Note="Vehicle Factory improvement description">
		  <Text>Can craft essential components of vehicles. Specialists can bolster {TXT_TRM_CITY} {TXT_TRM_BUILDPRODUCTION} at the expense of {TXT_TRM_HAPPINESS} and {TXT_TRM_AESTHETICS}.</Text>
	  </Line>

      <Line Key="TXT_IMP_DESC_VILLAGE_HALL" Note="Village Hall improvement description">
          <Text>The locus point of a {TXT_TRM_CITY}. Can craft some basic goods, and boosts your {TXT_TRM_HOUSING}.</Text>
      </Line>

      <Line Key="TXT_IMP_DESC_WATCHTOWER" Note="Watchtower improvement description">
          <Text>An early-game {TXT_TRM_IMPROVEMENT} that boosts the {TXT_TRM_UNIT_STRENGTH} of your {TXT_TRM_ARMY {#2}} in its {TXT_TRM_REGION}.</Text>
      </Line>

      <Line Key="TXT_IMP_DESC_WATER_TREATMENT_PLANT" Note="Water Treatment Plant improvement description">
        <Text>Boosts {TXT_TRM_CITY} {TXT_TRM_HEALTH}.</Text>
      </Line>

      <Line Key="TXT_IMP_DESC_WATER_WELL" Note="Water Well improvement description">
          <Text>Boosts {TXT_TRM_CITY} {TXT_TRM_HEALTH}.</Text>
      </Line>

	  <Line Key="TXT_IMP_DESC_WEAVER" Note="Weaver improvement description">
          <Text>Creates Textile {TXT_TRM_MASTERPIECE {#2}}.</Text>
	  </Line>

      <Line Key="TXT_IMP_DESC_THE_WHITE_COLUMN" Note="The White Column improvement description">
          <Text>Boosts {TXT_TRM_GROWTH} in its {TXT_TRM_CITY}, and significantly boosts {TXT_TRM_BUILDPRODUCTION} towards other {TXT_TRM_DOM_RELIGION} {TXT_TRM_TRIUMPH {#2}}.</Text>
      </Line>

      <Line Key="TXT_IMP_DESC_WINDMILL" Note="Windmill improvement description">
          <Text>An upgraded Mill. Boosts {TXT_TRM_FOOD} output from all Farms, and boosts {TXT_TRM_CRAFTPRODUCTION} in its {TXT_TRM_CITY}.</Text>
      </Line>

	  <Line Key="TXT_IMP_DESC_WORKSHOP" Note="Workshop improvement description">
		  <Text>Crafts a variety of essential items, and boosts the {TXT_TRM_BUILDPRODUCTION} of {TXT_TRM_DOM_INDUSTRY} {TXT_TRM_IMPROVEMENT {#2}} within its {TXT_TRM_REGION}.</Text>
	  </Line>
    
      <Line Key="TXT_IMP_DESC_ASPHALT_ROAD" Note="Asphalt Road improvement description">
          <Text>An upgraded Cobblestone Road. Increases {TXT_TRM_ARMY} {TXT_TRM_UNIT_SPEED}, {TXT_TRM_RELIGION_SPREAD}, {TXT_TRM_TRADE_ROUTE} speed.</Text>
      </Line>
    
      <Line Key="TXT_IMP_DESC_BAGGER_293" Note="SRs 8000 improvement description">
          <Text>Generates {TXT_TRM_PRESTIGE} per {TXT_TRM_TURN} for each {TXT_TRM_DOM_INDUSTRY} {TXT_TRM_IMPROVEMENT} in your {TXT_TRM_NATION}.</Text>
      </Line>
    
      <Line Key="TXT_IMP_DESC_BURJ_KHALIFA" Note="Burj Khalifa improvement description">
          <Text>Provides a massive boost to {TXT_TRM_CITY} {TXT_TRM_WEALTH}.</Text>
      </Line>
    
      <Line Key="TXT_IMP_DESC_COAL_POWER_PLANT" Note="Coal Power Plant improvement description">
          <Text>Generates {TXT_TRM_POWER}, at the expense of the {TXT_TRM_CITY}'s {TXT_TRM_HAPPINESS} and {TXT_TRM_HEALTH}. Slotted {TXT_TRM_WORKER {#2}} helps to boosts the {TXT_TRM_CITY}'s {TXT_TRM_CRAFTPRODUCTION}.</Text>
      </Line>
    
      <Line Key="TXT_IMP_DESC_DATA_CENTER" Note="Data Center improvement description">
          <Text>An upgraded Radio Tower. Boosts its {TXT_TRM_CITY}'s {TXT_TRM_EDUCATION} and its {TXT_TRM_RESEARCH} output.</Text>
      </Line>

	  <Line Key="TXT_IMP_DESC_DIRT_ROAD" Note="Asphalt Road improvement description">
		  <Text>The simplest road ever devised. Increases /href:t:Term:term_UnitSpeed/Force Speed/Endhref/, /href:t:Term:term_Religion/Religion/Endhref/ /href:t:Term:term_ReligionSpread/Spread/Endhref/, /href:t:Term:term_TradeRoute/Trade Route/Endhref/ speed.</Text>
	  </Line>
    
      <Line Key="TXT_IMP_DESC_EIFFEL_TOWER" Note="Eiffel Tower improvement description">
          <Text>Generates {TXT_TRM_PRESTIGE} each {TXT_TRM_TURN}.</Text>
      </Line>
    
      <Line Key="TXT_IMP_DESC_EXHIBITION_HALL" Note="Exhibition Hall improvement description">
          <Text>Boosts {TXT_TRM_WEALTH} and can house {TXT_TRM_MASTERPIECE_SET {#2}}.</Text>
      </Line>
    
      <Line Key="TXT_IMP_DESC_FACTORY" Note="Factory improvement description">
          <Text>Crafts a wide variety of essential modern goods. Also boosts {TXT_TRM_BUILDPRODUCTION} towards {TXT_TRM_DOM_INDUSTRY} {TXT_TRM_IMPROVEMENT {#2}} in its {TXT_TRM_REGION}.</Text>
      </Line>
    
      <Line Key="TXT_IMP_DESC_FUSION_RESEARCH_CENTER" Note="Fusion Research Center improvement description">
          <Text>An upgraded University. Boosts {TXT_TRM_CITY} {TXT_TRM_EDUCATION}. Generates bonus {TXT_TRM_RESEARCH} if built in a {TXT_TRM_REGION} with {TXT_TRM_DOM_SCIENCE} or {TXT_TRM_DOM_MILITARY} {TXT_TRM_IMPROVEMENT {#2}}.</Text>
      </Line>
    
      <Line Key="TXT_IMP_DESC_GEOTHERMAL_POWER_PLANT" Note="Geothermal Power Plant improvement description">
          <Text>Generates an amount of {TXT_TRM_POWER} per {TXT_TRM_TURN} at the expense of the {TXT_TRM_CITY}'s {TXT_TRM_WEALTH} and {TXT_TRM_AESTHETICS}.</Text>
      </Line>
       
      <Line Key="TXT_IMP_DESC_GUGGENHEIM_MUSEUM_BILBAO" Note="Guggenheim Museum Bilbao improvement description">
          <Text>An essential pick for Nations focusing on {TXT_TRM_DOM_CULTURE}. Provides a massive boost to {TXT_TRM_MASTERPIECE} creation speed, and generates {TXT_TRM_PRESTIGE} for each distrinct Culture {TXT_TRM_IMPROVEMENT} in your {TXT_TRM_NATION}.</Text>
      </Line>
    
      <Line Key="TXT_IMP_DESC_INDUSTRIAL_FARM" Note="Industrial Farm improvement description">
          <Text>An upgraded Irrigated Farm. A powerful late-game food producer that also boosts {TXT_TRM_CITY} {TXT_TRM_GROWTH}.</Text>
      </Line>
    
      <Line Key="TXT_IMP_DESC_INDUSTRIAL_FISHING_FARM" Note="Industrial Fishing Farm improvement description">
          <Text>Upgraded Fishing Nets. Powerful generator of {TXT_TRM_FOOD} for coastal {TXT_TRM_CITY {#2}}.</Text>
      </Line>
    
      <Line Key="TXT_IMP_DESC_MEDICAL_LAB" Note="Medical Lab improvement description">
          <Text>An upgraded Clinic. Boosts {TXT_TRM_CITY} {TXT_TRM_HEALTH} and can generate {TXT_TRM_RESEARCH} with the help of an Expert.</Text>
      </Line>
    
      <Line Key="TXT_IMP_DESC_NUCLEAR_POWER_PLANT" Note="Nuclear Power Plant improvement description">
          <Text>A potent {TXT_TRM_IMPROVEMENT} that utilizes {TXT_TRM_URANIUM_ITEM} to produce {TXT_TRM_POWER}. </Text>
      </Line>
       
      <Line Key="TXT_IMP_DESC_PUBLIC_ART_INSTALLATION" Note="Public Art Installation improvement description">
          <Text>Helps your citizens share their artistic flair!</Text>
      </Line>
    
      <Line Key="TXT_IMP_DESC_PUBLIC_SCHOOL" Note="School improvement description">
          <Text>{TXT_TRM_IMPROVEMENT} that boosts {TXT_TRM_EDUCATION}.</Text>
      </Line>

      <Line Key="TXT_IMP_DESC_RECYCLING_CENTER" Note="Recycling Center improvement description">
          <Text>A late-game {TXT_TRM_IMPROVEMENT} that generates Aluminum each {TXT_TRM_TURN}. Can slot an Expert to generate more Aluminum and boost {TXT_TRM_HAPPINESS}.</Text>
      </Line>
    
      <Line Key="TXT_IMP_DESC_SAM_BATTERY_DEFENSE" Note="SAM Battery Defense improvement description">
          <Text>A late-game {TXT_TRM_IMPROVEMENT} used to defend your {TXT_TRM_CITY {#2}} from aerial attackers.</Text>
      </Line>
       
      <Line Key="TXT_IMP_DESC_SOLAR_POWER_PLANT" Note="Solar Power Plant improvement description">
          <Text>A {TXT_TRM_POWER} generator that can only be built in deserts or other dry sunny areas.</Text>
      </Line>
    
      <Line Key="TXT_IMP_DESC_STADIUM" Note="Stadium improvement description">
          <Text>An upgraded Racetrack. Boosts {TXT_TRM_HAPPINESS}. A slotted Expert will generate {TXT_TRM_COIN}.</Text>
      </Line>
    
      <Line Key="TXT_IMP_DESC_STATUE_OF_LIBERTY" Note="Statue Of Liberty improvement description">
          <Text>A powerful {TXT_TRM_TRIUMPH} that boosts its {TXT_TRM_CITY}'s {TXT_TRM_GROWTH}.</Text>
      </Line>
       
      <Line Key="TXT_IMP_DESC_SYMPHONY_HALL" Note="Symphony Hall improvement description">
          <Text>Can create Music {TXT_TRM_MASTERPIECE {#2}}.</Text>
      </Line>
    
      <Line Key="TXT_IMP_DESC_TOP_SECRET_MILITARY_BASE" Note="Top Secret Military Base improvement description">
          <Text>A powerful late-game {TXT_IMPROVEMENT} used to craft powerful items. Of course, its existence is an unconfirmed rumor.</Text>
      </Line>
    
      <Line Key="TXT_IMP_DESC_VOLKLINGEN_IRONWORKS" Note="Volklingen Ironworks improvement description">
          <Text>A powerful late-game {TXT_TRM_TRIUMPH} that boosts the entire {TXT_TRM_NATION}'s {TXT_TRM_PRODUCTION}.</Text>
      </Line>
    
      <Line Key="TXT_IMP_DESC_WIND_TURBINE" Note="Wind Turbine improvement description">
          <Text>Generates an amount of {TXT_TRM_POWER} per {TXT_TRM_TURN} at the expense of the {TXT_TRM_CITY}'s {TXT_TRM_AESTHETICS}.</Text>
      </Line>
    
      <Line Key="TXT_IMP_DESC_ZOO" Note="Zoo improvement description">
          <Text>An upgraded Topiary Park. Boosts {TXT_TRM_HAPPINESS} on its own, and {TXT_TRM_WEALTH} with an Expert.</Text>
      </Line>

      <Line Key="TXT_IMP_DESC_GUILD_STUDIO" Note="Guild Studio improvement description">
          <Text>Generalized crafting {TXT_IMPROVEMENT} commonly found during the late medieval period.</Text>
      </Line>

      <Line Key="TXT_IMP_DESC_MULTIMEDIA_STUDIO" Note="Multimedia Studio improvement description">
          <Text>A late-game {TXT_TRM_IMPROVEMENT} that can create any type of {TXT_TRM_MASTERPIECE}, and bolsters {TXT_TRM_AESTHETICS} at the expense of {TXT_TRM_WEALTH}.</Text>
      </Line>

      <Line Key="TXT_IMP_DESC_FERMENTING_HUT" Note="Fermenting Pit improvement description">
          <Text>An early-game crafting {TXT_TRM_IMPROVEMENT} that can produce goods to bolster {TXT_TRM_GROWTH} and {TXT_TRM_HAPPINESS}.</Text>
      </Line>

      <Line Key="TXT_IMP_DESC_IRRIGATED_FARM" Note="Irrigated Farm improvement description">
          <Text>An upgraded Farm. Generates more {TXT_TRM_FOOD} and {TXT_TRM_GROWTH} than its previous version.</Text>
      </Line>

      <Line Key="TXT_IMP_DESC_SAWMILL" Note="Sawmill improvement description">
          <Text>An upgraded {TXT_IMP_LUMBER_MILL}. Generates more {TXT_TRM_WOOD} than its previous version.</Text>
      </Line>

      <Line Key="TXT_IMP_DESC_INDUSTRIAL_LOGGING" Note="Industrial Logging Camp improvement description">
          <Text>An upgraded Logging Camp. Generates more {TXT_TRM_WOOD} than its previous version.</Text>
      </Line>

      <Line Key="TXT_IMP_DESC_QUARRY" Note="Quarry improvement description">          
            <Text>Early-game {TXT_TRM_STONE} generator that can harvest mineral resource nodes. An expert can be slotted to increase its effectiveness and boost {TXT_TRM_CITY} {TXT_TRM_BUILDPRODUCTION}.</Text>
      </Line>

	  <Line Key="TXT_IMP_DESC_INDUSTRIAL_MINE" Note="Industrial Mine improvement description">
		  <Text>An upgraded Mine. Generates a substantial amount of {TXT_TRM_STONE} and harvest more special resources.</Text>
	  </Line>

    <Line Key="TXT_IMP_DESC_SHOPPING_MALL" Note="Shopping Mall improvement description">
      <Text>Boosts {TXT_TRM_WEALTH} and crafts a variety of fine goods. An Expert can be slotted to generate {TXT_TRM_COIN}.</Text>
    </Line>

    <Line Key="TXT_IMP_DESC_CHEMIST" Note="Chemist improvement description">
      <Text>An upgraded Apothecary. Crafts a wide variety of powerful items to boost many Quality of Life Stats.</Text>
    </Line>

    <Line Key="TXT_IMP_DESC_ARMORY" Note="Armory improvement description">
      <Text>The {TXT_IMP_ARMORY} provides a boost to Security and is used to /href:t:Term:term_Crafting/Craft/Endhref/ Explosives and Gunpowder.</Text>
    </Line>
    
    <Line Key="TXT_IMP_DESC_PUBLIC_PLAYGROUND" Note="Public Playground improvement description">
      <Text>An {TXT_TRM_IMPROVEMENT} that can help bolster {TXT_TRM_CITY} {TXT_TRM_HAPPINESS}.</Text>
    </Line>

    <Line Key="TXT_IMP_DESC_RADIO_TOWER" Note="Radio Tower improvement description">
      <Text>An upgraded Lighthouse. Boosts {TXT_TRM_CITY} {TXT_TRM_EDUCATION}.</Text>
    </Line>

    <Line Key="TXT_IMP_DESC_COMMUNITY_GARDEN" Note="Community Garden improvement description">
      <Text>An upgraded Plaza. Boosts {TXT_TRM_HAPPINESS} on its own. Specialists within boost {TXT_TRM_HAPPINESS} and {TXT_TRM_PRODUCTION}.</Text>
    </Line>

    
    <Line Key="TXT_IMP_POLICE_STATION" Note="Police Station improvement name">
        <Text>Police Station</Text>
    </Line>


    <Line Key="TXT_IMP_DESC_POLICE_STATION" Note="Police Station improvement description">
      <Text>Boosts {TXT_TRM_CITY} {TXT_TRM_AESTHETICS} and can house an {TXT_TRM_WORKER} to provide more {TXT_TRM_AESTHETICS}.</Text>
    </Line>

    <!--*******************************************************************************************
   ...............................        Harvestor Types          .............................
   *********************************************************************************************-->

    <Line Key="TXT_HARVESTOR_TYPE_PLACEHOLDER" Note="Placeholder harvestor type" Gender="other">
      <Text>Placeholder</Text>
    </Line>

    <Line Key="TXT_HARVESTOR_TYPE_WELL" Note="Havestor well type" Gender="other">
      <Text>Well</Text>
    </Line>

  </Locale>
</GameText>
