<?xml version="1.0" encoding="UTF-8"?>
<GameText>
<!--The Note attribute is a non game-facing field giving more context to the translator. -->
  <Locale ID="en">
    <!--*******************************************************************************************
   ...............................          Templates            .............................
   *********************************************************************************************-->
    <Line Key="TXT_PERSON_NAME_TEMPLATE" Note="A generic for displaying a person's name. Nothing to translate">
      <Text>{0_first_name} {1_last_name}</Text>
    </Line>

    <Line Key="TXT_PERSON_STAT_TEMPLATE" Note="A generic for displaying game value. Nothing to translate">
      <Text>{0_word_descriptor} {1_number}</Text>
    </Line>

    <!--*******************************************************************************************
   ...............................           Cart Types            .............................
   *********************************************************************************************-->
    <Line Key="TXT_ITM_COMMON_GOODS" Note="A generic indicator for what a cart is hauling." Gender="other">
      <Text>Common Goods</Text>
    </Line>

    <Line Key="TXT_ITM_LUXURY_GOODS" Note="A generic indicator for what a cart is hauling." Gender="other">
      <Text>Luxury Goods</Text>
    </Line>

    <Line Key="TXT_ITM_STRATEGIC_GOODS" Note="A generic indicator for what a cart is hauling.">
      <Text>Weapons</Text>
    </Line>
    

    <!--*******************************************************************************************
   ...............................              Moods            .............................
   *********************************************************************************************-->

	  <Line Key="TXT_MOOD_HAPPINESS_LOWEST" Note="A type of mood">
		  <Text>Rebellious</Text>
	  </Line>

	  <Line Key="TXT_MOOD_HAPPINESS_VERY_LOW" Note="A type of mood">
		  <Text>Furious</Text>
	  </Line>
	  
	  <Line Key="TXT_MOOD_HAPPINESS_LOW" Note="A type of mood">
		  <Text>Irritated</Text>
	  </Line>
	  
	  <Line Key="TXT_MOOD_HAPPINESS_SLIGHTLYLOW" Note="A type of mood">
		  <Text>Upset</Text>
	  </Line>
	  
	  <Line Key="TXT_MOOD_HAPPINESS_BARELYLOW" Note="A type of mood">
		  <Text>Bored</Text>
	  </Line>
	  
	  <Line Key="TXT_MOOD_HAPPINESS_NEUTRAL" Note="A type of mood">
		  <Text>Content</Text>
	  </Line>
	  
	  <Line Key="TXT_MOOD_HAPPINESS_BARELYHIGH" Note="A type of mood">
		  <Text>Upbeat</Text>
	  </Line>
	  
	  <Line Key="TXT_MOOD_HAPPINESS_SLIGHTLYHIGH" Note="A type of mood">
		  <Text>Cheerful</Text>
	  </Line>
	  
	  <Line Key="TXT_MOOD_HAPPINESS_HIGH" Note="A type of mood">
		  <Text>Jubilant</Text>
	  </Line>
	  
	  <Line Key="TXT_MOOD_HAPPINESS_VERY_HIGH" Note="A type of mood">
		  <Text>Ecstatic</Text>
	  </Line>
	  
	  <Line Key="TXT_MOOD_HAPPINESS_HIGHEST" Note="A type of mood">
		  <Text>Euphoric</Text>
	  </Line>

	  <Line Key="TXT_MOOD_HEALTH_LOWEST" Note="A type of mood">
		  <Text>Moribund</Text>
	  </Line>

	  <Line Key="TXT_MOOD_HEALTH_VERY_LOW" Note="A type of mood">
		  <Text>Infirm</Text>
	  </Line>

	  <Line Key="TXT_MOOD_HEALTH_LOW" Note="A type of mood">
		  <Text>Diseased</Text>
	  </Line>

	  <Line Key="TXT_MOOD_HEALTH_SLIGHTLYLOW" Note="A type of mood">
		  <Text>Sickly</Text>
	  </Line>

	  <Line Key="TXT_MOOD_HEALTH_BARELYLOW" Note="A type of mood">
		  <Text>Feeble</Text>
	  </Line>

	  <Line Key="TXT_MOOD_HEALTH_NEUTRAL" Note="A type of mood">
		  <Text>Fine</Text>
	  </Line>

	  <Line Key="TXT_MOOD_HEALTH_BARELYHIGH" Note="A type of mood">
		  <Text>Hearty</Text>
	  </Line>

	  <Line Key="TXT_MOOD_HEALTH_SLIGHTLYHIGH" Note="A type of mood">
		  <Text>Energetic</Text>
	  </Line>

	  <Line Key="TXT_MOOD_HEALTH_HIGH" Note="A type of mood">
		  <Text>Robust</Text>
	  </Line>

	  <Line Key="TXT_MOOD_HEALTH_VERY_HIGH" Note="A type of mood">
		  <Text>Strong</Text>
	  </Line>

	  <Line Key="TXT_MOOD_HEALTH_HIGHEST" Note="A type of mood">
		  <Text>Vigorous</Text>
	  </Line>

	  <Line Key="TXT_MOOD_EDUCATION_LOWEST" Note="A type of mood">
		  <Text>Wet Match in a Dark Cave</Text>
	  </Line>

	  <Line Key="TXT_MOOD_EDUCATION_VERY_LOW" Note="A type of mood">
		  <Text>Backwards</Text>
	  </Line>

	  <Line Key="TXT_MOOD_EDUCATION_LOW" Note="A type of mood">
		  <Text>Ignorant</Text>
	  </Line>

	  <Line Key="TXT_MOOD_EDUCATION_SLIGHTLYLOW" Note="A type of mood">
		  <Text>Illiterate</Text>
	  </Line>

	  <Line Key="TXT_MOOD_EDUCATION_BARELYLOW" Note="A type of mood">
		  <Text>Confused</Text>
	  </Line>

	  <Line Key="TXT_MOOD_EDUCATION_NEUTRAL" Note="A type of mood">
		  <Text>Knowledgeable</Text>
	  </Line>

	  <Line Key="TXT_MOOD_EDUCATION_BARELYHIGH" Note="A type of mood">
		  <Text>Clever</Text>
	  </Line>

	  <Line Key="TXT_MOOD_EDUCATION_SLIGHTLYHIGH" Note="A type of mood">
		  <Text>Keen</Text>
	  </Line>

	  <Line Key="TXT_MOOD_EDUCATION_HIGH" Note="A type of mood">
		  <Text>Smart</Text>
	  </Line>

	  <Line Key="TXT_MOOD_EDUCATION_VERY_HIGH" Note="A type of mood">
		  <Text>Brilliant</Text>
	  </Line>

	  <Line Key="TXT_MOOD_EDUCATION_HIGHEST" Note="A type of mood">
		  <Text>Enlightened</Text>
	  </Line>

	  <Line Key="TXT_MOOD_WEALTH_LOWEST" Note="A type of mood">
		  <Text>Destitute</Text>
	  </Line>

	  <Line Key="TXT_MOOD_WEALTH_VERY_LOW" Note="A type of mood">
		  <Text>Impoverished</Text>
	  </Line>

	  <Line Key="TXT_MOOD_WEALTH_LOW" Note="A type of mood">
		  <Text>Poor</Text>
	  </Line>

	  <Line Key="TXT_MOOD_WEALTH_SLIGHTLYLOW" Note="A type of mood">
		  <Text>Struggling</Text>
	  </Line>

	  <Line Key="TXT_MOOD_WEALTH_BARELYLOW" Note="A type of mood">
		  <Text>Tight</Text>
	  </Line>

	  <Line Key="TXT_MOOD_WEALTH_NEUTRAL" Note="A type of mood">
		  <Text>Getting By</Text>
	  </Line>

	  <Line Key="TXT_MOOD_WEALTH_BARELYHIGH" Note="A type of mood">
		  <Text>Satisfied</Text>
	  </Line>

	  <Line Key="TXT_MOOD_WEALTH_SLIGHTLYHIGH" Note="A type of mood">
		  <Text>Comfortable</Text>
	  </Line>

	  <Line Key="TXT_MOOD_WEALTH_HIGH" Note="A type of mood">
		  <Text>Well-to-do</Text>
	  </Line>

	  <Line Key="TXT_MOOD_WEALTH_VERY_HIGH" Note="A type of mood">
		  <Text>Rich</Text>
	  </Line>

	  <Line Key="TXT_MOOD_WEALTH_HIGHEST" Note="A type of mood">
		  <Text>Affluent</Text>
	  </Line>

	  <Line Key="TXT_MOOD_SPLENDOR_LOWEST" Note="A type of mood">
		  <Text>Disgusting</Text>
	  </Line>

	  <Line Key="TXT_MOOD_SPLENDOR_VERY_LOW" Note="A type of mood">
		  <Text>Hideous</Text>
	  </Line>

	  <Line Key="TXT_MOOD_SPLENDOR_LOW" Note="A type of mood">
		  <Text>Beastly</Text>
	  </Line>

	  <Line Key="TXT_MOOD_SPLENDOR_SLIGHTLYLOW" Note="A type of mood">
		  <Text>Foul</Text>
	  </Line>

	  <Line Key="TXT_MOOD_SPLENDOR_BARELYLOW" Note="A type of mood">
		  <Text>Ugly</Text>
	  </Line>

	  <Line Key="TXT_MOOD_SPLENDOR_NEUTRAL" Note="A type of mood">
		  <Text>Neglected</Text>
	  </Line>

	  <Line Key="TXT_MOOD_SPLENDOR_BARELYHIGH" Note="A type of mood">
		  <Text>Plain</Text>
	  </Line>

	  <Line Key="TXT_MOOD_SPLENDOR_SLIGHTLYHIGH" Note="A type of mood">
		  <Text>Maintained</Text>
	  </Line>

	  <Line Key="TXT_MOOD_SPLENDOR_HIGH" Note="A type of mood">
		  <Text>Stunning</Text>
	  </Line>

	  <Line Key="TXT_MOOD_SPLENDOR_VERY_HIGH" Note="A type of mood">
		  <Text>Breathtaking</Text>
	  </Line>

	  <Line Key="TXT_MOOD_SPLENDOR_HIGHEST" Note="A type of mood">
		  <Text>Spectacular</Text>
	  </Line>
    
      <!--*******************************************************************************************
      .........................              Citizen Phrases           .............................
      *********************************************************************************************-->

    <Line Key="TXT_CITIZEN_PHRASE0" Note="Phrase exclaimed at random by citizens in the game's living world.">
      <Text>"I hate everyone."</Text>
    </Line>

    <Line Key="TXT_CITIZEN_PHRASE1" Note="Phrase exclaimed at random by citizens in the game's living world.">
      <Text>"This is seriously awful."</Text>
    </Line>

    <Line Key="TXT_CITIZEN_PHRASE2" Note="Phrase exclaimed at random by citizens in the game's living world.">
      <Text>"Rats in the cornfield!"</Text>
    </Line>

    <Line Key="TXT_CITIZEN_PHRASE3" Note="Phrase exclaimed at random by citizens in the game's living world.">
      <Text>"If it weren't for bad luck I'd have no luck."</Text>
    </Line>

    <Line Key="TXT_CITIZEN_PHRASE4" Note="Phrase exclaimed at random by citizens in the game's living world.">
      <Text>"How could my life possibly get any worse?"</Text>
    </Line>

    <Line Key="TXT_CITIZEN_PHRASE5" Note="Phrase exclaimed at random by citizens in the game's living world.">
      <Text>"I bet I have the plague."</Text>
    </Line>

    <Line Key="TXT_CITIZEN_PHRASE6" Note="Phrase exclaimed at random by citizens in the game's living world.">
      <Text>"I feel terrible."</Text>
    </Line>

    <Line Key="TXT_CITIZEN_PHRASE7" Note="Phrase exclaimed at random by citizens in the game's living world.">
      <Text>"Quit poking me!!!"</Text>
    </Line>

    <Line Key="TXT_CITIZEN_PHRASE8" Note="Phrase exclaimed at random by citizens in the game's living world.">
      <Text>"There's a bad moon on the rise."</Text>
    </Line>

    <Line Key="TXT_CITIZEN_PHRASE9" Note="Phrase exclaimed at random by citizens in the game's living world.">
      <Text>"My teeth hurt."</Text>
    </Line>

    <Line Key="TXT_CITIZEN_PHRASE10" Note="Phrase exclaimed at random by citizens in the game's living world.">
      <Text>"Who's in charge here?"</Text>
    </Line>

    <Line Key="TXT_CITIZEN_PHRASE11" Note="Phrase exclaimed at random by citizens in the game's living world.">
      <Text>"Snakes. Why did it have to be snakes?!"</Text>
    </Line>

    <Line Key="TXT_CITIZEN_PHRASE12" Note="Phrase exclaimed at random by citizens in the game's living world.">
      <Text>"Blah."</Text>
    </Line>

    <Line Key="TXT_CITIZEN_PHRASE13" Note="Phrase exclaimed at random by citizens in the game's living world.">
      <Text>"What did I just step in?!"</Text>
    </Line>

    <Line Key="TXT_CITIZEN_PHRASE14" Note="Phrase exclaimed at random by citizens in the game's living world.">
      <Text>"Aargh."</Text>
    </Line>

    <Line Key="TXT_CITIZEN_PHRASE15" Note="Phrase exclaimed at random by citizens in the game's living world.">
      <Text>"I have a boil."</Text>
    </Line>

    <Line Key="TXT_CITIZEN_PHRASE16" Note="Phrase exclaimed at random by citizens in the game's living world.">
      <Text>"This is not my beautiful house!"</Text>
    </Line>

    <Line Key="TXT_CITIZEN_PHRASE17" Note="Phrase exclaimed at random by citizens in the game's living world.">
      <Text>"........yep."</Text>
    </Line>

    <Line Key="TXT_CITIZEN_PHRASE18" Note="Phrase exclaimed at random by citizens in the game's living world.">
      <Text>"...Sigh."</Text>
    </Line>

    <Line Key="TXT_CITIZEN_PHRASE19" Note="Phrase exclaimed at random by citizens in the game's living world.">
      <Text>"Whatever."</Text>
    </Line>

    <Line Key="TXT_CITIZEN_PHRASE20" Note="Phrase exclaimed at random by citizens in the game's living world.">
      <Text>"We won't get fooled again."</Text>
    </Line>

    <Line Key="TXT_CITIZEN_PHRASE21" Note="Phrase exclaimed at random by citizens in the game's living world.">
      <Text>"Blah. Also, bleah."</Text>
    </Line>

    <Line Key="TXT_CITIZEN_PHRASE22" Note="Phrase exclaimed at random by citizens in the game's living world.">
      <Text>"Another day at the grindstone."</Text>
    </Line>

    <Line Key="TXT_CITIZEN_PHRASE23" Note="Phrase exclaimed at random by citizens in the game's living world.">
      <Text>"Back to work."</Text>
    </Line>

    <Line Key="TXT_CITIZEN_PHRASE24" Note="Phrase exclaimed at random by citizens in the game's living world.">
      <Text>"Eggs, milk, paper...what am I forgetting?"</Text>
    </Line>

    <Line Key="TXT_CITIZEN_PHRASE25" Note="Phrase exclaimed at random by citizens in the game's living world.">
      <Text>*yawn*</Text>
    </Line>

    <Line Key="TXT_CITIZEN_PHRASE26" Note="Phrase exclaimed at random by citizens in the game's living world.">
      <Text>"I like trains. Have they invented trains yet?"</Text>
    </Line>

    <Line Key="TXT_CITIZEN_PHRASE27" Note="Phrase exclaimed at random by citizens in the game's living world.">
      <Text>"What does it have in its pocketses?"</Text>
    </Line>

    <Line Key="TXT_CITIZEN_PHRASE28" Note="Phrase exclaimed at random by citizens in the game's living world.">
      <Text>"A bug flew up my nose."</Text>
    </Line>

    <Line Key="TXT_CITIZEN_PHRASE29" Note="Phrase exclaimed at random by citizens in the game's living world.">
      <Text>"I should start exercising more."</Text>
    </Line>

    <Line Key="TXT_CITIZEN_PHRASE30" Note="Phrase exclaimed at random by citizens in the game's living world.">
      <Text>"Meh. What's on the docket for today?"</Text>
    </Line>

    <Line Key="TXT_CITIZEN_PHRASE31" Note="Phrase exclaimed at random by citizens in the game's living world.">
      <Text>"Boop, boop, boop."</Text>
    </Line>

    <Line Key="TXT_CITIZEN_PHRASE32" Note="Phrase exclaimed at random by citizens in the game's living world.">
      <Text>"I think there's a pebble in my shoe."</Text>
    </Line>

    <Line Key="TXT_CITIZEN_PHRASE33" Note="Phrase exclaimed at random by citizens in the game's living world.">
      <Text>"Ugh, I need new pants. His pants are awesome."</Text>
    </Line>

    <Line Key="TXT_CITIZEN_PHRASE34" Note="Phrase exclaimed at random by citizens in the game's living world.">
      <Text>"Just 27,004 days until retirement!"</Text>
    </Line>

    <Line Key="TXT_CITIZEN_PHRASE35" Note="Phrase exclaimed at random by citizens in the game's living world.">
      <Text>"Mmmm. Donuts!"</Text>
    </Line>

    <Line Key="TXT_CITIZEN_PHRASE36" Note="Phrase exclaimed at random by citizens in the game's living world.">
      <Text>"I wonder what's for dinner?"</Text>
    </Line>

    <Line Key="TXT_CITIZEN_PHRASE37" Note="Phrase exclaimed at random by citizens in the game's living world.">
      <Text>"I need coffee. Do we have coffee?"</Text>
    </Line>

    <Line Key="TXT_CITIZEN_PHRASE38" Note="Phrase exclaimed at random by citizens in the game's living world.">
      <Text>"Doo-doo-do. Da daah-daah-dah!"</Text>
    </Line>

    <Line Key="TXT_CITIZEN_PHRASE39" Note="Phrase exclaimed at random by citizens in the game's living world.">
      <Text>"I like cheese."</Text>
    </Line>

    <Line Key="TXT_CITIZEN_PHRASE40" Note="Phrase exclaimed at random by citizens in the game's living world.">
      <Text>"Oh well. It could be worse."</Text>
    </Line>

    <Line Key="TXT_CITIZEN_PHRASE41" Note="Phrase exclaimed at random by citizens in the game's living world.">
      <Text>"Huh...I think I know that guy."</Text>
    </Line>

    <Line Key="TXT_CITIZEN_PHRASE42" Note="Phrase exclaimed at random by citizens in the game's living world.">
      <Text>"This was a pretty good day."</Text>
    </Line>

    <Line Key="TXT_CITIZEN_PHRASE43" Note="Phrase exclaimed at random by citizens in the game's living world.">
      <Text>"I've felt worse."</Text>
    </Line>

    <Line Key="TXT_CITIZEN_PHRASE44" Note="Phrase exclaimed at random by citizens in the game's living world.">
      <Text>"Oo look, rainbows."</Text>
    </Line>

    <Line Key="TXT_CITIZEN_PHRASE45" Note="Phrase exclaimed at random by citizens in the game's living world.">
      <Text>"Good night and have a pleasant tomorrow."</Text>
    </Line>

    <Line Key="TXT_CITIZEN_PHRASE46" Note="Phrase exclaimed at random by citizens in the game's living world.">
      <Text>"Hello World!"</Text>
    </Line>

    <Line Key="TXT_CITIZEN_PHRASE47" Note="Phrase exclaimed at random by citizens in the game's living world.">
      <Text>"Fun, fun, fun."</Text>
    </Line>

    <Line Key="TXT_CITIZEN_PHRASE48" Note="Phrase exclaimed at random by citizens in the game's living world.">
      <Text>"It's a beautiful day in the neighborhood."</Text>
    </Line>

    <Line Key="TXT_CITIZEN_PHRASE49" Note="Phrase exclaimed at random by citizens in the game's living world.">
      <Text>"Everything is awesome."</Text>
    </Line>

    <Line Key="TXT_CITIZEN_PHRASE50" Note="Phrase exclaimed at random by citizens in the game's living world.">
      <Text>"Best. Day. EVER!"</Text>
    </Line>

    <Line Key="TXT_CITIZEN_PHRASE51" Note="Phrase exclaimed at random by citizens in the game's living world.">
      <Text>"What a great day!"</Text>
    </Line>

    <Line Key="TXT_CITIZEN_PHRASE52" Note="Phrase exclaimed at random by citizens in the game's living world.">
      <Text>"I feel good."</Text>
    </Line>

    <Line Key="TXT_CITIZEN_PHRASE53" Note="Phrase exclaimed at random by citizens in the game's living world.">
      <Text>"Looking as great as I feel!"</Text>
    </Line>

    <Line Key="TXT_CITIZEN_PHRASE54" Note="Phrase exclaimed at random by citizens in the game's living world.">
      <Text>"This is swell."</Text>
    </Line>

    <Line Key="TXT_CITIZEN_PHRASE55" Note="Phrase exclaimed at random by citizens in the game's living world.">
      <Text>"I am suspiciously happy."</Text>
    </Line>

    <Line Key="TXT_CITIZEN_PHRASE56" Note="Phrase exclaimed at random by citizens in the game's living world.">
      <Text>"Turn that frown upside-down!"</Text>
    </Line>

    <Line Key="TXT_CITIZEN_PHRASE57" Note="Phrase exclaimed at random by citizens in the game's living world.">
      <Text>"Great day in the morning!"</Text>
    </Line>

    <Line Key="TXT_CITIZEN_PHRASE58" Note="Phrase exclaimed at random by citizens in the game's living world.">
      <Text>"Oh what a beautiful morning!"</Text>
    </Line>

    <Line Key="TXT_CITIZEN_PHRASE59" Note="Phrase exclaimed at random by citizens in the game's living world.">
      <Text>"What a great day I'm having."</Text>
    </Line>

    <Line Key="TXT_CITIZEN_PHRASE60" Note="Phrase exclaimed at random by citizens in the game's living world.">
      <Text>"Feeling fantastic!"</Text>
    </Line>

    <Line Key="TXT_CITIZEN_PHRASE61" Note="Phrase exclaimed at random by citizens in the game's living world.">
      <Text>"Everything's coming up roses!"</Text>
    </Line>

    <!--*******************************************************************************************
      .........................             Living World Cart Info           .............................
      *********************************************************************************************-->
    <Line Key="TXT_CITIZEN_FOOD_CART1" Note="The proper name of a cart delivering food around the map. Many of these are intended to be puns and light wordplay.">
      <Text>An Apple A Day</Text>
    </Line>

    <Line Key="TXT_CITIZEN_FOOD_CART2" Note="The proper name of a cart delivering food around the map. Many of these are intended to be puns and light wordplay.">
      <Text>Fish Sticks and Custard</Text>
    </Line>

    <Line Key="TXT_CITIZEN_FOOD_CART3" Note="The proper name of a cart delivering food around the map. Many of these are intended to be puns and light wordplay.">
      <Text>Oh My Cod</Text>
    </Line>

    <Line Key="TXT_CITIZEN_FOOD_CART4" Note="The proper name of a cart delivering food around the map. Many of these are intended to be puns and light wordplay.">
      <Text>McGibblet's</Text>
    </Line>

    <Line Key="TXT_CITIZEN_FOOD_CART5" Note="The proper name of a cart delivering food around the map. Many of these are intended to be puns and light wordplay.">
      <Text>Brown Food</Text>
    </Line>

    <Line Key="TXT_CITIZEN_FOOD_CART6" Note="The proper name of a cart delivering food around the map. Many of these are intended to be puns and light wordplay.">
      <Text>The Secret Ingredient</Text>
    </Line>

    <Line Key="TXT_CITIZEN_FOOD_CART7" Note="The proper name of a cart delivering food around the map. Many of these are intended to be puns and light wordplay.">
      <Text>Glazed and Glorious</Text>
    </Line>

    <Line Key="TXT_CITIZEN_FOOD_CART8" Note="The proper name of a cart delivering food around the map. Many of these are intended to be puns and light wordplay.">
      <Text>Questionable Meat</Text>
    </Line>
    
    <Line Key="TXT_CITIZEN_FOOD_CART9" Note="The proper name of a cart delivering food around the map. Many of these are intended to be puns and light wordplay.">
      <Text>Amazing Crates</Text>
    </Line>
      
     <Line Key="TXT_CITIZEN_FOOD_CART10" Note="The proper name of a cart delivering food around the map. Many of these are intended to be puns and light wordplay.">
        <Text>Cabbage Baggage</Text>
     </Line>
    
    <Line Key="TXT_CITIZEN_FOOD_CART11" Note="The proper name of a cart delivering food around the map. Many of these are intended to be puns and light wordplay.">
      <Text>Loafing Around</Text>
    </Line>
    
    <Line Key="TXT_CITIZEN_FOOD_CART12" Note="The proper name of a cart delivering food around the map. Many of these are intended to be puns and light wordplay.">
      <Text>Burger Earl</Text>
    </Line>
    
    <Line Key="TXT_CITIZEN_FOOD_CART13" Note="The proper name of a cart delivering food around the map. Many of these are intended to be puns and light wordplay.">
      <Text>Meat on a Stick</Text>
    </Line>
    
    <Line Key="TXT_CITIZEN_FOOD_CART14" Note="The proper name of a cart delivering food around the map. Many of these are intended to be puns and light wordplay.">
      <Text>Cruisin' Cuisine</Text>
    </Line>
    
    <Line Key="TXT_CITIZEN_FOOD_CART15" Note="The proper name of a cart delivering food around the map. Many of these are intended to be puns and light wordplay.">
      <Text>Cheddar Chariot</Text>
    </Line>

    <Line Key="TXT_CITIZEN_METAL_CART1" Note="The proper name of a cart delivering metal and ores around the map. Many of these are intended to be puns and light wordplay.">
      <Text>Well Ironed</Text>
    </Line>
  
    <Line Key="TXT_CITIZEN_METAL_CART2" Note="The proper name of a cart delivering metal and ores around the map. Many of these are intended to be puns and light wordplay.">
      <Text>Iron Storm</Text>
    </Line>

    <Line Key="TXT_CITIZEN_METAL_CART3" Note="The proper name of a cart delivering metal and ores around the map. Many of these are intended to be puns and light wordplay.">
      <Text>Metal Matters</Text>
    </Line>

    <Line Key="TXT_CITIZEN_METAL_CART4" Note="The proper name of a cart delivering metal and ores around the map. Many of these are intended to be puns and light wordplay.">
      <Text>Ore Galore</Text>
    </Line>

    <Line Key="TXT_CITIZEN_METAL_CART5" Note="The proper name of a cart delivering metal and ores around the map. Many of these are intended to be puns and light wordplay.">
      <Text>Heavy Metals</Text>
    </Line>

    <Line Key="TXT_CITIZEN_METAL_CART6" Note="The proper name of a cart delivering metal and ores around the map. Many of these are intended to be puns and light wordplay.">
      <Text>Steel Wheels</Text>
    </Line>

    <Line Key="TXT_CITIZEN_METAL_CART7" Note="The proper name of a cart delivering metal and ores around the map. Many of these are intended to be puns and light wordplay.">
      <Text>Metal Mettle</Text>
    </Line>
    
    <Line Key="TXT_CITIZEN_METAL_CART8" Note="The proper name of a cart delivering metal and ores around the map. Many of these are intended to be puns and light wordplay.">
      <Text>Isn't it Ironic</Text>
    </Line>

    <Line Key="TXT_CITIZEN_METAL_CART9" Note="The proper name of a cart delivering metal and ores around the map. Many of these are intended to be puns and light wordplay.">
      <Text>Hammer and Tongs</Text>
    </Line>

    <Line Key="TXT_CITIZEN_METAL_CART10" Note="The proper name of a cart delivering metal and ores around the map. Many of these are intended to be puns and light wordplay.">
      <Text>He Who Smelt It</Text>
    </Line>

    <Line Key="TXT_CITIZEN_METAL_CART11" Note="The proper name of a cart delivering metal and ores around the map. Many of these are intended to be puns and light wordplay.">
      <Text>Rusty's Iron</Text>
    </Line>

    <Line Key="TXT_CITIZEN_METAL_CART12" Note="The proper name of a cart delivering metal and ores around the map. Many of these are intended to be puns and light wordplay.">
      <Text>Copper is King</Text>
    </Line>
    
    <Line Key="TXT_CITIZEN_METAL_CART13" Note="The proper name of a cart delivering metal and ores around the map. Many of these are intended to be puns and light wordplay.">
      <Text>Ore the Rainbow</Text>
    </Line>
    
    <Line Key="TXT_CITIZEN_METAL_CART14" Note="The proper name of a cart delivering metal and ores around the map. Many of these are intended to be puns and light wordplay.">
      <Text>All About That Brass</Text>
    </Line>

    <Line Key="TXT_CITIZEN_METAL_CART15" Note="The proper name of a cart delivering metal and ores around the map. Many of these are intended to be puns and light wordplay.">
      <Text>Master Stoneworks</Text>
    </Line>

    <Line Key="TXT_CITIZEN_WOOD_CART1" Note="The proper name of a cart delivering wood around the map. Many of these are intended to be puns and light wordplay.">
      <Text>Wood Today</Text>
    </Line>

    <Line Key="TXT_CITIZEN_WOOD_CART2" Note="The proper name of a cart delivering wood around the map. Many of these are intended to be puns and light wordplay.">
      <Text>Planks and Shingles</Text>
    </Line>
       
    <Line Key="TXT_CITIZEN_WOOD_CART3" Note="The proper name of a cart delivering wood around the map. Many of these are intended to be puns and light wordplay.">
      <Text>Wooden Things</Text>
    </Line>

    <Line Key="TXT_CITIZEN_WOOD_CART4" Note="The proper name of a cart delivering wood around the map. Many of these are intended to be puns and light wordplay.">
      <Text>Pieces of Wood</Text>
    </Line>
    
    <Line Key="TXT_CITIZEN_WOOD_CART5" Note="The proper name of a cart delivering wood around the map. Many of these are intended to be puns and light wordplay.">
      <Text>Buy 1 Get 1 Tree</Text>
    </Line>

    <Line Key="TXT_CITIZEN_WOOD_CART6" Note="The proper name of a cart delivering wood around the map. Many of these are intended to be puns and light wordplay.">
      <Text>Tree Body Parts</Text>
    </Line>

    <Line Key="TXT_CITIZEN_WOOD_CART7" Note="The proper name of a cart delivering wood around the map. Many of these are intended to be puns and light wordplay.">
      <Text>More Wood</Text>
    </Line>

    <Line Key="TXT_CITIZEN_WOOD_CART8" Note="The proper name of a cart delivering wood around the map. Many of these are intended to be puns and light wordplay.">
      <Text>Bury the Hatchet</Text>
    </Line>

    <Line Key="TXT_CITIZEN_WOOD_CART9" Note="The proper name of a cart delivering wood around the map. Many of these are intended to be puns and light wordplay.">
      <Text>Useful Spruceful</Text>
    </Line>

    <Line Key="TXT_CITIZEN_WOOD_CART10" Note="The proper name of a cart delivering wood around the map. Many of these are intended to be puns and light wordplay.">
      <Text>Wooden Performants</Text>
    </Line>

    <Line Key="TXT_CITIZEN_WOOD_CART11" Note="The proper name of a cart delivering wood around the map. Many of these are intended to be puns and light wordplay.">
      <Text>Wooden Things</Text>
    </Line>

    <Line Key="TXT_CITIZEN_WOOD_CART12" Note="The proper name of a cart delivering wood around the map. Many of these are intended to be puns and light wordplay.">
      <Text>Sticks</Text>
    </Line>

    <Line Key="TXT_CITIZEN_WOOD_CART13" Note="The proper name of a cart delivering wood around the map. Many of these are intended to be puns and light wordplay.">
      <Text>Dead Tree Parts</Text>
    </Line>

    <Line Key="TXT_CITIZEN_WOOD_CART14" Note="The proper name of a cart delivering wood around the map. Many of these are intended to be puns and light wordplay.">
      <Text>Woody's</Text>
    </Line>

    <Line Key="TXT_CITIZEN_WOOD_CART15" Note="The proper name of a cart delivering wood around the map. Many of these are intended to be puns and light wordplay.">
      <Text>It's Wood</Text>
    </Line>

    <Line Key="TXT_CITIZEN_CGOODS_CART1" Note="The proper name of a cart delivering common goods around the map. Many of these are intended to be puns and light wordplay.">
      <Text>The Cart Before the Horse</Text>
    </Line>

    <Line Key="TXT_CITIZEN_CGOODS_CART2" Note="The proper name of a cart delivering common goods around the map. Many of these are intended to be puns and light wordplay.">
      <Text>The Shaking Crate</Text>
    </Line>

    <Line Key="TXT_CITIZEN_CGOODS_CART3" Note="The proper name of a cart delivering common goods around the map. Many of these are intended to be puns and light wordplay.">
      <Text>Thistle Do Nicely</Text>
    </Line>

    <Line Key="TXT_CITIZEN_CGOODS_CART4" Note="The proper name of a cart delivering common goods around the map. Many of these are intended to be puns and light wordplay.">
      <Text>Rural Outfitter</Text>
    </Line>

    <Line Key="TXT_CITIZEN_CGOODS_CART5" Note="The proper name of a cart delivering common goods around the map. Many of these are intended to be puns and light wordplay.">
      <Text>Buy the Way</Text>
    </Line>

    <Line Key="TXT_CITIZEN_CGOODS_CART6" Note="The proper name of a cart delivering common goods around the map. Many of these are intended to be puns and light wordplay.">
      <Text>General Nonsense</Text>
    </Line>
    
    <Line Key="TXT_CITIZEN_CGOODS_CART7" Note="The proper name of a cart delivering common goods around the map. Many of these are intended to be puns and light wordplay.">
      <Text>Lord of the Things</Text>
    </Line>

    <Line Key="TXT_CITIZEN_CGOODS_CART8" Note="The proper name of a cart delivering common goods around the map. Many of these are intended to be puns and light wordplay.">
      <Text>Useful Things</Text>
    </Line>

    <Line Key="TXT_CITIZEN_CGOODS_CART9" Note="The proper name of a cart delivering common goods around the map. Many of these are intended to be puns and light wordplay.">
      <Text>Tinker's Trade</Text>
    </Line>

    <Line Key="TXT_CITIZEN_CGOODS_CART10" Note="The proper name of a cart delivering common goods around the map. Many of these are intended to be puns and light wordplay.">
      <Text>Some Items</Text>
    </Line>

    <Line Key="TXT_CITIZEN_LGOODS_CART1" Note="The proper name of a cart delivering luxury goods around the map. Many of these are intended to be puns and light wordplay.">
      <Text>Brews Brothers</Text>
    </Line>

    <Line Key="TXT_CITIZEN_LGOODS_CART2" Note="The proper name of a cart delivering luxury goods around the map. Many of these are intended to be puns and light wordplay.">
      <Text>Loot Crate</Text>
    </Line>

    <Line Key="TXT_CITIZEN_LGOODS_CART3" Note="The proper name of a cart delivering luxury goods around the map. Many of these are intended to be puns and light wordplay.">
      <Text>Dewey, Cheetham and Howe</Text>
    </Line>

    <Line Key="TXT_CITIZEN_LGOODS_CART4" Note="The proper name of a cart delivering luxury goods around the map. Many of these are intended to be puns and light wordplay.">
      <Text>Good Things</Text>
    </Line>

    <Line Key="TXT_CITIZEN_LGOODS_CART5" Note="The proper name of a cart delivering luxury goods around the map. Many of these are intended to be puns and light wordplay.">
      <Text>Illgott and Gaines</Text>
    </Line>

    <Line Key="TXT_CITIZEN_LGOODS_CART6" Note="The proper name of a cart delivering luxury goods around the map. Many of these are intended to be puns and light wordplay.">
      <Text>Better Stuff</Text>
    </Line>

    <Line Key="TXT_CITIZEN_LGOODS_CART7" Note="The proper name of a cart delivering luxury goods around the map. Many of these are intended to be puns and light wordplay.">
      <Text>Great Things</Text>
    </Line>

    <Line Key="TXT_CITIZEN_LGOODS_CART8" Note="The proper name of a cart delivering luxury goods around the map. Many of these are intended to be puns and light wordplay.">
      <Text>Big Buck's Items</Text>
    </Line>

    <Line Key="TXT_CITIZEN_LGOODS_CART9" Note="The proper name of a cart delivering luxury goods around the map. Many of these are intended to be puns and light wordplay.">
      <Text>More than Adequate Goods</Text>
    </Line>

    <Line Key="TXT_CITIZEN_LGOODS_CART10" Note="The proper name of a cart delivering luxury goods around the map. Many of these are intended to be puns and light wordplay.">
      <Text>Buy It Here</Text>
    </Line>

    <Line Key="TXT_CITIZEN_WEAPONSS_CART1" Note="The proper name of a cart delivering weapons around the map. Many of these are intended to be puns and light wordplay.">
      <Text>Arsenal R Us</Text>
    </Line>

    <Line Key="TXT_CITIZEN_WEAPONSS_CART2" Note="The proper name of a cart delivering weapons around the map. Many of these are intended to be puns and light wordplay.">
      <Text>Hammer Time</Text>
    </Line>

    <Line Key="TXT_CITIZEN_WEAPONSS_CART3" Note="The proper name of a cart delivering weapons around the map. Many of these are intended to be puns and light wordplay.">
      <Text>Curious Forge</Text>
    </Line>

    <Line Key="TXT_CITIZEN_WEAPONSS_CART4" Note="The proper name of a cart delivering weapons around the map. Many of these are intended to be puns and light wordplay.">
      <Text>Straight Arrow, Co.</Text>
    </Line>

    <Line Key="TXT_CITIZEN_WEAPONSS_CART5" Note="The proper name of a cart delivering weapons around the map. Many of these are intended to be puns and light wordplay.">
      <Text>Swish 'n Stab</Text>
    </Line>

    <Line Key="TXT_CITIZEN_WEAPONSS_CART6" Note="The proper name of a cart delivering weapons around the map. Many of these are intended to be puns and light wordplay.">
      <Text>Forging Ahead</Text>
    </Line>

    <Line Key="TXT_CITIZEN_WEAPONSS_CART7" Note="The proper name of a cart delivering weapons around the map. Many of these are intended to be puns and light wordplay.">
      <Text>Pointy Objects</Text>
    </Line>

    <Line Key="TXT_CITIZEN_WEAPONSS_CART8" Note="The proper name of a cart delivering weapons around the map. Many of these are intended to be puns and light wordplay.">
      <Text>Shot in the Dark</Text>
    </Line>

    <Line Key="TXT_CITIZEN_WEAPONSS_CART9" Note="The proper name of a cart delivering weapons around the map. Many of these are intended to be puns and light wordplay.">
      <Text>Blunt Objects</Text>
    </Line>

    <Line Key="TXT_CITIZEN_WEAPONSS_CART10" Note="The proper name of a cart delivering weapons around the map. Many of these are intended to be puns and light wordplay.">
      <Text>Billy's Billy Clubs</Text>
    </Line>

    <Line Key="TXT_CITIZEN_ITEMS_CART1" Note="The proper name of a cart delivering random items around the map. Many of these are intended to be puns and light wordplay.">
      <Text>Lawn Order</Text>
    </Line>

    <Line Key="TXT_CITIZEN_ITEMS_CART2" Note="The proper name of a cart delivering random items around the map. Many of these are intended to be puns and light wordplay.">
      <Text>Pony Expresser</Text>
    </Line>

    <Line Key="TXT_CITIZEN_ITEMS_CART3" Note="The proper name of a cart delivering random items around the map. Many of these are intended to be puns and light wordplay.">
      <Text>You Need This</Text>
    </Line>

    <Line Key="TXT_CITIZEN_ITEMS_CART4" Note="The proper name of a cart delivering random items around the map. Many of these are intended to be puns and light wordplay.">
      <Text>Risk it for a Biscuit</Text>
    </Line>

    <Line Key="TXT_CITIZEN_ITEMS_CART5" Note="The proper name of a cart delivering random items around the map. Many of these are intended to be puns and light wordplay.">
      <Text>Dog and Pony Show</Text>
    </Line>

    <Line Key="TXT_CITIZEN_ITEMS_CART6" Note="The proper name of a cart delivering random items around the map. Many of these are intended to be puns and light wordplay.">
      <Text>Tales Resold</Text>
    </Line>

    <Line Key="TXT_CITIZEN_ITEMS_CART7" Note="The proper name of a cart delivering random items around the map. Many of these are intended to be puns and light wordplay.">
      <Text>Past Presents</Text>
    </Line>

    <Line Key="TXT_CITIZEN_ITEMS_CART8" Note="The proper name of a cart delivering random items around the map. Many of these are intended to be puns and light wordplay.">
      <Text>The Oily Cart</Text>
    </Line>

    <Line Key="TXT_CITIZEN_ITEMS_CART9" Note="The proper name of a cart delivering random items around the map. Many of these are intended to be puns and light wordplay.">
      <Text>My Stuff</Text>
    </Line>

    <Line Key="TXT_CITIZEN_ITEMS_CART10" Note="The proper name of a cart delivering random items around the map. Many of these are intended to be puns and light wordplay.">
      <Text>Not Stolen Goods</Text>
    </Line>

    <!--*******************************************************************************************
      .........................             Living World Animal Info           .............................
      *********************************************************************************************-->

    <Line Key="TXT_SHEEP_LATIN" Note="The latin scientific name of sheep.  I don't think this needs to be transated." Gender="other">
      <Text>Ovis aries</Text>
    </Line>

    <Line Key="TXT_HORSE_LATIN" Note="The latin scientific name of horse.  I don't think this needs to be transated." Gender="other">
      <Text>Equus caballus</Text>
    </Line>

    <Line Key="TXT_ITM_ZEBRA" Note="The noun for the zebra animal. Doesn't need plurality" Gender="other">
      <Text>Zebra</Text>
    </Line>

    <Line Key="TXT_ITM_ORE" Note="The noun for a generic ore or metal found in the ground" Gender="other">
      <Text>Ore</Text>
    </Line>

    <Line Key="TXT_ZEBRA_LATIN" Note="The latin scientific name of sheep.  I don't think this needs to be transated." Gender="other">
      <Text>Equus quagga, Equus zebra, Equus grevyi</Text>
    </Line>

    <Line Key="TXT_ZEBRA_LWD_DESC" Note="A flavor text description of zebra, not providing game mechanic information.">
      <Text></Text>
    </Line>
    
    <Line Key="TXT_ITM_SEAGULL" Note="The noun for the seagull animal. Doesn't need plurality." Gender="other">
      <Text>Seagull</Text>
    </Line>

    <Line Key="TXT_ITM_SEAGULL_LATIN" Note="The latin scientific name of seagull.  I don't think this needs to be transated." Gender="other">
      <Text>Larus canus</Text>
    </Line>

    <Line Key="TXT_ITM_SEAGULL_DESC" Note="A flavor text description of seagulls, not providing game mechanic information.">
      <Text></Text>
    </Line>

    <Line Key="TXT_ITM_STARLING" Note="The noun for the starling animal. Doesn't need plurality." Gender="other">
      <Text>Common Starling</Text>
    </Line>

    <Line Key="TXT_ITM_STARLING_LATIN" Note="The latin scientific name of starling.  I don't think this needs to be transated." Gender="other">
      <Text>Sturnus vulgaris</Text>
    </Line>

    <Line Key="TXT_ITM_STARLING_DESC" Note="A flavor text description of starling, not providing game mechanic information.">
      <Text></Text>
    </Line>
    
    <Line Key="TXT_ITM_FISH_LATIN" Note="The latin scientific name of fish.  I don't think this needs to be transated." Gender="other">
      <Text>Gadus morhua</Text>
    </Line>

    <Line Key="TXT_ITM_WHALES_LATIN" Note="The latin scientific name of whales.  I don't think this needs to be transated." Gender="other">
      <Text>Balaenoptera musculus</Text>
    </Line>

    <Line Key="TXT_ITM_POLAR_BEAR_LATIN" Note="The latin scientific name of polar bears.  I don't think this needs to be transated." Gender="other">
      <Text>Ursus maritimus</Text>
    </Line>

    <Line Key="TXT_ITM_BLACK_BEAR_LATIN" Note="The latin scientific name of black bears.  I don't think this needs to be transated." Gender="other">
      <Text>Ursus americanus</Text>
    </Line>

    <Line Key="TXT_ITM_BROWN_BEAR_LATIN" Note="The latin scientific name of brown bears.  I don't think this needs to be transated." Gender="other">
      <Text>Ursus arctos</Text>
    </Line>

    <Line Key="TXT_ITM_BISON_LATIN" Note="The latin scientific name of bison.  I don't think this needs to be transated." Gender="other">
      <Text>Bison bison</Text>
    </Line>

    <Line Key="TXT_ITM_BISON" Note="The noun for the bison animal. Doesn't need plurality." Gender="other">
      <Text>Bison</Text>
    </Line>

    <Line Key="TXT_ITM_DESC_BISON" Note="A flavor text description of bison, not providing game mechanic information.">
      <Text>A large herd of bulky and hooved animals with horns and soft hides.</Text>
    </Line>

    <Line Key="TXT_ITM_BISON_DESC" Note="A flavor text description of bison, not providing game mechanic information.">
      <Text></Text>
    </Line>

    <Line Key="TXT_ITM_ELEPHANT_LATIN" Note="The latin scientific name of elephant.  I don't think this needs to be transated." Gender="other">
      <Text>Loxodonta africana, Loxodonta cyclotis, Elephas maximus</Text>
    </Line>

    <Line Key="TXT_ITM_LATIN_RHINO" Note="The latin scientific name of rhino.  I don't think this needs to be transated." Gender="other">
      <Text>Ceratotherium simum, Diceros bicornis, Rhinoceros unicornis, Rhinoceros sondaicus, Dicerorhinus sumatrensis</Text>
    </Line>

    <Line Key="TXT_ITM_SHARK" Note="The noun for the shark animal. Doesn't need plurality." Gender="other">
      <Text>Great White Shark</Text>
    </Line>

    <Line Key="TXT_ITM_LATIN_SHARK" Note="The latin scientific name of shark.  I don't think this needs to be transated." Gender="other">
      <Text>Carcharodon carcharias</Text>
    </Line>

    <Line Key="TXT_ITM_SHARK_DESC" Note="A flavor text description of shark, not providing game mechanic information.">
      <Text></Text>
    </Line>

    <Line Key="TXT_ITM_LLAMA" Note="The noun for the llama animal. Doesn't need plurality." Gender="other">
      <Text>Llama</Text>
    </Line>

    <Line Key="TXT_ITM_LATIN_LLAMA" Note="The latin scientific name of llama.  I don't think this needs to be transated." Gender="other">
      <Text>Lama glama</Text>
    </Line>

    <Line Key="TXT_ITM_DESC_LLAMA" Note="A flavor text description of shark, not providing game mechanic information." Gender="other">
      <Text>A herd of wide-footed animals with long necks, thick fur, and a habit of spitting.</Text>
    </Line>

    <Line Key="TXT_ITM_MONARCH_BUTTERFLY" Note="The noun for the butterfly animal. Doesn't need plurality." Gender="other">
      <Text>Monarch Butterfly</Text>
    </Line>

    <Line Key="TXT_ITM_LATIN_MONARCH_BUTTERFLY" Note="The latin scientific name of butterfly.  I don't think this needs to be transated." Gender="other">
      <Text>Danaus plexippus</Text>
    </Line>

    <Line Key="TXT_ITM_MONARCH_BUTTERFLY_DESC" Note="A flavor text description of butterfly, not providing game mechanic information.">
      <Text></Text>
    </Line>

    <Line Key="TXT_ITM_LATIN_CAMEL" Note="The latin scientific name of camel.  I don't think this needs to be transated." Gender="other">
      <Text>Camelus dromedarius and Camelus bactrianus</Text>
    </Line>

    <Line Key="TXT_ITM_DEER" Note="The noun for the deer animal. Doesn't need plurality." Gender="other">
      <Text>White-tailed Deer</Text>
    </Line>

    <Line Key="TXT_ITM_LATIN_DEER" Note="The latin scientific name of deer.  I don't think this needs to be transated." Gender="other">
      <Text>Odocoileus virginianus</Text>
    </Line>

    <Line Key="TXT_ITM_DESC_DEER" Note="A flavor text description of deer, not providing game mechanic information.">
      <Text>A herd of wild, flighty animals known for their light build and the males' horns.</Text>
    </Line>
    
    <Line Key="TXT_ITM_LATIN_TIGER" Note="The latin scientific name of tiger.  I don't think this needs to be transated." Gender="other">
      <Text>Panthera tigris</Text>
    </Line>

    <Line Key="TXT_ITM_LATIN_LION" Note="The latin scientific name of lion.  I don't think this needs to be transated." Gender="other">
      <Text>Panthera leo</Text>
    </Line>

    <Line Key="TXT_ITM_LATIN_ALLIGATOR" Note="The latin scientific name of alligator.  I don't think this needs to be transated." Gender="other">
      <Text>Alligator mississippiensis</Text>
    </Line>

    <Line Key="TXT_ITM_CAT" Note="The noun for the cat animal. Doesn't need plurality." Gender="other">
      <Text>Cat</Text>
    </Line>

    <Line Key="TXT_ITM_LATIN_CAT" Note="The latin scientific name of cat.  I don't think this needs to be transated." Gender="other">
      <Text>Felis catus</Text>
    </Line>

    <Line Key="TXT_ITM_CAT_DESC" Note="A flavor text description of cat, not providing game mechanic information.">
      <Text></Text>
    </Line>

    <Line Key="TXT_ITM_CHICKEN" Note="The noun for the chicken animal. Doesn't need plurality." Gender="other">
      <Text>Chicken</Text>
    </Line>

    <Line Key="TXT_ITM_LATIN_CHICKEN" Note="The latin scientific name of chicken.  I don't think this needs to be transated." Gender="other">
      <Text>Gallus gallus domesticus</Text>
    </Line>

    <Line Key="TXT_ITM_CHICKEN_DESC" Note="A flavor text description of chicken, not providing game mechanic information.">
      <Text></Text>
    </Line>

    <Line Key="TXT_ITM_COWS" Note="Cows are the most common type of large domesticated ungulates. Their meat is often consumed by humans." Gender="other">
			<Text>Cow|Cows</Text>
			<Plurality>1|other</Plurality>
		</Line>

    <Line Key="TXT_ITM_DESC_COWS" Note="A flavor text description of cow, not providing game mechanic information.">
    <Text></Text>
    </Line>

    <Line Key="TXT_ITM_LATIN_COW" Note="The latin scientific name of cow.  I don't think this needs to be transated." Gender="other">
      <Text>Bos taurus taurus</Text>
    </Line>

    <Line Key="TXT_ITM_DOG" Note="The noun for the dog animal. Doesn't need plurality." Gender="other">
      <Text>Dog</Text>
    </Line>

    <Line Key="TXT_ITM_LATIN_DOG" Note="The latin scientific name of dog.  I don't think this needs to be transated." Gender="other">
      <Text>Canis familiaris</Text>
    </Line>

    <Line Key="TXT_ITM_DOG_DESC" Note="A flavor text description of dog, not providing game mechanic information.">
      <Text></Text>
    </Line>

    <Line Key="TXT_ITM_FOXES" Note="The noun for the fox animal. Doesn't need plurality." Gender="other">
      <Text>Fox</Text>
    </Line>

    <Line Key="TXT_ITM_LATIN_FOX" Note="The latin scientific name of fox.  I don't think this needs to be transated." Gender="other">
      <Text>Vulpes vulpes</Text>
    </Line>

    <Line Key="TXT_ITM_FOX_DESC" Note="A flavor text description of fox, not providing game mechanic information.">
      <Text></Text>
    </Line>

    <Line Key="TXT_ITM_GOATS" Note="Goats are the most common type of large domesticated ungulates. Their meat is often consumed by humans." Gender="other">
			<Text>Goat|Goats</Text>
			<Plurality>1|other</Plurality>
		</Line>

    <Line Key="TXT_ITM_DESC_GOATS" Note="A flavor text description of goats, not providing game mechanic information.">
    <Text>A herd of horned, hooved animals that are agreeable, even if stubborn.</Text>
    </Line>

    <Line Key="TXT_ITM_LATIN_HYENA" Note="The latin scientific name of hyena.  I don't think this needs to be transated." Gender="other">
      <Text>Crocuta crocuta</Text>
    </Line>

	  <Line Key="TXT_ITM_DESC_MANDRAKE_RESOURCE" Note="Describes the Mandrake resource node" Gender="other">
		  <Text>With roots that look like a human figure, Mandrake Plants have medicinal and hallucinogenic properties.</Text>
	  </Line>

    <Line Key="TXT_ITM_PIGS" Note="A Pig is a wild or domesticated swine that is often farmed and consumed by humans." Gender="other">
			<Text>Pig|Pigs</Text>
			<Plurality>1|other</Plurality>
		</Line>

    <Line Key="TXT_ITM_LATIN_PIGS" Note="The latin scientific name of pigs.  I don't think this needs to be transated." Gender="other">
      <Text>Sus scrofa domesticus</Text>
    </Line>

    <Line Key="TXT_ITM_DESC_PIGS" Note="A flavor text description of pigs, not providing game mechanic information.">
    		<Text>A herd of hooved animals with short snouts that seem to eat anything in front of them.</Text>
		</Line>

    <Line Key="TXT_ITM_RACCOON" Note="The noun for the raccoon animal. Doesn't need plurality." Gender="other">
      <Text>Raccoon</Text>
    </Line>

    <Line Key="TXT_ITM_LATIN_RACCOON" Note="The latin scientific name of raccoon.  I don't think this needs to be transated." Gender="other">
      <Text>Procyon lotor</Text>
    </Line>

    <Line Key="TXT_ITM_FOX_RACCOON" Note="A flavor text description of raccoon, not providing game mechanic information.">
      <Text>Masked trash-eating varmint. Annoyingly clever.</Text>
    </Line>

    <Line Key="TXT_ITM_LATIN_WOLF" Note="The latin scientific name of raccoon.  I don't think this needs to be transated." Gender="other">
      <Text>Canis lupus</Text>
    </Line>

    <Line Key="TXT_ITM_SHEEP" Note="A Sheep is a hollow-horned mammal with a thick wool coat." Gender="other">
			<Text>Sheep</Text>
		</Line>

		<Line Key="TXT_ITM_DESC_SHEEP" Note="A flavor text description of sheep, not providing game mechanic information.">
    		<Text>A herd of hooved animals with fur that grows thick and dense.</Text>
		</Line>
    
  </Locale>
</GameText>