<?xml version="1.0" encoding="UTF-8"?>
<GameText>
  <!--The Note attribute is a non game-facing field giving more context to the translator. -->
  <Locale ID="en">
    
    <!--*******************************************************************************************
   ...............................      Masterpiece Set Description          ........................
   *********************************************************************************************-->
    
    <Line Key="TXT_MPSET_DESCRIPTION" Note="This is the description used for all Masterpiece Sets in-game (eg. a collection of works of art the player collects and then can place into a set) that describe what they do and how they can be used by the player." Gender="other">
      <Text>A collection of specific types of /href:t:Term:term_Masterpiece/Masterpieces/Endhref/, housed in an Improvement. Completing a Masterpiece Set gives the holder bonus /i:Prestige/ at game end.</Text>
    </Line>

    <!--*******************************************************************************************
   ...............................      Masterpiece Set Names          ........................
   *********************************************************************************************-->
    
    <Line Key="TXT_MPSET_A_GRAND_PLAY" Note="Refers to the 'A Grand Play' Masterpiece Set that players can slot specific Masterpieces in to. This is a collection of 'stage play' based Masterpieces. " Gender="other">
      <Text>"A Grand Play"</Text>
    </Line>

    <Line Key="TXT_MPSET_ART_EXHIBIT" Note="Refers to the 'Art Exhibit' Masterpiece Set that players can slot specific Masterpieces in to. This is a collection of 'museum painting' based Masterpieces." Gender="other">
      <Text>"Art Exhibit"</Text>
    </Line>

    <Line Key="TXT_MPSET_CENTERED_SOUL" Note="Refers to the 'Centered Soul' Masterpiece Set that players can slot specific Masterpieces in to. This is a collection of 'medatative' based Masterpieces." Gender="other">
      <Text>"Centered Soul"</Text>
    </Line>

    <Line Key="TXT_MPSET_DULCET_TONES" Note="Refers to the 'Dulcet Tones' Masterpiece Set that players can slot specific Masterpieces in to. This is a collection of 'music' based Masterpieces." Gender="other">
      <Text>"Dulcet Tones"</Text>
    </Line>

    <Line Key="TXT_MPSET_ELEGANT_ENTRANCE_HALL" Note="Refers to the 'Elegant Entrance Hall' Masterpiece Set that players can slot specific Masterpieces in to. This is a collection of 'statue and painting' based Masterpieces." Gender="other">
      <Text>"Elegant Entrance Hall"</Text>
    </Line>

    <Line Key="TXT_MPSET_HISTORY_OF_ENTERTAINMENT" Note="Refers to the '' Masterpiece Set that players can slot specific Masterpieces in to. This is a collection of 'historical book, media, and statue' based Masterpieces." Gender="other">
      <Text>"History of Entertainment"</Text>
    </Line>

    <Line Key="TXT_MPSET_ILLUSTRATED_DREAMS" Note="Refers to the 'Illustrated Dreams' Masterpiece Set that players can slot specific Masterpieces in to. This is a collection of 'painting' based Masterpieces." Gender="other">
      <Text>"Illustrated Dreams"</Text>
    </Line>

    <Line Key="TXT_MPSET_INTELLECTUAL_STIMULATION" Note="Refers to the 'Intellectual Stimulation' Masterpiece Set that players can slot specific Masterpieces in to. This is a collection of 'varied media' based Masterpieces." Gender="other">
      <Text>"Intellectual Stimulation"</Text>
    </Line>

    <Line Key="TXT_MPSET_LAP_OF_LUXURY" Note="Refers to the 'Lap of Luxury' Masterpiece Set that players can slot specific Masterpieces in to. This is a collection of 'luxurious works of art' based Masterpieces." Gender="other">
      <Text>"Lap of Luxury"</Text>
    </Line>

    <Line Key="TXT_MPSET_LIVE_ENTERTAINMENT" Note="Refers to the 'Live Entertainment' Masterpiece Set that players can slot specific Masterpieces in to. This is a collection of 'music' based Masterpieces." Gender="other">
      <Text>"Live Entertainment"</Text>
    </Line>

    <Line Key="TXT_MPSET_MASTER_STONECUTTER" Note="Refers to the 'Master Stonecutter' Masterpiece Set that players can slot specific Masterpieces in to. This is a collection of 'statue and masonry' based Masterpieces." Gender="other">
      <Text>"Master Stonecutter"</Text>
    </Line>

    <Line Key="TXT_MPSET_MAVEN_OF_MUSIC" Note="Refers to the 'Maven of Music' Masterpiece Set that players can slot specific Masterpieces in to. This is a collection of 'musical' based Masterpieces." Gender="other">
      <Text>"Maven of Music"</Text>
    </Line>

    <Line Key="TXT_MPSET_OPULENCE" Note="Refers to the 'Opulence' Masterpiece Set that players can slot specific Masterpieces in to. This is a collection of 'extravagance' based Masterpieces." Gender="other">
      <Text>"Opulence"</Text>
    </Line>

    <Line Key="TXT_MPSET_PERSONAL_LIBRARY" Note="Refers to the 'Personal Library' Masterpiece Set that players can slot specific Masterpieces in to. This is a collection of 'literary' based Masterpieces." Gender="other">
      <Text>"Personal Library"</Text>
    </Line>

    <Line Key="TXT_MPSET_POWER_POSES" Note="Refers to the 'Power Poses' Masterpiece Set that players can slot specific Masterpieces in to. This is a collection of 'statue' based Masterpieces." Gender="other">
      <Text>"Power Poses"</Text>
    </Line>

    <Line Key="TXT_MPSET_RHETORIC_AND_LOGIC" Note="Refers to the 'Rhetoric and Logic' Masterpiece Set that players can slot specific Masterpieces in to. This is a collection of 'literature' based Masterpieces." Gender="other">
      <Text>"Rhetoric and Logic"</Text>
    </Line>
    
  </Locale>
</GameText>
