<?xml version="1.0" encoding="UTF-8"?>
<GameText>
  <!--The Note attribute is a non game-facing field giving more context to the translator. -->
  <Locale ID="en">
    <Line Key="TXT_NTN_UNKNOWN" Note="Placeholder text for an unknown nation">
      <Text>Nation Unknown</Text>
    </Line>
    <Line Key="TXT_ADJ_UNKNOWN" Note="UI text for unknown adjustment">
      <Text>Unknown Adjustment</Text>
    </Line>
    <Line Key="TXT_NTN_ABBASID_CALIPHATE" Note="Name for Abbasid Caliphate Nation" Gender="other">
      <Text>The Abbasid Caliphate</Text>
    </Line>
    <Line Key="TXT_NTN_ABBASID_CALIPHATE_SORT" Note="Name for Abbasid Caliphate Nation" Gender="other">
      <Text>Abbasid Caliphate</Text>
    </Line>
    <Line Key="TXT_NTN_ARGENTINA" Note="Name for Argentina Nation" Gender="other">
      <Text>Argentina</Text>
    </Line>
    <Line Key="TXT_NTN_ASSYRIAN_EMPIRE" Note="Name for Assyrian Empire Nation" Gender="other">
      <Text>The Assyrian Empire</Text>
    </Line>
    <Line Key="TXT_NTN_ASSYRIAN_EMPIRE_SORT" Note="Name for Assyrian Empire Nation" Gender="other">
      <Text>Assyrian Empire</Text>
    </Line>
    <Line Key="TXT_NTN_AUSTRALIA" Note="Name for Australia Nation" Gender="other">
      <Text>Australia</Text>
    </Line>
    <Line Key="TXT_NTN_AZTEC_EMPIRE" Note="Name for Aztec Empire Nation" Gender="other">
      <Text>The Aztec Empire</Text>
    </Line>
    <Line Key="TXT_NTN_AZTEC_EMPIRE_SORT" Note="Name for Aztec Empire Nation" Gender="other">
      <Text>Aztec Empire</Text>
    </Line>
    <Line Key="TXT_NTN_BELGIUM" Note="Name for Belgium Nation" Gender="other">
      <Text>Belgium</Text>
    </Line>
    <Line Key="TXT_NTN_BYZANTINE_EMPIRE" Note="Name for Byzantine Empire Nation" Gender="other">
      <Text>The Byzantine Empire</Text>
    </Line>
    <Line Key="TXT_NTN_BYZANTINE_EMPIRE_SORT" Note="Name for Byzantine Empire Nation" Gender="other">
      <Text>Byzantine Empire</Text>
    </Line>
    <Line Key="TXT_NTN_CANADA" Note="Name for Canada Nation" Gender="other">
      <Text>Canada</Text>
    </Line>
    <Line Key="TXT_NTN_CELTS" Note="Name for Celts Nation" Gender="other">
      <Text>The Celts</Text>
    </Line>
    <Line Key="TXT_NTN_CELTS_SORT" Note="Name for Celts Nation" Gender="other">
      <Text>Celts</Text>
    </Line>
    <Line Key="TXT_NTN_CHEROKEE" Note="Name for Cherokee Nation" Gender="other">
      <Text>The Cherokee</Text>
    </Line>
    <Line Key="TXT_NTN_CHEROKEE_SORT" Note="Name for Cherokee Nation" Gender="other">
      <Text>Cherokee</Text>
    </Line>
    <Line Key="TXT_NTN_CHINA" Note="Name for China Nation" Gender="other">
      <Text>China</Text>
    </Line>
    <Line Key="TXT_NTN_CROW_NATION" Note="Name for Crow Nation Nation" Gender="other">
      <Text>The Crow Nation</Text>
    </Line>
    <Line Key="TXT_NTN_CROW_NATION_SORT" Note="Name for Crow Nation Nation" Gender="other">
      <Text>Crow Nation</Text>
    </Line>
    <Line Key="TXT_NTN_EGYPT" Note="Name for Egypt Nation" Gender="other">
      <Text>Egypt</Text>
    </Line>
    <Line Key="TXT_NTN_ENGLAND" Note="Name for England Nation" Gender="other">
      <Text>England</Text>
    </Line>
    <Line Key="TXT_NTN_ETHIOPIA" Note="Name for Ethiopia Nation" Gender="other">
      <Text>Ethiopia</Text>
    </Line>
    <Line Key="TXT_NTN_FRANCE" Note="Name for France Nation" Gender="other">
      <Text>France</Text>
    </Line>
    <Line Key="TXT_NTN_GEORGIA" Note="Name for Georgia Nation" Gender="other">
      <Text>Georgia</Text>
    </Line>
    <Line Key="TXT_NTN_GERMANY" Note="Name for Germany Nation" Gender="other">
      <Text>Germany</Text>
    </Line>
    <Line Key="TXT_NTN_GHANA" Note="Name for Ghana Nation" Gender="other">
      <Text>Ghana</Text>
    </Line>
    <Line Key="TXT_NTN_GREECE" Note="Name for Greece Nation" Gender="other">
      <Text>Greece</Text>
    </Line>
    <Line Key="TXT_NTN_HOLY_ROMAN_EMPIRE" Note="Name for Holy Roman Empire Nation" Gender="other">
      <Text>The Holy Roman Empire</Text>
    </Line>
    <Line Key="TXT_NTN_HOLY_ROMAN_EMPIRE_SORT" Note="Name for Holy Roman Empire Nation" Gender="other">
      <Text>Holy Roman Empire</Text>
    </Line>
    <Line Key="TXT_NTN_INCA_EMPIRE" Note="Name for Inca Empire Nation" Gender="other">
      <Text>The Inca Empire</Text>
    </Line>
    <Line Key="TXT_NTN_INCA_EMPIRE_SORT" Note="Name for Inca Empire Nation" Gender="other">
      <Text>Inca Empire</Text>
    </Line>
    <Line Key="TXT_NTN_INDIA" Note="Name for India Nation" Gender="other">
      <Text>India</Text>
    </Line>
    <Line Key="TXT_NTN_ITALY" Note="Name for Italy Nation" Gender="other">
      <Text>Italy</Text>
    </Line>
    <Line Key="TXT_NTN_JAPAN" Note="Name for Japan Nation" Gender="other">
      <Text>Japan</Text>
    </Line>
    <Line Key="TXT_NTN_KOREA" Note="Name for Korea Nation" Gender="other">
      <Text>Korea</Text>
    </Line>
    <Line Key="TXT_NTN_KUSH" Note="Name for Kush Nation" Gender="other">
      <Text>Kush</Text>
    </Line>
    <Line Key="TXT_NTN_MERCENARIES" Note="Name for Mercenaries Nation" Gender="other">
      <Text>Warbands</Text>
    </Line>
    <Line Key="TXT_NTN_MEXICO" Note="Name for Mexico Nation" Gender="other">
      <Text>Mexico</Text>
    </Line>
    <Line Key="TXT_NTN_MONGOL_EMPIRE" Note="Name for Mongol Empire Nation" Gender="other">
      <Text>The Mongol Empire</Text>
    </Line>
    <Line Key="TXT_NTN_MONGOL_EMPIRE_SORT" Note="Name for Mongol Empire Nation" Gender="other">
      <Text>Mongol Empire</Text>
    </Line>
    <Line Key="TXT_NTN_PALMYRENE_EMPIRE" Note="Name for Palmyrene Empire Nation" Gender="other">
      <Text>The Palmyrene Empire</Text>
    </Line>
    <Line Key="TXT_NTN_PALMYRENE_EMPIRE_SORT" Note="Name for Palmyrene Empire Nation" Gender="other">
      <Text>Palmyrene Empire</Text>
    </Line>
    <Line Key="TXT_NTN_PERSIAN_EMPIRE" Note="Name for Persian Empire Nation" Gender="other">
      <Text>The First Persian Empire</Text>
    </Line>
    <Line Key="TXT_NTN_PERSIAN_EMPIRE_SORT" Note="Name for Persian Empire Nation" Gender="other">
      <Text>Persian Empire</Text>
    </Line>
    <Line Key="TXT_NTN_POLAND" Note="Name for Poland Nation" Gender="other">
      <Text>Poland</Text>
    </Line>
    <Line Key="TXT_NTN_ROMAN_EMPIRE" Note="Name for Roman Empire Nation" Gender="other">
      <Text>The Roman Empire</Text>
    </Line>
    <Line Key="TXT_NTN_ROMAN_EMPIRE_SORT" Note="Name for Roman Empire Nation" Gender="other">
      <Text>Roman Empire</Text>
    </Line>
    <Line Key="TXT_NTN_RUSSIA" Note="Name for Russia Nation" Gender="other">
      <Text>Russia</Text>
    </Line>
    <Line Key="TXT_NTN_SONGHAI_EMPIRE" Note="Name for Songhai Empire Nation" Gender="other">
      <Text>The Songhai Empire</Text>
    </Line>
    <Line Key="TXT_NTN_SONGHAI_EMPIRE_SORT" Note="Name for Songhai Empire Nation" Gender="other">
      <Text>Songhai Empire</Text>
    </Line>
    <Line Key="TXT_NTN_SPAIN" Note="Name for Spain Nation" Gender="other">
      <Text>Spain</Text>
    </Line>
    <Line Key="TXT_NTN_THAILAND" Note="Name for Thailand Nation" Gender="other">
      <Text>Thailand</Text>
    </Line>
    <Line Key="TXT_NTN_TRIBES_ISRAEL" Note="Name for Tribes of Israel paragon origin" Gender="other">
      <Text>Tribes of Israel</Text>
    </Line>
    <Line Key="TXT_NTN_THE_WILDERNESS" Note="Name for The Wilderness Nation" Gender="other">
      <Text>The Wilderness</Text>
    </Line>
    <Line Key="TXT_NTN_UNITED_STATES" Note="Name for United States Nation" Gender="other">
      <Text>United States</Text>
    </Line>
    <Line Key="TXT_NTN_VENEZUELA" Note="Name for Venezuela Nation" Gender="other">
      <Text>Venezuela</Text>
    </Line>
    <Line Key="TXT_NTN_ZULU" Note="Name for Zulu Nation" Gender="other">
      <Text>Zulu</Text>
    </Line>
    <Line Key="TXT_NTN_PATUXET" Note="Name for Patuxet Nation" Gender="other">
      <Text>Patuxet</Text>
    </Line>
    <Line Key="TXT_NTN_HURON" Note="Name used for origin of Paragons from the Huron Nation" Gender="other">
      <Text>Huron</Text>
    </Line>
    <Line Key="TXT_NTN_PAIUTE" Note="Name used for origin of Paragons from the Paiute Nation" Gender="other">
      <Text>Paiute</Text>
    </Line>
    <Line Key="TXT_NTN_APACHE" Note="Name used for origin of Paragons from the Apache Nation" Gender="other">
      <Text>Apache</Text>
    </Line>
    <Line Key="TXT_NTN_LAKOTA" Note="Name used for origin of Paragons from the Lakota Nation" Gender="other">
      <Text>Lakota</Text>
    </Line>
    <Line Key="TXT_NTN_PUEBLO" Note="Name used for origin of Paragons from the Pueblo Nation" Gender="other">
      <Text>Pueblo</Text>
    </Line>
    <Line Key="TXT_NTN_SHAWNEE" Note="Name used for origin of Paragons from the Shawnee Nation" Gender="other">
      <Text>Shawnee</Text>
    </Line>
    <Line Key="TXT_NTN_ALBANIA" Note="Name used for origin of Paragons from Albania">
      <Text>Albania</Text>
    </Line>
    <Line Key="TXT_NTN_AUSTRIA" Note="Name used for origin of Paragons from Austria">
      <Text>Austria</Text>
    </Line>
    <Line Key="TXT_NTN_AUSTRIA_HUNGARY" Note="Name used for origin of Paragons from Austria-Hungary">
      <Text>Austria-Hungary</Text>
    </Line>
    <Line Key="TXT_NTN_BABYLON" Note="Name used for origin of Paragons from Babylon">
      <Text>Babylon</Text>
    </Line>
    <Line Key="TXT_NTN_BANGLADESH" Note="Name used for origin of Paragons from Bangladesh">
      <Text>Bangladesh</Text>
    </Line>
    <Line Key="TXT_NTN_BELARUS" Note="Name used for origin of Paragons from Belarus">
      <Text>Belarus</Text>
    </Line>
    <Line Key="TXT_NTN_BOLIVIA" Note="Name used for origin of Paragons from Bolivia">
      <Text>Bolivia</Text>
    </Line>
    <Line Key="TXT_NTN_BULGARIA" Note="Name used for origin of Paragons from Bulgaria">
      <Text>Bulgaria</Text>
    </Line>
    <Line Key="TXT_NTN_CARTHAGE" Note="Name used for origin of Paragons from Carthage">
      <Text>Carthage</Text>
    </Line>
    <Line Key="TXT_NTN_COLOMBIA" Note="Name used for origin of Paragons from Colombia">
      <Text>Colombia</Text>
    </Line>
    <Line Key="TXT_NTN_CROATIA" Note="Name used for origin of Paragons from Croatia">
      <Text>Croatia</Text>
    </Line>
    <Line Key="TXT_NTN_CUBA" Note="Name used for origin of Paragons from Cuba">
      <Text>Cuba</Text>
    </Line>
    <Line Key="TXT_NTN_CYPRUS" Note="Name used for origin of Paragons from Cyprus">
      <Text>Cyprus</Text>
    </Line>
    <Line Key="TXT_NTN_CZECHOSLOVAKIA" Note="Name used for origin of Paragons from Czechoslovakia">
      <Text>Czechoslovakia</Text>
    </Line>
    <Line Key="TXT_NTN_CZECH_REPUBLIC" Note="Name used for origin of Paragons from Czech Republic">
      <Text>Czech Republic</Text>
    </Line>
    <Line Key="TXT_NTN_DAI_VIET" Note="Name used for Paragons of Dai Viet origin">
      <Text>Dai Viet</Text>
    </Line>
    <Line Key="TXT_NTN_DENMARK" Note="Name used for origin of Paragons from Denmark">
      <Text>Denmark</Text>
    </Line>
    <Line Key="TXT_NTN_FINLAND" Note="Name used for origin of Paragons from Finland">
      <Text>Finland</Text>
    </Line>
    <Line Key="TXT_NTN_HUNGARY" Note="Name used for origin of Paragons from Hungary">
      <Text>Hungary</Text>
    </Line>
    <Line Key="TXT_NTN_ICELAND" Note="Name used for origin of Paragons from Iceland">
      <Text>Iceland</Text>
    </Line>
    <Line Key="TXT_NTN_IRAN" Note="Name used for origin of Paragons from Iran">
      <Text>Iran</Text>
    </Line>
    <Line Key="TXT_NTN_IRAQ" Note="Name used for origin of Paragons from Iraq">
      <Text>Iraq</Text>
    </Line>
    <Line Key="TXT_NTN_IRELAND" Note="Name used for origin of Paragons from Ireland">
      <Text>Ireland</Text>
    </Line>
    <Line Key="TXT_NTN_ISRAEL" Note="Name used for origin of Paragons from Israel">
      <Text>Israel</Text>
    </Line>
    <Line Key="TXT_NTN_JAMAICA" Note="Name used for origin of Paragons from Jamaica">
      <Text>Jamaica</Text>
    </Line>
    <Line Key="TXT_NTN_LIBYA" Note="Name used for origin of Paragons from Libya">
      <Text>Libya</Text>
    </Line>
    <Line Key="TXT_NTN_MONGOLIA" Note="Name used for origin of Paragons from Mongolia">
      <Text>Mongolia</Text>
    </Line>
    <Line Key="TXT_NTN_MOROCCO" Note="Name used for origin of Paragons from Morocco">
      <Text>Morocco</Text>
    </Line>
    <Line Key="TXT_NTN_NETHERLANDS" Note="Name used for origin of Paragons from Netherlands">
      <Text>Netherlands</Text>
    </Line>
    <Line Key="TXT_NTN_NEW_ZEALAND" Note="Name used for origin of Paragons from New Zealand">
      <Text>New Zealand</Text>
    </Line>
    <Line Key="TXT_NTN_NICARAGUA" Note="Name used for origin of Paragons from Nicaragua">
      <Text>Nicaragua</Text>
    </Line>
    <Line Key="TXT_NTN_NIGERIA" Note="Name used for origin of Paragons from Nigeria">
      <Text>Nigeria</Text>
    </Line>
    <Line Key="TXT_NTN_NORWAY" Note="Name used for origin of Paragons from Norway">
      <Text>Norway</Text>
    </Line>
    <Line Key="TXT_NTN_PAKISTAN" Note="Name used for origin of Paragons from Pakistan">
      <Text>Pakistan</Text>
    </Line>
    <Line Key="TXT_NTN_PALESTINE" Note="Name used for origin of Paragons from Palestine">
      <Text>Palestine</Text>
    </Line>
    <Line Key="TXT_NTN_PERSIA" Note="Name used for origin of Paragons from Persia">
      <Text>Persia</Text>
    </Line>
    <Line Key="TXT_NTN_PORTUGAL" Note="Name used for origin of Paragons from Portugal">
      <Text>Portugal</Text>
    </Line>
    <Line Key="TXT_NTN_PRUSSIA" Note="Name used for origin of Paragons from Prussia">
      <Text>Prussia</Text>
    </Line>
    <Line Key="TXT_NTN_ROMANIA" Note="Name used for origin of Paragons from Romania">
      <Text>Romania</Text>
    </Line>
    <Line Key="TXT_NTN_ROME" Note="Name used for origin of Paragons from Rome">
      <Text>Rome</Text>
    </Line>
    <Line Key="TXT_NTN_SAUDI_ARABIA" Note="Name used for origin of Paragons from Saudi Arabia">
      <Text>Saudi Arabia</Text>
    </Line>
    <Line Key="TXT_NTN_SCOTLAND" Note="Name used for origin of Paragons from Scotland">
      <Text>Scotland</Text>
    </Line>
    <Line Key="TXT_NTN_SOUTH_AFRICA" Note="Name used for origin of Paragons from South Africa">
      <Text>South Africa</Text>
    </Line>
    <Line Key="TXT_NTN_SWEDEN" Note="Name used for origin of Paragons from Sweden">
      <Text>Sweden</Text>
    </Line>
    <Line Key="TXT_NTN_SWITZERLAND" Note="Name used for origin of Paragons from Switzerland">
      <Text>Switzerland</Text>
    </Line>
    <Line Key="TXT_NTN_THE_TALL_HILL" Note="Name used for origin of Paragons from The Tall Hill">
      <Text>The Tall Hill</Text>
    </Line>
    <Line Key="TXT_NTN_TURKEY" Note="Name used for origin of Paragons from Turkey">
      <Text>Turkey</Text>
    </Line>
    <Line Key="TXT_NTN_UZBEKISTAN" Note="Name used for origin of Paragons from Uzbekistan">
      <Text>Uzbekistan</Text>
    </Line>
    <Line Key="TXT_NTN_VIETNAM" Note="Name used for origin of Paragons from Vietnam">
      <Text>Vietnam</Text>
    </Line>
    <Line Key="TXT_NTN_AUSTRIAN_EMPIRE" Note="Name used for Paragons of Austrian Empire origin">
      <Text>Austrian Empire</Text>
    </Line>
    <Line Key="TXT_NTN_REPUBLIC_OF_FLORENCE" Note="Name used for Paragons of Republic of Florence origin">
      <Text>Republic of Florence</Text>
    </Line>
    <Line Key="TXT_NTN_KINGDOM_OF_LYDIA" Note="Name used for Paragons of Kingdom of Lydia origin">
      <Text>Kingdom of Lydia</Text>
    </Line>
    <Line Key="TXT_NTN_DUCHY_OF_MILAN" Note="Name used for Paragons of Duchy of Milan origin">
      <Text>Duchy of Milan</Text>
    </Line>
    <Line Key="TXT_NTN_JUDEA" Note="Name used for Paragons of Judea origin">
      <Text>Judea</Text>
    </Line>
    <Line Key="TXT_NTN_VALENCIA" Note="Name used for Paragons of Valencia origin">
      <Text>Valencia</Text>
    </Line>
    <Line Key="TXT_NTN_UR" Note="Name used for Paragons of Ur origin">
      <Text>Ur</Text>
    </Line>
    <Line Key="TXT_NTN_ATHENS" Note="Name used for Paragons of Athens origin">
      <Text>Athens</Text>
    </Line>
    <Line Key="TXT_NTN_REPUBLIC_OF_VENICE" Note="Name used for Paragons of Republic of Venice origin">
      <Text>Republic of Venice</Text>
    </Line>
    <Line Key="TXT_NTN_KINGDOM_OF_SYRACUSE" Note="Name used for Paragons of Kingdom of Syracuse origin">
      <Text>Kingdom of Syracuse</Text>
    </Line>
    <Line Key="TXT_NTN_PAPAL_STATES" Note="Name used for Paragons of Papal States origin">
      <Text>Papal States</Text>
    </Line>
    <Line Key="TXT_NTN_SAMANID_EMPIRE" Note="Name used for Paragons of Samanid Empire origin">
      <Text>Samanid Empire</Text>
    </Line>
    <Line Key="TXT_NTN_GURJARADESA" Note="Name used for Paragons of Gurjaradesa origin">
      <Text>Gurjaradesa</Text>
    </Line>
    <Line Key="TXT_NTN_KINGDOM_OF_NAVARRE" Note="Name used for Paragons of Kingdom of Navarre origin">
      <Text>Kingdom of Navarre</Text>
    </Line>
    <Line Key="TXT_NTN_CHERUSCI" Note="Name used for Paragons of Cherusci origin">
      <Text>Cherusci</Text>
    </Line>
    <Line Key="TXT_NTN_CASTILE" Note="Name used for Paragons of Castile origin">
      <Text>Castile</Text>
    </Line>
    <Line Key="TXT_NTN_REPUBLIC_OF_PISA" Note="Name used for Paragons of Republic of Pisa origin">
      <Text>Republic of Pisa</Text>
    </Line>
    <Line Key="TXT_NTN_BRANDENBURG" Note="Name used for Paragons of Brandenburg origin">
      <Text>Brandenburg</Text>
    </Line>
    <Line Key="TXT_NTN_SAMOS" Note="Name used for Paragons of Samos origin">
      <Text>Samos</Text>
    </Line>
    <Line Key="TXT_NTN_PTOLEMAIC_KINGDOM" Note="Name used for Paragons of Ptolemaic Kingdom origin">
      <Text>Ptolemaic Kingdom</Text>
    </Line>
    <Line Key="TXT_NTN_UMAYYAD_CALIPHATE" Note="Name used for Paragons of Umayyad Caliphate origin">
      <Text>Umayyad Caliphate</Text>
    </Line>
    <Line Key="TXT_NTN_SOVIET_UNION" Note="Name used for Paragons of Soviet Union origin">
      <Text>Soviet Union</Text>
    </Line>
    <Line Key="TXT_NTN_MARATHA_EMPIRE" Note="Name used for Paragons of Maratha Empire origin">
      <Text>Maratha Empire</Text>
    </Line>
    <Line Key="TXT_NTN_PRINCIPALITY_OF_KASTRIOTI" Note="Name used for Paragons of Principality of Kastrioti origin">
      <Text>Principality of Kastrioti</Text>
    </Line>
    <Line Key="TXT_NTN_TIMURID_EMPIRE" Note="Name used for Paragons of Timurid Empire origin">
      <Text>Timurid Empire</Text>
    </Line>
    <Line Key="TXT_NTN_MUGHAL_EMPIRE" Note="Name used for Paragons of Mughal Empire origin">
      <Text>Mughal Empire</Text>
    </Line>
    <Line Key="TXT_NTN_CITIUM" Note="Name used for Paragons of Citium origin">
      <Text>Citium</Text>
    </Line>
    <Line Key="TXT_NTN_SILLA" Note="Name used for Paragons of Silla origin">
      <Text>Silla</Text>
    </Line>
    <Line Key="TXT_NTN_SELJUK_EMPIRE" Note="Name used for Paragons of Seljuk Empire origin">
      <Text>Seljuk Empire</Text>
    </Line>
    <Line Key="TXT_NTN_MAGADHA_KINGDOM" Note="Name used for Paragons of Magadha Kingdom origin">
      <Text>Magadha Kingdom</Text>
    </Line>
    <Line Key="TXT_NTN_PRINCIPALITY_OF_VLADIMIR" Note="Name used for Paragons of Principality of Vladimir origin">
      <Text>Principality of Vladimir</Text>
    </Line>
    <Line Key="TXT_NTN_KINGDOM_OF_SICILY" Note="Name used for Paragons of Kingdom of Sicily origin">
      <Text>Kingdom of Sicily</Text>
    </Line>
    <Line Key="TXT_NTN_KINGDOM_OF_SICYON" Note="Name used for Paragons of Sicyon origin">
      <Text>Sicyon</Text>
    </Line>
    <Line Key="TXT_NTN_OTTOMAN_EMPIRE" Note="Name used for Paragons of Ottoman Empire origin">
      <Text>Ottoman Empire</Text>
    </Line>
    <Line Key="TXT_NTN_MEWAR" Note="Name used for Paragons of Mewar origin">
      <Text>Mewar</Text>
    </Line>
    <Line Key="TXT_NTN_THEBES" Note="Name used for Paragons of Thebes origin">
      <Text>Thebes</Text>
    </Line>
    <Line Key="TXT_NTN_KASHI" Note="Name used for Paragons of Kashi origin">
      <Text>Kashi</Text>
    </Line>
    <Line Key="TXT_NTN_BABYLONIA" Note="Name used for Paragons of Babylonia origin">
      <Text>Babylonia</Text>
    </Line>
    <Line Key="TXT_NTN_MAGNA_GRAECIA" Note="Name used for Paragons of Magna Graecia origin">
      <Text>Magna Graecia</Text>
    </Line>
    <Line Key="TXT_NTN_IONIA" Note="Name used for Paragons of Ionia origin">
      <Text>Ionia</Text>
    </Line>
    <Line Key="TXT_NTN_MARINID_SULTANATE" Note="Name used for Paragons of Marīnid Sultanate origin">
      <Text>Marīnid Sultanate</Text>
    </Line>
    <Line Key="TXT_NTN_RASHIDUN_CALIPHATE" Note="Name used for Paragons of Rashidun Caliphate origin">
      <Text>Rashidun Caliphate</Text>
    </Line>
    <Line Key="TXT_NTN_CHAGATAI_KHANATE" Note="Name used for Paragons of Chagatai Khanate origin">
      <Text>Chagatai Khanate</Text>
    </Line>
    <Line Key="TXT_NTN_CHIRACAHUA_APACHE" Note="Name used for Paragons of Chricahua Apache origin">
      <Text>Chiricahua Apache</Text>
    </Line>
    <Line Key="TXT_NTN_KINGDOM_OF_MYSORE" Note="Name used for Paragons of Kingdom of Mysore origin">
      <Text>Kingdom of Mysore</Text>
    </Line>
    <Line Key="TXT_NTN_PAURAVAS" Note="Name used for Paragons of Pauravas origin">
      <Text>Pauravas</Text>
    </Line>
    <Line Key="TXT_NTN_EPIRUS" Note="Name used for Paragons of Epirus origin">
      <Text>Epirus</Text>
    </Line>
    <Line Key="TXT_NTN_SPANISH_NETHERLANDS" Note="Name used for Paragons of Spanish Netherlands origin">
      <Text>Spanish Netherlands</Text>
    </Line>
    <Line Key="TXT_NTN_VIJAYANAGARA_EMPIRE" Note="Name used for Paragons of Vijayanagara Empire origin">
      <Text>Vijayanagara Empire</Text>
    </Line>
    <Line Key="TXT_NTN_SHAKYA_REPUBLIC" Note="Name used for Paragons of Shakya Republic origin">
      <Text>Shakya Republic</Text>
    </Line>
    <Line Key="TXT_NTN_WESSEX" Note="Name used for Paragons of Wessex origin">
      <Text>Wessex</Text>
    </Line>
    <Line Key="TXT_NTN_KINGDOM_OF_AGDER" Note="Name used for Paragons of Kingdom of Agder origin">
      <Text>Kingdom of Agder</Text>
    </Line>
    <Line Key="TXT_NTN_GENEVA" Note="Name used for Paragons of Geneva origin">
      <Text>Geneva</Text>
    </Line>
    <Line Key="TXT_NTN_PAROS" Note="Name used for Paragons of Paros origin">
      <Text>Paros</Text>
    </Line>
    <Line Key="TXT_NTN_COS" Note="Name used for Paragons of Cos origin">
      <Text>Cos</Text>
    </Line>
    <Line Key="TXT_NTN_DESC_UNKNOWN" Note="Description for an unknown nation">
      <Text>Description: Unknown Nation</Text>
    </Line>
    <Line Key="TXT_NTN_DESC_ABBASID_CALIPHATE" Note="Abbasid Caliphate Nation description">
      <Text>The third caliphate (''Islamic state''), the Abbasid Caliphate existed from 750 CE to the 13th century. The empire ruled much of northern Africa, the Middle East, a portion of Anatolia and what was once Persia. They had a series of capitals, including the city of Baghdad, constructed in the 8th century. The caliphate was a center of art, culture and science, and the period has come to be known as the ''Golden Age of Islam.'' </Text>
    </Line>
    <Line Key="TXT_NTN_DESC_ARGENTINA" Note="Argentina Nation description">
      <Text>Argentina is a Nation located in the southern portion of the continent of South America. The original inhabitants arrived from the north in the Paleolithic period. The Incans controlled a portion of the territory during the 15th century, and the Spaniards began colonizing there in the 16th. Argentina gained independence from Spain in the 19th. The 20th century has seen the rise and fall of dictators, and the collapse and regrowth of Argentina's economy. The Nation is blessed with beautiful and rugged landscapes chock full of natural resources.</Text>
    </Line>
    <Line Key="TXT_NTN_DESC_ASSYRIAN_EMPIRE" Note="Assyrian Empire Nation description">
      <Text>An ancient empire located in what is now Iraq and Turkey, Assyria began as a tributary of Babylon and later the Mitanni kingdom. It achieved independence during the 14th century BCE, and remained a major power for the most of the next eight centuries. (It was periodically overthrown by allies or enemies during that period, but Assyria kept coming back.) The Assyrians were deadly fighters. They were also skilled builders, constructing great cities and monuments.</Text>
    </Line>
    <Line Key="TXT_NTN_DESC_AUSTRALIA" Note="Australia Nation description">
      <Text>Australia is a Nation located on the huge island/small continent of the same name in the Southern Pacific Ocean. Originally settled 40,000-70,000 years ago by Asian people, the island was ''discovered'' by Dutch explorers in the 17th century and colonized by the British in the 18th. The colonies expanded throughout the 19th century, eventually possessing the entire island. No longer a British possession, Australia is a modern independent European-style Nation (more or less) with a growing economy and a shocking number of poisonous bugs and animals.</Text>
    </Line>
    <Line Key="TXT_NTN_DESC_AZTEC_EMPIRE" Note="Aztec Empire Nation description">
      <Text>A 14th/15th century Nation in Central America, the Aztec Empire ruled over a large portion of what is now the nation of Mexico. The Aztecs were a fierce warrior people who conquered many neighboring tribes, forcing them to join their expanding empire. The Aztecs built many amazing buildings, many of which were used in their complex and bloody religious rituals. Basically a stone age culture, the Aztecs ruled until they were invaded by Europeans possessing vastly superior technology.</Text>
    </Line>
    <Line Key="TXT_NTN_DESC_BELGIUM" Note="Belgium Nation description">
      <Text>Belgium is a small Nation on the northwest coast of Europe, awkwardly wedged between the United Kingdom, the Netherlands, Germany, and France. (And plucky Luxembourg.) Created in the early 19th century by European powers as a buffer state between various hostile Nations, Belgium was invaded by Germany during two world wars, suffering greatly during the occupations. Today Belgium is part of the NATO alliance and the European Union. They have great chocolate and waffles, also centuries of brilliant art and architecture.</Text>
    </Line>
    <Line Key="TXT_NTN_DESC_BYZANTINE_EMPIRE" Note="Byzantine Empire Nation description">
      <Text>The Byzantine Empire was the eastern portion of the Roman Empire when that empire divided in the 4th/5th centuries CE. The eastern Empire was ruled from Constantinople. Its primary religion was Eastern Orthodox Christianity, distinct from Roman Catholicism of the western Empire. Byzantium lasted a thousand years, its territory fluctuating greatly during that time. At one point it had reconquered much of Italy, coastal Africa and southern Europe, almost matching the power and influence of ancient Rome. In the 15th century the Byzantine Empire was supplanted by the upstart Ottoman Empire.</Text>
    </Line>
    <Line Key="TXT_NTN_DESC_CELTS" Note="Celts Nation description">
      <Text>Ancient people who appeared in central Europe during the Bronze Age, the Celts spread east as far as Anatolia (Turkey) and west into France, Spain, Great Britain, and Ireland. Over the centuries, later groups including Germanic tribes, Romans, and Muslims would overrun most continental Celtic territory, with only portions of Ireland, Cornwall, Wales and Scotland surviving (relatively) intact. Eventually these groups would differentiate into the distinct cultures known today, but they still share ancient Celtic roots.</Text>
    </Line>
    <Line Key="TXT_NTN_DESC_CHEROKEE" Note="Cherokee Nation description">
      <Text>The Cherokee Nation is located in North America, inside the United States. Originally inhabiting the Appalachian Mountains in what is now Georgia, Tennessee and the Carolina states, the Cherokee had a stone age level of technology when first met by Europeans. After the American Revolution, the Cherokee were brutally evicted from their land and driven west by US Army in ''The Trail of Tears'' death march. Today the surviving Cherokees live throughout the United States, many on Cherokee reservations in Oklahoma.</Text>
    </Line>
    <Line Key="TXT_NTN_DESC_CHINA" Note="China Nation description">
      <Text>China is a large, ancient Nation in Asia. Unified in the 2nd century BCE, China has a long and complex history of conquest, being conquered, creating new religions and philosophies, inventing spaghetti and other lesser marvels, advancing art, architecture, and science. Today China is a nuclear-armed global superpower, increasingly flexing its economic and military muscles and challenging the USA for dominance of Asia, the Pacific and elsewhere.</Text>
    </Line>
    <Line Key="TXT_NTN_DESC_CROW_NATION" Note="Crow Nation Nation description">
      <Text>The Crow Nation is in central North America. Originally settled in Ohio, the Crows were driven west and south by other native tribes, eventually settling in the region around the Yellowstone River. The Crow adopted horses in the 18th century CE. In Yellowstone the Crow were caught between the United States and Cherokee empires, both intent on taking their tribal land. At one point or another the Crows fought pretty much all of their neighbors to survive. Today most Crows live in the Crow reservation in Southern Montana.</Text>
    </Line>
    <Line Key="TXT_NTN_DESC_EGYPT" Note="Egypt Nation description">
      <Text>Egypt is an extremely old Nation located on the Nile River in northeast Africa. Egypt is one of the earliest centers of civilization, with the annual flooding of the Nile creating one of the most fertile regions in the world. Ancient Egypt used its agricultural wealth to create a mighty empire. Its cities were magnificent, but not as magnificent as its tombs. Egypt has created more than its share of world triumphs, including the Pyramids and the Sphinx. Egypt has survived some 8000 years. That's a very long time.</Text>
    </Line>
    <Line Key="TXT_NTN_DESC_ENGLAND" Note="England Nation description">
      <Text>England is a Nation located on the island of Great Britain off the coast of Western Europe. England has been inhabited on and off for 800,000 years. It has seen wave after wave of invader - Celts, Roman, Vikings, various Germanic tribes, and DALEKS, each imparting their culture and heritage on the Nation. With a matchless navy, England embarked on a massive program of colonization and conquest, gaining footholds in North America, Africa, the Middle East, India, Asia, and the Pacific, creating an empire larger than any in history. (Present England is much smaller.) England has long been a Nation of arts and letters, and London is one of the great cities of the world. </Text>
    </Line>
    <Line Key="TXT_NTN_DESC_ETHIOPIA" Note="Ethiopia Nation description">
      <Text>Ethiopia is an ancient Nation in East Africa. Humans have lived in Ethiopia since before they were human, with hominids dating back 4 million years. The earliest known kingdom (D'mt) appeared in the 8th century BCE. It was succeeded by a series of other kingdoms over the next few centuries. In the 3rd century CE the kingdom of Aksum was converted to Christianity. In 1270 CE the Ethiopian Empire was ruled by the Solomonic dynasty, which would continue to rule until 1974. Modern Ethiopia is a major power in East Africa, with a growing population and a booming economy.</Text>
    </Line>
    <Line Key="TXT_NTN_DESC_FRANCE" Note="France Nation description">
      <Text>France is a Nation in western Europe. It is bordered by Spain, England (across the water), Belgium, Germany, Italy, and Switzerland. Historically, France has struggled for continental dominance with Spain, England, and Germany. Under Napoleon I, France conquered almost all of Europe, though it didn't last. After the horrors of WWII, Spain, France and Germany have joined in the European Union, hopefully ending those particular rivalries. Paris, France, is a world center of art, literature, and culture. French food is the best anywhere. (Don't tell Italy.)</Text>
    </Line>
    <Line Key="TXT_NTN_DESC_GEORGIA" Note="Georgia Nation description">
      <Text>Georgia is an ancient Nation on the Black Sea, at the junction of Eastern Europe and Western Asia. Georgians were among the first people to discover how to work metals in the 7th century BCE. They were also the first known to make wine. Nice. The Kingdom of Georgia saw great success in the 12th/13th centuries, especially under Queen Tamar. During her reign the Georgian Renaissance produced great advances in art, literature, and science, as well as success on the battlefield. Modern Georgia has struggled to maintain independence from Russia, gained in 1991.</Text>
    </Line>
    <Line Key="TXT_NTN_DESC_GERMANY" Note="Germany Nation description">
      <Text>Germany is a Nation sitting at the center of Europe. Humans first appeared in the area over 500,000 years ago. The Germanic tribes, ancestors to the current occupants, appeared much later. They fought Rome. A lot. Much of Germany was conquered by Charlemagne, remaining part of the Holy Roman Empire until the 19th century. Otto von Bismarck unified the Nation in 1871. In the 20th century, Germany was on the losing end of two World Wars, the second so horrific that the country was split in half for forty years. Modern Germany is an industrial giant. It has made peace with its ancient foe, France, and together they dominate the powerful European Union.</Text>
    </Line>
    <Line Key="TXT_NTN_DESC_GHANA" Note="Ghana Nation description">
      <Text>Ghana is a Nation on the west Coast of Africa, in the ''Gulf of Guinea.'' Human occupation dates to at least 10,000 BCE, with the first unified state occurring in the 12th century CE. Over time Ghana has been part of the Ashanti and Dagbon kingdoms. It has also been claimed as a colony by the Portuguese and the British. Ghana was the first African state to achieve independence from colonial rule. Ghana has a vibrant, vital culture, strong economy, and ample natural resources.</Text>
    </Line>
    <Line Key="TXT_NTN_DESC_GREECE" Note="Greece Nation description">
      <Text>Greece is an ancient Nation in the Eastern Mediterranean. Humans have lived in Greece for some 275,000 years. Its rocky terrain led to the growth of isolated city-states who competed with each other for power and resources. The Greeks were master artists, philosophers, writers and political theorists; they are considered to be the founders of ''Western Civilization.'' Alexander the Great, from the Greek nation-state Macedon, is considered to be one of history's greatest warriors and conquerors.</Text>
    </Line>
    <Line Key="TXT_NTN_DESC_HOLY_ROMAN_EMPIRE" Note="Holy Roman Empire Nation description">
      <Text>Created by the conquests of 8th century CE Carolingian king Charlemagne, the Holy Roman Empire was a central European Nation that included parts of France, Italy, Switzerland, Germany, the Benelux countries, and chunks of the Balkans. Because of his assistance to the Catholic Church, Pope Leo III crowned Charlemagne ''Emperor,'' making him the heir to the Emperors of Rome, last seen in the neighborhood 300 years ago. The empire lasted a thousand years, until finally dismembered by upstart Napoleon Bonaparte.</Text>
    </Line>
    <Line Key="TXT_NTN_DESC_INCA_EMPIRE" Note="Inca Empire Nation description">
      <Text>Born in South America in the 13th century, the Incan Empire was the largest native American Empire in history. It lasted some 200 years, until it was destroyed by European invaders. The Incans lived on the Andean Mountains on the west coast of South America. With no written language and a stone age technology, they were able to conquer and control an empire the size of Mexico. The Incans were more than a warrior culture. They constructed massive stone cities in some of the most inaccessible corners of the Americas.</Text>
    </Line>
    <Line Key="TXT_NTN_DESC_INDIA" Note="India Nation description">
      <Text>India is an ancient Nation that occupies most of the Indian subcontinent in southern Asia. Humans have lived on the subcontinent for over 50,000 years. Located in India and Pakistan, the Indus Valley gave birth to one of humanity's earliest civilizations. India is home to two of the world's great religions: Hinduism and Buddhism. It also has a substantial Muslim population. India is one of the world's biggest nations, with over a billion citizens. It has a vibrant and captivating culture.</Text>
    </Line>
    <Line Key="TXT_NTN_DESC_ITALY" Note="Italy Nation description">
      <Text>Italy is a European Nation sitting on the Mediterranean Sea. The Nation was first unified by the mighty Romans, who from Italy dominated much of Europe, North Africa, and the Middle East for a thousand years. When Rome fell, Italy became divided and was not permanently reunified until the 19th century CE. Italy has a long, proud history and has always been a center of art, architecture, religion and food. The Renaissance, arguably the greatest period of human advancement in Western history, began in Italy. (Probably because of the food.)</Text>
    </Line>
    <Line Key="TXT_NTN_DESC_JAPAN" Note="Japan Nation description">
      <Text>Japan is an ancient Nation located on a string of volcanic islands off of the coast of Asia. Humans have lived on Japan for some 50,000 years. The island was unified in the 6th century CE, fell apart in the 16th, then was reunified under the Tokugawa shogunate. Japan has a proud warrior culture and has fought in many wars against its neighbors, Korea and China. Japan's colonial aspirations were harshly ended by World War II. In the years since, Japan has become an industrial juggernaut and a world leader in technological innovation. Japan's unique culture is spreading around the world, led by animated teens with big eyes and sushi.</Text>
    </Line>
    <Line Key="TXT_NTN_DESC_KOREA" Note="Korea Nation description">
      <Text>Korea is a Nation in Southeast Asia. Sitting uncomfortably near to Asian powerhouses China and Japan, much of Korea's history involves being invaded by one of its stronger neighbors. Korea has a long and rich history, and a vibrant, vital culture. The Nation is currently divided between two hostile states, with North Korea governed by a terrifying despot, and South Korea an industrial powerhouse conquering the world with K-pop.</Text>
    </Line>
    <Line Key="TXT_NTN_DESC_KUSH" Note="Kush Nation description">
      <Text>An ancient Nation located in Nubia, between Egypt and Ethiopia, Kush grew out of the ashes of the New Kingdom of Egypt. In the 8th century BCE the Kush invaded its northern neighbor, holding Egypt until driven out by Assyrians 100 years later.</Text>
    </Line>
    <Line Key="TXT_NTN_DESC_MEXICO" Note="Mexico Nation description">
      <Text>Mexico is a Nation located in Central and North America. Home to many ancient peoples including the Aztecs and Maya, in the 16th century Mexico was conquered by the Spanish, who held the territory until Mexico achieved independence in the early 19th. The United States took a large portion of Mexico's northern territory a couple of decades later, and France tried unsuccessfully to conquer the Nation in the 1860s. Modern Mexico is a vibrant multicultural country with a growing economy and fantastic food often involving peppers and mole sauce.</Text>
    </Line>
    <Line Key="TXT_NTN_DESC_MONGOL_EMPIRE" Note="Mongol Empire Nation description">
      <Text>The Mongol Empire was created by Genghis Kahn, who in the 13th century led his pony warriors on an astounding series of successful campaigns against virtually anybody they could reach. At its height the Empire controlled China, Mongolia, southern and western Russia, southwestern Asia, most of Anatolia, and a chunk of Eastern Europe and the Balkans. It was the largest empire in history (until the British stole the record 400 years later).</Text>
    </Line>
    <Line Key="TXT_NTN_DESC_PALMYRENE_EMPIRE" Note="Palmyrene Empire Nation description">
      <Text>The Palmyrene Empire was a short-lived Nation based in Syria in the 3rd century CE. Originally a Roman province, Palmyra revolted under Queen Zenobia, rapidly conquering a large chunk of Anatolia, the eastern coast of the Mediterranean, and Egypt. Although it survived for only three years, it was a remarkable feat, especially for a woman in that time.</Text>
    </Line>
    <Line Key="TXT_NTN_DESC_PERSIAN_EMPIRE" Note="Persian Empire Nation description">
      <Text>The Persian Empire was a mighty Nation that dominated the Middle East and the Eastern Mediterranean for some three centuries. Founded by Cyrus the Great, at its peak Persia controlled most of the Eastern Mediterranean, Egypt and North Africa, the Middle East, and Southern Asia up to the borders of India. The Empire constructed mighty cities, including Persepolis, one of the great metropolises of the Ancient World.</Text>
    </Line>
    <Line Key="TXT_NTN_DESC_POLAND" Note="Poland Nation description">
      <Text>Poland is an ancient Eastern European Nation. It first became a state in the 10th century. In the 16th century Poland formed the uniquely liberal Polish-Lithuanian Commonwealth, which featured an elected monarchy and the first written constitution in history. The state was gobbled up by neighbors at the end of the 18th century, and Poland did not regain independence until the early 20th. Poland emerged from Russian dominance some 30 years ago, and is now a growing economic power and part of the European Union.</Text>
    </Line>
    <Line Key="TXT_NTN_DESC_ROMAN_EMPIRE" Note="Roman Empire Nation description">
      <Text>The Roman Empire was a political entity that began life on a small hillside in central Italy, then over time grew to dominate much of the Mediterranean basin, the Middle East and parts of Europe and western Asia. The Roman kingdom appeared some time in the 7th century BCE, and the empire lasted until the 5th century CE. Rome had a matchless army backed up with a superior infrastructure and system of government. More than mere conquerors, Romans built some of the greatest buildings and structures of antiquity. </Text>
    </Line>
    <Line Key="TXT_NTN_DESC_RUSSIA" Note="Russia Nation description">
      <Text>Russia is a large Nation straddling the eastern border of Europe and much of Northern Asia. Human remains have been found dating 40,000 years ago. The kingdom of Rus appeared a bit later, in 862 CE. In the 18th century Tsar Peter the Great proclaimed the Russian Empire, and he was followed by a series of rulers of greater or lesser competence and brutality. During World War I the Tsars were overthrown, replaced by an equally brutal communist dictatorship. Surviving (barely) World War II, modern Russia has a stockpile of aging nuclear weapons, a large oil supply, and a desire to reclaim earlier imperial power and influence.</Text>
    </Line>
    <Line Key="TXT_NTN_DESC_SONGHAI_EMPIRE" Note="Songhai Empire Nation description">
      <Text>The Songhai Nation was a Western African trading empire in the 15th and 16th centuries. Dominating the mighty Niger River, the Songhai controlled the movement of goods and people throughout a sizeable portion of the continent. The Songhai controlled the large urban centers of Timbuktu and Djenne, important centers of Islamic education in the region.</Text>
    </Line>
    <Line Key="TXT_NTN_DESC_SPAIN" Note="Spain Nation description">
      <Text>On the Iberian peninsula in Western Europe, Spain first saw human occupation some 35,000 years ago. Phoenicians, Celts, Carthaginians all settled on the fertile land until the Romans took over in around 200 BCE. Visigoths booted the Romans out, and they in turn were conquered by the Umayyad Caliphate. The natives kicked the Muslims out in the 15th century. After the discovery of the Americas, Spain became a mighty economic empire for several centuries. Modern Spain is a member of the European Union and has some of the best food and beaches in the world.</Text>
    </Line>
    <Line Key="TXT_NTN_DESC_THAILAND" Note="Thailand Nation description">
      <Text>A Nation located in Southeast Asia, the area of Thailand has been part of a series of kingdoms and empires, beginning with the Sukhothai in the 12th century CE. Unlike most of its neighbors, Thailand was never conquered/colonized by European powers, maintaining a precarious independence as it tried to adopt to the advanced technology of the newcomers. Modern Thailand is an emerging industrial and technological power in Southeast Asia.</Text>
    </Line>
    <Line Key="TXT_NTN_DESC_THE_WILDERNESS" Note="The Wilderness Nation description">
      <Text>Animals are wild hostiles that don't belong to any specific Nation.</Text>
    </Line>
    <Line Key="TXT_NTN_DESC_UNITED_STATES" Note="United States Nation description">
      <Text>Extremely large and powerful Nation located in North America. The land was first inhabited by ancestors of the Asians who crossed the Bering land bridge some 18,000 years ago. Various European colonies settled on the East Coast of the continent beginning in the 16th century. The colonists gained independence in the late 18th century and commenced moving west, displacing (or destroying) any natives in their way. The modern USA is a military, economic and cultural superpower and the only Nation who has successfully landed a human on the Moon.</Text>
    </Line>
    <Line Key="TXT_NTN_DESC_VENEZUELA" Note="Venezuela Nation description">
      <Text>Venezuela is a Nation wedged into the northern coast of South America, bordering the Caribbean Sea. Humans first appeared in Venezuela around 12,000 BCE. Enjoying only stone age technology, they were easy prey for the Spanish conquerors who arrived and began taking over in the 16h century. The Spanish ruled until the early 19th, when the region revolted under Simón Bolívar. Although blessed with a beautiful country with bountiful natural resources, modern Venezuela is in a state semi-permanent crisis, facing terrible economic and political problems.</Text>
    </Line>
    <Line Key="TXT_NTN_DESC_ZULU" Note="Zulu Nation description">
      <Text>Native South African Nation located in what is now KwaZulu-Natal. The Zulu became powerful in the 19th century during the reign of innovative warlord and ruler Shaka Zulu, using new weapons and tactics to dominate neighboring tribes. The young Zulu empire was eventually crushed by British colonizers equipped with far superior technology. After surviving Apartheid, the Zulus have (mostly) achieved political equality in South Africa, though their region lacks infrastructure and economic opportunities.</Text>
    </Line>
    <Line Key="TXT_NTN_DESC_MERCENARIES" Note="The Mercenary Nation description">
      <Text>Warbands are enemies to all nations. They serve no leader.</Text>
    </Line>
    <Line Key="TXT_ADJ_ABBASID" vowel="y" Note="Abbasid People Adjectives">
      <Text>Abbasid|Abbasids</Text>
      <Plurality>1|other</Plurality>
    </Line>
    <Line Key="TXT_ADJ_ARGENTINE" vowel="y" Note="Argentine People Adjectives">
      <Text>Argentine|Argentines</Text>
      <Plurality>1|other</Plurality>
    </Line>
    <Line Key="TXT_ADJ_ASSYRIAN" vowel="y" Note="Assyrian People Adjectives">
      <Text>Assyrian|Assyrians</Text>
      <Plurality>1|other</Plurality>
    </Line>
    <Line Key="TXT_ADJ_AUSTRALIAN" vowel="y" Note="Australian People Adjectives">
      <Text>Australian|Australians</Text>
      <Plurality>1|other</Plurality>
    </Line>
    <Line Key="TXT_ADJ_AZTEC" vowel="y" Note="Aztec People Adjectives">
      <Text>Aztec|Aztecs</Text>
      <Plurality>1|other</Plurality>
    </Line>
    <Line Key="TXT_ADJ_BELGIAN" Note="Belgian People Adjectives">
      <Text>Belgian|Belgians</Text>
      <Plurality>1|other</Plurality>
    </Line>
    <Line Key="TXT_ADJ_HELLENE" Note="Hellene People Adjectives">
      <Text>Hellene|Hellenes</Text>
      <Plurality>1|other</Plurality>
    </Line>
    <Line Key="TXT_ADJ_CELT" Note="Celt People Adjectives">
      <Text>Celt|Celts</Text>
      <Plurality>1|other</Plurality>
    </Line>
    <Line Key="TXT_ADJ_CHEROKEE" Note="Cherokee People Adjectives">
      <Text>Cherokee|Cherokees</Text>
      <Plurality>1|other</Plurality>
    </Line>
    <Line Key="TXT_ADJ_CHINESE" Note="Chinese People Adjectives">
      <Text>Chinese</Text>
    </Line>
    <Line Key="TXT_ADJ_APSAALOOKE" vowel="y" Note="Apsáalooke People Adjectives">
      <Text>Apsáalooke</Text>
    </Line>
    <Line Key="TXT_ADJ_EGYPTIAN" vowel="y" Note="Egyptian People Adjectives">
      <Text>Egyptian|Egyptians</Text>
      <Plurality>1|other</Plurality>
    </Line>
    <Line Key="TXT_ADJ_ENGLISH" vowel="y" Note="English People Adjectives">
      <Text>English</Text>
    </Line>
    <Line Key="TXT_ADJ_ETHIOPIAN" vowel="y" Note="Ethiopian People Adjectives">
      <Text>Ethiopian|Ethiopians</Text>
      <Plurality>1|other</Plurality>
    </Line>
    <Line Key="TXT_ADJ_FRENCH" Note="French People Adjectives">
      <Text>French</Text>
    </Line>
    <Line Key="TXT_ADJ_GEORGIAN" Note="Georgian People Adjectives">
      <Text>Georgian|Georgians</Text>
      <Plurality>1|other</Plurality>
    </Line>
    <Line Key="TXT_ADJ_GERMAN" Note="German People Adjectives">
      <Text>German|Germans</Text>
      <Plurality>1|other</Plurality>
    </Line>
    <Line Key="TXT_ADJ_GHANAIAN" Note="Ghanaian People Adjectives">
      <Text>Ghanaian|Ghanaians</Text>
      <Plurality>1|other</Plurality>
    </Line>
    <Line Key="TXT_ADJ_GREEK" Note="Greek People Adjectives">
      <Text>Greek|Greeks</Text>
      <Plurality>1|other</Plurality>
    </Line>
    <Line Key="TXT_ADJ_HOLY_ROMAN_EMPIRE" Note="Holy Roman People Adjectives">
      <Text>Imperialis|Imperiales</Text>
      <Plurality>1|other</Plurality>
    </Line>
    <Line Key="TXT_ADJ_INCAN" vowel="y" Note="Incan People Adjectives">
      <Text>Incan|Incans</Text>
      <Plurality>1|other</Plurality>
    </Line>
    <Line Key="TXT_ADJ_INDIAN" vowel="y" Note="Indian People Adjectives">
      <Text>Indian|Indians</Text>
      <Plurality>1|other</Plurality>
    </Line>
    <Line Key="TXT_ADJ_ITALIAN" vowel="y" Note="Italian People Adjectives">
      <Text>Italian|Italians</Text>
      <Plurality>1|other</Plurality>
    </Line>
    <Line Key="TXT_ADJ_JAPANESE" Note="Japanese People Adjectives">
      <Text>Japanese</Text>
    </Line>
    <Line Key="TXT_ADJ_KOREAN" Note="Korean People Adjectives">
      <Text>Korean|Koreans</Text>
      <Plurality>1|other</Plurality>
    </Line>
    <Line Key="TXT_ADJ_KUSHITE" Note="Kushite People Adjectives">
      <Text>Kushite|Kushites</Text>
      <Plurality>1|other</Plurality>
    </Line>
    <Line Key="TXT_ADJ_MEXICAN" Note="Mexican People Adjectives">
      <Text>Mexican|Mexicans</Text>
      <Plurality>1|other</Plurality>
    </Line>
    <Line Key="TXT_ADJ_MONGOL" Note="Mongol People Adjectives">
      <Text>Mongol|Mongols</Text>
      <Plurality>1|other</Plurality>
    </Line>
    <Line Key="TXT_ADJ_PALMYRENE" Note="Palmyrene People Adjectives">
      <Text>Palmyrene|Palmyrenes</Text>
      <Plurality>1|other</Plurality>
    </Line>
    <Line Key="TXT_ADJ_PERSIAN" Note="Persian People Adjectives">
      <Text>Persian|Persians</Text>
      <Plurality>1|other</Plurality>
    </Line>
    <Line Key="TXT_ADJ_POLISH" Note="Polish People Adjectives">
      <Text>Polish|Poles</Text>
      <Plurality>1|other</Plurality>
    </Line>
    <Line Key="TXT_ADJ_ROMAN" Note="Roman People Adjectives">
      <Text>Roman|Romans</Text>
      <Plurality>1|other</Plurality>
    </Line>
    <Line Key="TXT_ADJ_RUSSIAN" Note="Russian People Adjectives">
      <Text>Russian|Russians</Text>
      <Plurality>1|other</Plurality>
    </Line>
    <Line Key="TXT_ADJ_SONGHAI" Note="Songhai People Adjectives">
      <Text>Songhai</Text>
    </Line>
    <Line Key="TXT_ADJ_SPANIARD" Note="Spaniard People Adjectives">
      <Text>Spaniard|Spaniards</Text>
      <Plurality>1|other</Plurality>
    </Line>
    <Line Key="TXT_ADJ_THAI" Note="Thai People Adjectives">
      <Text>Thai</Text>
    </Line>
    <Line Key="TXT_ADJ_THE_WILDERNESS" Note="The Wilderness People Adjectives">
      <Text>The Wilderness</Text>
    </Line>
    <Line Key="TXT_ADJ_AMERICAN" vowel="y" Note="American People Adjectives">
      <Text>American|Americans</Text>
      <Plurality>1|other</Plurality>
    </Line>
    <Line Key="TXT_ADJ_VENEZUELAN" Note="Venezuelan People Adjectives">
      <Text>Venezuelan|Venezuelans</Text>
      <Plurality>1|other</Plurality>
    </Line>
    <Line Key="TXT_ADJ_ZULU" Note="Zulu People Adjectives">
      <Text>Zulu|Zulus</Text>
      <Plurality>1|other</Plurality>
    </Line>
    <Line Key="TXT_ADJ_MERCENARY" vowel="y" Note="Mercenary People Adjectives">
      <Text>Warband|Warbands</Text>
      <Plurality>1|other</Plurality>
    </Line>
  </Locale>
</GameText>
