<?xml version="1.0" encoding="UTF-8"?>
<GameText>
<!--The Note attribute is a non game-facing field giving more context to the translator. Don't parse it. -->
  <Locale ID="en">

	  <!--*******************************************************************************************
   ...............................    Recipe Names          .............................
   *********************************************************************************************-->

	  <Line Key="TXT_RCP_AIRCRAFT_CARRIER" Note="Name of a crafting recipe for a specific item. The item name itself is referenced through another key; only the word Recipe needs translation.">
		  <Text>{TXT_ITM_AIRCRAFT_CARRIER} Recipe</Text>
	  </Line>

	  <Line Key="TXT_RCP_ANTI_AIR_GUN" Note="Name of a crafting recipe for a specific item. The item name itself is referenced through another key; only the word Recipe needs translation.">
		  <Text>{TXT_ITM_ANTI_AIR_GUN} Recipe</Text>
	  </Line>

	  <Line Key="TXT_RCP_ASSAULT_OCTERES" Note="Name of a crafting recipe for a specific item. The item name itself is referenced through another key; only the word Recipe needs translation.">
		  <Text>{TXT_ITM_ANTI_AIR_GUN} Recipe</Text>
	  </Line>

	  <Line Key="TXT_RCP_ASSAULT_RIFLE" Note="Name of a crafting recipe for a specific item. The item name itself is referenced through another key; only the word Recipe needs translation.">
		  <Text>{TXT_ITM_ASSAULT_RIFLE} Recipe</Text>
	  </Line>

	  <Line Key="TXT_RCP_ARMY_RATIONS" Note="Name of a crafting recipe for a specific item. The item name itself is referenced through another key; only the word Recipe needs translation.">
		  <Text>{TXT_ITM_ARMY_RATIONS} Recipe</Text>
	  </Line>

	  <Line Key="TXT_RCP_BATTLESHIP" Note="Name of a crafting recipe for a specific item. The item name itself is referenced through another key; only the word Recipe needs translation.">
		  <Text>{TXT_ITM_BATTLESHIP} Recipe</Text>
	  </Line>

	  <Line Key="TXT_RCP_BAYONET" Note="Name of a crafting recipe for a specific item. The item name itself is referenced through another key; only the word Recipe needs translation.">
		  <Text>{TXT_ITM_BAYONET} Recipe</Text>
	  </Line>

	  <Line Key="TXT_RCP_BEER" Note="Name of a crafting recipe for a specific item. The item name itself is referenced through another key; only the word Recipe needs translation.">
		  <Text>{TXT_ITM_BEER} Recipe</Text>
	  </Line>

	  <Line Key="TXT_RCP_BOMBER" Note="Name of a crafting recipe for a specific item. The item name itself is referenced through another key; only the word Recipe needs translation.">
		  <Text>{TXT_ITM_BOMBER} Recipe</Text>
	  </Line>

	  <Line Key="TXT_RCP_BOOKS" Note="Name of a crafting recipe for a specific item. The item name itself is referenced through another key; only the word Recipe needs translation.">
		  <Text>{TXT_ITM_BOOKS} Recipe</Text>
	  </Line>

	  <Line Key="TXT_RCP_LIGHT_BOW" Note="Name of a crafting recipe for a specific item. The item name itself is referenced through another key; only the word Recipe needs translation.">
		  <Text>{TXT_ITM_BOW} Recipe</Text>
	  </Line>

	  <Line Key="TXT_RCP_CANDLES" Note="Name of a crafting recipe for a specific item. The item name itself is referenced through another key; only the word Recipe needs translation.">
		  <Text>{TXT_ITM_CANDLES} Recipe</Text>
	  </Line>

	  <Line Key="TXT_RCP_CANNED_FOOD" Note="Name of a crafting recipe for a specific item. The item name itself is referenced through another key; only the word Recipe needs translation.">
		  <Text>{TXT_ITM_CANNED_FOOD} Recipe</Text>
	  </Line>

	  <Line Key="TXT_RCP_CANNON" Note="Name of a crafting recipe for a specific item. The item name itself is referenced through another key; only the word Recipe needs translation.">
		  <Text>{TXT_ITM_CANNON} Recipe</Text>
	  </Line>

	  <Line Key="TXT_RCP_CARAVAN" Note="Name of a crafting recipe for a specific item. The item name itself is referenced through another key; only the word Recipe needs translation.">
		  <Text>{TXT_ITM_CARAVAN} Recipe</Text>
	  </Line>

	  <Line Key="TXT_RCP_CARAVEL" Note="Name of a crafting recipe for a specific item. The item name itself is referenced through another key; only the word Recipe needs translation.">
		  <Text>{TXT_ITM_CARAVEL} Recipe</Text>
	  </Line>

	  <Line Key="TXT_RCP_DRAGOON" Note="Name of a crafting recipe for a specific item. The item name itself is referenced through another key; only the word Recipe needs translation.">
		  <Text>{TXT_ITM_CARBINE} Recipe</Text>
	  </Line>

	  <Line Key="TXT_RCP_CARRACK" Note="Name of a crafting recipe for a specific item. The item name itself is referenced through another key; only the word Recipe needs translation.">
		  <Text>{TXT_ITM_CARRACK} Recipe</Text>
	  </Line>

	  <Line Key="TXT_RCP_CENSER" Note="Name of a crafting recipe for a specific item. The item name itself is referenced through another key; only the word Recipe needs translation.">
		  <Text>{TXT_ITM_CENSER} Recipe</Text>
	  </Line>

	  <Line Key="TXT_RCP_CHARIOT" Note="Name of a crafting recipe for a specific item. The item name itself is referenced through another key; only the word Recipe needs translation.">
		  <Text>{TXT_ITM_CHARIOT} Recipe</Text>
	  </Line>

	  <Line Key="TXT_RCP_COG" Note="Name of a crafting recipe for a specific item. The item name itself is referenced through another key; only the word Recipe needs translation.">
		  <Text>{TXT_ITM_COG} Recipe</Text>
	  </Line>

	  <Line Key="TXT_RCP_COLOGNE" Note="Name of a crafting recipe for a specific item. The item name itself is referenced through another key; only the word Recipe needs translation.">
		  <Text>{TXT_ITM_COLOGNE} Recipe</Text>
	  </Line>

	  <Line Key="TXT_RCP_COMMANDO" Note="Name of a crafting recipe for a specific item. The item name itself is referenced through another key; only the word Recipe needs translation.">
		  <Text>{TXT_ITM_COMMANDO} Recipe</Text>
	  </Line>

	  <Line Key="TXT_RCP_COSMETICS" Note="Name of a crafting recipe for a specific item. The item name itself is referenced through another key; only the word Recipe needs translation.">
		  <Text>{TXT_ITM_COSMETICS} Recipe</Text>
	  </Line>

	  <Line Key="TXT_RCP_CROSSBOW" Note="Name of a crafting recipe for a specific item. The item name itself is referenced through another key; only the word Recipe needs translation.">
		  <Text>{TXT_ITM_CROSSBOW} Recipe</Text>
	  </Line>

	  <Line Key="TXT_RCP_CYBERNETICS" Note="Name of a crafting recipe for a specific item. The item name itself is referenced through another key; only the word Recipe needs translation.">
		  <Text>{TXT_ITM_CYBERNETICS} Recipe</Text>
	  </Line>

	  <Line Key="TXT_RCP_DEATH_RAY" Note="Name of a crafting recipe for a specific item. The item name itself is referenced through another key; only the word Recipe needs translation.">
		  <Text>{TXT_ITM_DEATH_RAY} Recipe</Text>
	  </Line>

	  <Line Key="TXT_RCP_DESTROYER" Note="Name of a crafting recipe for a specific item. The item name itself is referenced through another key; only the word Recipe needs translation.">
		  <Text>{TXT_ITM_DESTROYER} Recipe</Text>
	  </Line>

	  <Line Key="TXT_RCP_ELECTRONICS" Note="Name of a crafting recipe for a specific item. The item name itself is referenced through another key; only the word Recipe needs translation.">
		  <Text>{TXT_ITM_ELECTRONICS} Recipe</Text>
	  </Line>

	  <Line Key="TXT_RCP_EXPLOSIVES" Note="Name of a crafting recipe for a specific item. The item name itself is referenced through another key; only the word Recipe needs translation.">
		  <Text>{TXT_ITM_EXPLOSIVES} Recipe</Text>
	  </Line>

	  <Line Key="TXT_RCP_DESC_EXPLOSIVES" Note="Description for Explosives Recipe">
      	<Text>Explosives Recipe Description</Text>
  	  </Line>

	  <Line Key="TXT_RCP_FARM_TOOLS" Note="Name of a crafting recipe for a specific item. The item name itself is referenced through another key; only the word Recipe needs translation.">
		  <Text>{TXT_ITM_FARM_TOOLS} Recipe</Text>
	  </Line>

	  <Line Key="TXT_RCP_FEAST" Note="Name of a crafting recipe for a specific item. The item name itself is referenced through another key; only the word Recipe needs translation.">
		  <Text>{TXT_ITM_FEAST} Recipe</Text>
	  </Line>

	  <Line Key="TXT_RCP_FERTILIZER" Note="Name of a crafting recipe for a specific item. The item name itself is referenced through another key; only the word Recipe needs translation.">
		  <Text>{TXT_ITM_FERTILIZER} Recipe</Text>
	  </Line>

	  <Line Key="TXT_RCP_FIGHTER_PLANE" Note="Name of a crafting recipe for a specific item. The item name itself is referenced through another key; only the word Recipe needs translation.">
		  <Text>{TXT_ITM_FIGHTER_PLANE} Recipe</Text>
	  </Line>

	  <Line Key="TXT_RCP_FLAMETHROWER" Note="Name of a crafting recipe for a specific item. The item name itself is referenced through another key; only the word Recipe needs translation.">
		  <Text>{TXT_ITM_FLAMETHROWER} Recipe</Text>
	  </Line>

	  <Line Key="TXT_RCP_PISTOL" Note="Name of a crafting recipe for a specific item. The item name itself is referenced through another key; only the word Recipe needs translation.">
		  <Text>{TXT_ITM_GUNS} Recipe</Text>
	  </Line>

	  <Line Key="TXT_RCP_FOOD" Note="Name of a crafting recipe for a specific item. The item name itself is referenced through another key; only the word Recipe needs translation.">
		  <Text>{TXT_ITM_FOOD} Recipe</Text>
	  </Line>

	  <Line Key="TXT_RCP_DESC_FORGED_WEAPONS" Note="Description for Forged Weapons Recipe">
      	<Text>Forged Weapons Recipe Description</Text>
  		</Line>

	  <Line Key="TXT_RCP_SHIP_OF_THE_LINE" Note="Name of a crafting recipe for a specific item. The item name itself is referenced through another key; only the word Recipe needs translation.">
		  <Text>{TXT_ITM_FRIGATE} Recipe</Text>
	  </Line>

	  <Line Key="TXT_RCP_FUR_COATS" Note="Name of a crafting recipe for a specific item. The item name itself is referenced through another key; only the word Recipe needs translation.">
		  <Text>{TXT_ITM_FUR_COATS} Recipe</Text>
	  </Line>

	  <Line Key="TXT_RCP_GATLING_GUN" Note="Name of a crafting recipe for a specific item. The item name itself is referenced through another key; only the word Recipe needs translation.">
		  <Text>{TXT_ITM_GATLING_GUN} Recipe</Text>
	  </Line>

	  <Line Key="TXT_RCP_GIANT_MECHA" Note="Name of a crafting recipe for a specific item. The item name itself is referenced through another key; only the word Recipe needs translation.">
		  <Text>{TXT_ITM_GIANT_MECHA} Recipe</Text>
	  </Line>

	  <Line Key="TXT_RCP_GLASS" Note="Name of a crafting recipe for a specific item. The item name itself is referenced through another key; only the word Recipe needs translation.">
		  <Text>{TXT_ITM_GLASS} Recipe</Text>
	  </Line>

	  <Line Key="TXT_RCP_GOURMET_MEAL" Note="Name of a crafting recipe for a specific item. The item name itself is referenced through another key; only the word Recipe needs translation.">
		  <Text>{TXT_ITM_GOURMET_MEAL} Recipe</Text>
	  </Line>

	  <Line Key="TXT_RCP_DESC_GOURMET_MEAL" Note="Description for Gourmet Meal Recipe">
      <Text>Gourmet Meal Recipe Description</Text>
  		</Line>

	  <Line Key="TXT_RCP_GUNS" Note="Name of a crafting recipe for a specific item. The item name itself is referenced through another key; only the word Recipe needs translation.">
		  <Text>{TXT_ITM_GUNS} Recipe</Text>
	  </Line>

	  <Line Key="TXT_RCP_DESC_GUNS" Note="Description for Gun Recipe">
      <Text>Gun Recipe Description</Text>
  		</Line>

	  <Line Key="TXT_RCP_HALBERD" Note="Name of a crafting recipe for a specific item. The item name itself is referenced through another key; only the word Recipe needs translation.">
		  <Text>{TXT_ITM_HALBERD} Recipe</Text>
	  </Line>

	  <Line Key="TXT_RCP_HARQUEBUS" Note="Name of a crafting recipe for a specific item. The item name itself is referenced through another key; only the word Recipe needs translation.">
		  <Text>{TXT_ITM_HARQUEBUS} Recipe</Text>
	  </Line>

	  <Line Key="TXT_RCP_HELICOPTER" Note="Name of a crafting recipe for a specific item. The item name itself is referenced through another key; only the word Recipe needs translation.">
		  <Text>{TXT_ITM_HELICOPTER} Recipe</Text>
	  </Line>
	  
	  <Line Key="TXT_RCP_HIT_SINGLES" Note="Name of a crafting recipe for a specific item. The item name itself is referenced through another key; only the word Recipe needs translation.">
		  <Text>{TXT_ITM_HIT_SINGLES} Recipe</Text>
	  </Line>

	  <Line Key="TXT_RCP_DESC_HIT_SINGLES" Note="Description for Hit Singles Recipe">
      <Text>Description: Hit Singles Recipe</Text>
  		</Line>

		<Line Key="TXT_RCP_DESC_HORSESHOES" Note="Description for Horseshoes Recipe">
      <Text>Horseshoes Recipe Description</Text>
  		</Line>

	  <Line Key="TXT_RCP_HOLY_BOOK" Note="Name of a crafting recipe for a specific item. The item name itself is referenced through another key; only the word Recipe needs translation.">
		  <Text>{TXT_ITM_HOLY_BOOK} Recipe</Text>
	  </Line>

	  <Line Key="TXT_RCP_HOWDAH" Note="Name of a crafting recipe for a specific item. The item name itself is referenced through another key; only the word Recipe needs translation.">
		  <Text>{TXT_ITM_HOWDAH} Recipe</Text>
	  </Line>

	  <Line Key="TXT_RCP_INDUSTRIAL_FURNITURE" Note="Name of a crafting recipe for a specific item. The item name itself is referenced through another key; only the word Recipe needs translation.">
		  <Text>{TXT_ITM_INDUSTRIAL_FURNITURE} Recipe</Text>
	  </Line>

	  <Line Key="TXT_RCP_INDUSTRIAL_TOOLS" Note="Name of a crafting recipe for a specific item. The item name itself is referenced through another key; only the word Recipe needs translation.">
		  <Text>{TXT_ITM_INDUSTRIAL_TOOLS} Recipe</Text>
	  </Line>

	  <Line Key="TXT_RCP_INLAID_FURNITURE" Note="Name of a crafting recipe for a specific item. The item name itself is referenced through another key; only the word Recipe needs translation.">
		  <Text>{TXT_ITM_INLAID_FURNITURE} Recipe</Text>
	  </Line>

	  <Line Key="TXT_RCP_IRONCLAD" Note="Name of a crafting recipe for a specific item. The item name itself is referenced through another key; only the word Recipe needs translation.">
		  <Text>{TXT_ITM_IRONCLAD} Recipe</Text>
	  </Line>

	  <Line Key="TXT_RCP_JET_FIGHTER" Note="Name of a crafting recipe for a specific item. The item name itself is referenced through another key; only the word Recipe needs translation.">
		  <Text>{TXT_ITM_JET_FIGHTER} Recipe</Text>
	  </Line>

	  <Line Key="TXT_RCP_JEWELRY" Note="Name of a crafting recipe for a specific item. The item name itself is referenced through another key; only the word Recipe needs translation.">
		  <Text>{TXT_ITM_JEWELRY} Recipe</Text>
	  </Line>

	  <Line Key="TXT_RCP_LAB_EQUIPMENT" Note="Name of a crafting recipe for a specific item. The item name itself is referenced through another key; only the word Recipe needs translation.">
		  <Text>{TXT_ITM_LAB_EQUIPMENT} Recipe</Text>
	  </Line>

	  <Line Key="TXT_RCP_LANCE" Note="Name of a crafting recipe for a specific item. The item name itself is referenced through another key; only the word Recipe needs translation.">
		  <Text>{TXT_ITM_LANCE} Recipe</Text>
	  </Line>

	  <Line Key="TXT_RCP_LANTERNS" Note="Name of a crafting recipe for a specific item. The item name itself is referenced through another key; only the word Recipe needs translation.">
		  <Text>{TXT_ITM_LANTERNS} Recipe</Text>
	  </Line>

	  <Line Key="TXT_RCP_LASER_CRYSTALS" Note="Name of a crafting recipe for a specific item. The item name itself is referenced through another key; only the word Recipe needs translation.">
		  <Text>{TXT_ITM_LASER_CRYSTALS} Recipe</Text>
	  </Line>

	  <Line Key="TXT_RCP_LEATHER" Note="Name of a crafting recipe for a specific item. The item name itself is referenced through another key; only the word Recipe needs translation.">
		  <Text>{TXT_ITM_LEATHER} Recipe</Text>
	  </Line>

	  <Line Key="TXT_RCP_LIGHTBULBS" Note="Name of a crafting recipe for a specific item. The item name itself is referenced through another key; only the word Recipe needs translation.">
		  <Text>{TXT_ITM_LIGHTBULBS} Recipe</Text>
	  </Line>

	  <Line Key="TXT_RCP_LIQUOR" Note="Name of a crafting recipe for a specific item. The item name itself is referenced through another key; only the word Recipe needs translation.">
		  <Text>{TXT_ITM_LIQUOR} Recipe</Text>
	  </Line>

	  <Line Key="TXT_RCP_LONG_BOW" Note="Name of a crafting recipe for a specific item. The item name itself is referenced through another key; only the word Recipe needs translation.">
		  <Text>{TXT_ITM_LONG_BOW} Recipe</Text>
	  </Line>

	  <Line Key="TXT_RCP_MACHINED_PARTS" Note="Name of a crafting recipe for a specific item. The item name itself is referenced through another key; only the word Recipe needs translation.">
		  <Text>{TXT_ITM_MACHINED_PARTS} Recipe</Text>
	  </Line>

	  <Line Key="TXT_RCP_MASS_PRODUCED_TEXTILES" Note="Name of a crafting recipe for a specific item. The item name itself is referenced through another key; only the word Recipe needs translation.">
		  <Text>{TXT_ITM_MASS_PRODUCED_TEXTILES} Recipe</Text>
	  </Line>

	  <Line Key="TXT_RCP_DESC_MASS_PRODUCED_TEXTILES" Note="Description for Mass-Produced Textiles Recipe">
      <Text>Description for Mass-Produced Textiles Recipe</Text>
  		</Line>

	  <Line Key="TXT_RCP_MASS_PRODUCED_TOYS" Note="Name of a crafting recipe for a specific item. The item name itself is referenced through another key; only the word Recipe needs translation.">
		  <Text>{TXT_ITM_MASS_PRODUCED_TOYS} Recipe</Text>
	  </Line>

	  <Line Key="TXT_RCP_MECHANIZED_INFANTRY" Note="Name of a crafting recipe for a specific item. The item name itself is referenced through another key; only the word Recipe needs translation.">
		  <Text>{TXT_ITM_MECHANIZED_INFANTRY} Recipe</Text>
	  </Line>

	  <Line Key="TXT_RCP_METAL_ARMOR" Note="Name of a crafting recipe for a specific item. The item name itself is referenced through another key; only the word Recipe needs translation.">
		  <Text>{TXT_ITM_METAL_ARMOR} Recipe</Text>
	  </Line>

	  <Line Key="TXT_RCP_DESC_METAL_ARMOR" Note="Description for Metal Armor Recipe">
      <Text>Metal Armor Recipe Description</Text>
  		</Line>

	  <Line Key="TXT_RCP_MILITARY_UNIFORM" Note="Name of a crafting recipe for a specific item. The item name itself is referenced through another key; only the word Recipe needs translation.">
		  <Text>{TXT_ITM_MILITARY_UNIFORM} Recipe</Text>
	  </Line>

	  <Line Key="TXT_RCP_MISSILE_CRUISER" Note="Name of a crafting recipe for a specific item. The item name itself is referenced through another key; only the word Recipe needs translation.">
		  <Text>{TXT_ITM_MISSILE_CRUISER} Recipe</Text>
	  </Line>

	  <Line Key="TXT_RCP_MODERN_ARMOR" Note="Name of a crafting recipe for a specific item. The item name itself is referenced through another key; only the word Recipe needs translation.">
		  <Text>{TXT_ITM_MODERN_ARMOR} Recipe</Text>
	  </Line>

	  <Line Key="TXT_RCP_MOSAIC_TILES" Note="Name of a crafting recipe for a specific item. The item name itself is referenced through another key; only the word Recipe needs translation.">
		  <Text>{TXT_ITM_MOSAIC_TILES} Recipe</Text>
	  </Line>

	  <Line Key="TXT_RCP_MUSICAL_INSTRUMENTS" Note="Name of a crafting recipe for a specific item. The item name itself is referenced through another key; only the word Recipe needs translation.">
		  <Text>Musical Instruments Recipe</Text>
	  </Line>

	  <Line Key="TXT_RCP_MUSKET" Note="Name of a crafting recipe for a specific item. The item name itself is referenced through another key; only the word Recipe needs translation.">
		  <Text>{TXT_ITM_MUSICAL_INSTRUMENTS} Recipe</Text>
	  </Line>

	  <Line Key="TXT_RCP_NUCLEAR_SUBMARINE" Note="Name of a crafting recipe for a specific item. The item name itself is referenced through another key; only the word Recipe needs translation.">
		  <Text>{TXT_ITM_NUCLEAR_SUBMARINE} Recipe</Text>
	  </Line>

	  <Line Key="TXT_RCP_PAINTINGS" Note="Name of a crafting recipe for a specific item. The item name itself is referenced through another key; only the word Recipe needs translation.">
		  <Text>{TXT_ITM_DECORATIVE_PAINTINGS} Paintings</Text>
	  </Line>

	  <Line Key="TXT_RCP_PAPER" Note="Name of a crafting recipe for a specific item. The item name itself is referenced through another key; only the word Recipe needs translation.">
		  <Text>{TXT_ITM_PAPER} Recipe</Text>
	  </Line>

	  <Line Key="TXT_RCP_PARTISAN" Note="Name of a crafting recipe for a specific item. The item name itself is referenced through another key; only the word Recipe needs translation.">
		  <Text>{TXT_ITM_PARTISAN} Recipe</Text>
	  </Line>

	  <Line Key="TXT_RCP_PDAS" Note="Name of a crafting recipe for a specific item. The item name itself is referenced through another key; only the word Recipe needs translation.">
		  <Text>{TXT_ITM_PDAS} Recipe</Text>
	  </Line>

	  <Line Key="TXT_RCP_PERFUME" Note="Name of a crafting recipe for a specific item. The item name itself is referenced through another key; only the word Recipe needs translation.">
		  <Text>{TXT_ITM_PERFUME} Recipe</Text>
	  </Line>

	  <Line Key="TXT_RCP_PHARMACEUTICALS" Note="Name of a crafting recipe for a specific item. The item name itself is referenced through another key; only the word Recipe needs translation.">
		  <Text>{TXT_ITM_PHARMACEUTICALS} Recipe</Text>
	  </Line>

	  <Line Key="TXT_RCP_PLASTIC" Note="Name of a crafting recipe for a specific item. The item name itself is referenced through another key; only the word Recipe needs translation.">
		  <Text>{TXT_ITM_PLASTICS} Recipe</Text>
	  </Line>

	  <Line Key="TXT_RCP_PLATED_KNIGHT_SADDLE" Note="Name of a crafting recipe for a specific item. The item name itself is referenced through another key; only the word Recipe needs translation.">
		  <Text>{TXT_ITM_PLATED_KNIGHT_SADDLE} Recipe</Text>
	  </Line>

	  <Line Key="TXT_RCP_PLATE_GLASS" Note="Name of a crafting recipe for a specific item. The item name itself is referenced through another key; only the word Recipe needs translation.">
		  <Text>{TXT_ITM_PLATE_GLASS} Recipe</Text>
	  </Line>

	  <Line Key="TXT_RCP_PLATEMAIL" Note="Name of a crafting recipe for a specific item. The item name itself is referenced through another key; only the word Recipe needs translation.">
		  <Text>{TXT_ITM_PLATEMAIL} Recipe</Text>
	  </Line>

	  <Line Key="TXT_RCP_POTTERY" Note="Name of a crafting recipe for a specific item. The item name itself is referenced through another key; only the word Recipe needs translation.">
		  <Text>{TXT_ITM_POTTERY} Recipe</Text>
	  </Line>

	  <Line Key="TXT_RCP_POWERED_EXOSKELETON" Note="Name of a crafting recipe for a specific item. The item name itself is referenced through another key; only the word Recipe needs translation.">
		  <Text>{TXT_ITM_POWERED_EXOSKELETON} Recipe</Text>
	  </Line>

	  <Line Key="TXT_RCP_PRESERVED_FOOD" Note="Name of a crafting recipe for a specific item. The item name itself is referenced through another key; only the word Recipe needs translation.">
		  <Text>{TXT_ITM_PRESERVED_FOOD} Recipe</Text>
	  </Line>

	  <Line Key="TXT_RCP_RAIDER" Note="Name of a crafting recipe for a specific item. The item name itself is referenced through another key; only the word Recipe needs translation.">
		  <Text>{TXT_ITM_RAIDER} Recipe</Text>
	  </Line>

	  <Line Key="TXT_RCP_RAILGUN" Note="Name of a crafting recipe for a specific item. The item name itself is referenced through another key; only the word Recipe needs translation.">
		  <Text>{TXT_ITM_RAILGUN} Recipe</Text>
	  </Line>

	  <Line Key="TXT_RCP_RECORDALBUMS" Note="Name of a crafting recipe for a specific item. The item name itself is referenced through another key; only the word Recipe needs translation.">
		  <Text>{TXT_ITM_RECORD_ALBUMS} Albums</Text>
	  </Line>

	  <Line Key="TXT_RCP_RIFLE" Note="Name of a crafting recipe for a specific item. The item name itself is referenced through another key; only the word Recipe needs translation.">
		  <Text>{TXT_ITM_RIFLES} Recipe</Text>
	  </Line>

	  <Line Key="TXT_RCP_ROCKET_ARTILLERY" Note="Name of a crafting recipe for a specific item. The item name itself is referenced through another key; only the word Recipe needs translation.">
		  <Text>{TXT_ITM_ROCKET_ARTILLERY} Recipe</Text>
	  </Line>

	  <Line Key="TXT_RCP_RUGS_AND_CARPETS" Note="Name of a crafting recipe for a specific item. The item name itself is referenced through another key; only the word Recipe needs translation.">
		  <Text>{TXT_ITM_RUGS_AND_CARPETS} Recipe</Text>
	  </Line>

	  <Line Key="TXT_RCP_SADDLE" Note="Name of a crafting recipe for a specific item. The item name itself is referenced through another key; only the word Recipe needs translation.">
		  <Text>{TXT_ITM_SADDLE} Recipe</Text>
	  </Line>

	  <Line Key="TXT_RCP_SAILS" Note="Name of a crafting recipe for a specific item. The item name itself is referenced through another key; only the word Recipe needs translation.">
		  <Text>{TXT_ITM_SAILS} Recipe</Text>
	  </Line>

	  <Line Key="TXT_RCP_DESC_SAILS" Note="Description for Sails Recipe">
      <Text>Recipe Description: Sails</Text>
  		</Line>

	  <Line Key="TXT_RCP_SCROLLS" Note="Name of a crafting recipe for a specific item. The item name itself is referenced through another key; only the word Recipe needs translation.">
		  <Text>{TXT_ITM_SCROLLS} Recipe</Text>
	  </Line>

	  <Line Key="TXT_RCP_DESC_SSHIP_RATIONS" Note="Description for Starship Rations Recipe">
      <Text>Recipe Description: Starship Rations</Text>
  		</Line>

	  <Line Key="TXT_RCP_SHOES" Note="Name of a crafting recipe for a specific item. The item name itself is referenced through another key; only the word Recipe needs translation.">
		  <Text>{TXT_ITM_SHOES} Recipe</Text>
	  </Line>

	  <Line Key="TXT_RCP_CAVALRY_PACK" Note="Name of a crafting recipe for a specific item. The item name itself is referenced through another key; only the word Recipe needs translation.">
		  <Text>{TXT_ITM_CAVALRY_PACK} Recipe</Text>
	  </Line>

	  <Line Key="TXT_RCP_SNEAKERS" Note="Name of a crafting recipe for a specific item. The item name itself is referenced through another key; only the word Recipe needs translation.">
		  <Text>{TXT_ITM_SNEAKERS} Recipe</Text>
	  </Line>

	  <Line Key="TXT_RCP_DESC_SNEAKERS" Note="Description for Sneakers Recipe">
      <Text>Sneakers Recipe Description</Text>
  		</Line>

	  <Line Key="TXT_RCP_SOAP" Note="Name of a crafting recipe for a specific item. The item name itself is referenced through another key; only the word Recipe needs translation.">
		  <Text>{TXT_ITM_SOAP} Recipe</Text>
	  </Line>

	  <Line Key="TXT_RCP_SPEAR" Note="Name of a crafting recipe for a specific item. The item name itself is referenced through another key; only the word Recipe needs translation.">
		  <Text>{TXT_ITM_SPEAR} Recipe</Text>
	  </Line>

	  <Line Key="TXT_RCP_SPICED_WINE" Note="Name of a crafting recipe for a specific item. The item name itself is referenced through another key; only the word Recipe needs translation.">
		  <Text>{TXT_ITM_SPICED_WINE} Recipe</Text>
	  </Line>

	  <Line Key="TXT_RCP_STAFF" Note="Name of a crafting recipe for a specific item. The item name itself is referenced through another key; only the word Recipe needs translation.">
		  <Text>{TXT_ITM_STAFF} Recipe</Text>
	  </Line>

	  <Line Key="TXT_RCP_STAINED_GLASS" Note="Name of a crafting recipe for a specific item. The item name itself is referenced through another key; only the word Recipe needs translation.">
		  <Text>{TXT_ITM_STAINED_GLASS} Recipe</Text>
	  </Line>

	  <Line Key="TXT_RCP_STATUARY" Note="Name of a crafting recipe for a specific item. The item name itself is referenced through another key; only the word Recipe needs translation.">
		  <Text>{TXT_ITM_STATUARY} Recipe</Text>
	  </Line>

	  <Line Key="TXT_RCP_STEALTH_BOMBER" Note="Name of a crafting recipe for a specific item. The item name itself is referenced through another key; only the word Recipe needs translation.">
		  <Text>{TXT_ITM_BOMBER} Recipe</Text>
	  </Line>

	  <Line Key="TXT_RCP_STEEL" Note="Name of a crafting recipe for a specific item. The item name itself is referenced through another key; only the word Recipe needs translation.">
		  <Text>{TXT_ITM_STEEL} Recipe</Text>
	  </Line>

	  <Line Key="TXT_RCP_STONE_TOOLS" Note="Name of a crafting recipe for a specific item. The item name itself is referenced through another key; only the word Recipe needs translation.">
		  <Text>{TXT_ITM_STONE_TOOLS} Recipe</Text>
	  </Line>

	  <Line Key="TXT_RCP_SUBMARINE" Note="Name of a crafting recipe for a specific item. The item name itself is referenced through another key; only the word Recipe needs translation.">
		  <Text>{TXT_ITM_SUBMARINE} Recipe</Text>
	  </Line>

	  <Line Key="TXT_RCP_SWORD" Note="Name of a crafting recipe for a specific item. The item name itself is referenced through another key; only the word Recipe needs translation.">
		  <Text>{TXT_ITM_SWORD} Recipe</Text>
	  </Line>

	  <Line Key="TXT_RCP_TAPESTRY" Note="Name of a crafting recipe for a specific item. The item name itself is referenced through another key; only the word Recipe needs translation.">
		  <Text>{TXT_ITM_TAPESTRY} Recipe</Text>
	  </Line>

	  <Line Key="TXT_RCP_TREBUCHET" Note="Name of a crafting recipe for a specific item. The item name itself is referenced through another key; only the word Recipe needs translation.">
		  <Text>{TXT_ITM_TREBUCHET} Recipe</Text>
	  </Line>

	  <Line Key="TXT_RCP_TRIREME" Note="Name of a crafting recipe for a specific item. The item name itself is referenced through another key; only the word Recipe needs translation.">
		  <Text>{TXT_ITM_TRIREME} Recipe</Text>
	  </Line>

	  <Line Key="TXT_RCP_UAV" Note="Name of a crafting recipe for a specific item. The item name itself is referenced through another key; only the word Recipe needs translation.">
		  <Text>{TXT_ITM_UAV} Recipe</Text>
	  </Line>

	  <Line Key="TXT_RCP_WAR_COMMISSION" Note="Name of a crafting recipe for a specific item. The item name itself is referenced through another key; only the word Recipe needs translation.">
		  <Text>{TXT_ITM_WAR_COMMISSION} Recipe</Text>
	  </Line>

	  <Line Key="TXT_RCP_WINE" Note="Name of a crafting recipe for a specific item. The item name itself is referenced through another key; only the word Recipe needs translation.">
		  <Text>{TXT_ITM_WINE} Recipe</Text>
	  </Line>

	  <Line Key="TXT_RCP_WORK_BOOTS" Note="Name of a crafting recipe for a specific item. The item name itself is referenced through another key; only the word Recipe needs translation.">
		  <Text>{TXT_ITM_WORK_BOOTS} Recipe</Text>
	  </Line>

	  <Line Key="TXT_RCP_WORK_CLOTHES" Note="Name of a crafting recipe for a specific item. The item name itself is referenced through another key; only the word Recipe needs translation.">
		  <Text>{TXT_ITM_WORK_CLOTHES} Recipe</Text>
	  </Line>

	  <Line Key="TXT_RCP_ZAMBURAK" Note="Name of a crafting recipe for a specific item. The item name itself is referenced through another key; only the word Recipe needs translation.">
		  <Text>{TXT_ITM_ZAMBURAK} Recipe</Text>
	  </Line>

	  <Line Key="TXT_RCP_ZEPPELIN" Note="Name of a crafting recipe for a specific item. The item name itself is referenced through another key; only the word Recipe needs translation.">
		  <Text>{TXT_ITM_ZEPPELIN} Recipe</Text>
	  </Line>

	  <Line Key="TXT_RCP_BALLISTA_HOWDAH" Note="Name of a crafting recipe for a specific item. The item name itself is referenced through another key; only the word Recipe needs translation.">
		  <Text>{TXT_ITEM_BALLISTA_HOWDAH} Recipe</Text>
	  </Line>

	  <Line Key="TXT_RCP_BATTLEAXE" Note="Name of a crafting recipe for a specific item. The item name itself is referenced through another key; only the word Recipe needs translation.">
		  <Text>{TXT_ITM_BATTLEAXE} Recipe</Text>
	  </Line>

	  <Line Key="TXT_RCP_BOW" Note="Name of a crafting recipe for a specific item. The item name itself is referenced through another key; only the word Recipe needs translation.">
		  <Text>{TXT_ITM_BOW} Recipe</Text>
	  </Line>

	  <Line Key="TXT_RCP_CARBINE" Note="Name of a crafting recipe for a specific item. The item name itself is referenced through another key; only the word Recipe needs translation.">
		  <Text>{TXT_ITM_CARBINE} Recipe</Text>
	  </Line>

	  <Line Key="TXT_RCP_SET_OF_FINE_CLOTHES" Note="Name of a crafting recipe for a specific item. The item name itself is referenced through another key; only the word Recipe needs translation.">
		  <Text>{TXT_ITM_CLOTHES} Recipe</Text>
	  </Line>

	  <Line Key="TXT_RCP_CROWN_GLASS" Note="Name of a crafting recipe for a specific item. The item name itself is referenced through another key; only the word Recipe needs translation.">
		  <Text>{TXT_ITM_CROWN_GLASS} Recipe</Text>
	  </Line>

	  <Line Key="TXT_RCP_DESC_CROWNGLASS" Note="Description for Crown Glass Recipe">
      		<Text>Recipe Description: Crown Glass</Text>
  	  </Line>

	  <Line Key="TXT_RCP_CULVERIN_HOWDAH" Note="Name of a crafting recipe for a specific item. The item name itself is referenced through another key; only the word Recipe needs translation.">
		  <Text>{TXT_ITEM_CULVERIN_HOWDAH} Recipe</Text>
	  </Line>

	  <Line Key="TXT_RCP_DREADNOUGHT" Note="Name of a crafting recipe for a specific item. The item name itself is referenced through another key; only the word Recipe needs translation.">
		  <Text>{TXT_ITM_DREADNOUGHT} Recipe</Text>
	  </Line>

	  <Line Key="TXT_RCP_TOOLS" Note="Name of a crafting recipe for a specific item. The item name itself is referenced through another key; only the word Recipe needs translation.">
		  <Text>{TXT_ITM_FARM_TOOLS} Recipe</Text>
	  </Line>

	  <Line Key="TXT_RCP_FLINTLOCK" Note="Name of a crafting recipe for a specific item. The item name itself is referenced through another key; only the word Recipe needs translation.">
		  <Text>{TXT_ITM_FLINTLOCK} Recipe</Text>
	  </Line>

	  <Line Key="TXT_RCP_DESIGNER_FURNITURE" Note="Name of a crafting recipe for a specific item. The item name itself is referenced through another key; only the word Recipe needs translation.">
		  <Text>{TXT_ITM_FURNITURE} Recipe</Text>
	  </Line>

	  <Line Key="TXT_RCP_MANGONEL" Note="Name of a crafting recipe for a specific item. The item name itself is referenced through another key; only the word Recipe needs translation.">
		  <Text>{TXT_ITM_MANGONEL} Recipe</Text>
	  </Line>

	  <Line Key="TXT_RCP_MORTAR" Note="Name of a crafting recipe for a specific item. The item name itself is referenced through another key; only the word Recipe needs translation.">
		  <Text>{TXT_ITM_MORTAR} Recipe</Text>
	  </Line>

	  <Line Key="TXT_RCP_MOVIES" Note="Name of a crafting recipe for a specific item. The item name itself is referenced through another key; only the word Recipe needs translation.">
		  <Text>{TXT_ITM_MOVIES} Movies</Text>
	  </Line>

	  <Line Key="TXT_RCP_PENNY_CANDY" Note="Name of a crafting recipe for a specific item. The item name itself is referenced through another key; only the word Recipe needs translation.">
		  <Text>{TXT_ITM_PENNY_CANDY} Recipe</Text>
	  </Line>

	  <Line Key="TXT_RCP_PLATED_SADDLE" Note="Name of a crafting recipe for a specific item. The item name itself is referenced through another key; only the word Recipe needs translation.">
		  <Text>{TXT_ITM_PLATED_KNIGHT_SADDLE} Recipe</Text>
	  </Line>

	  <Line Key="TXT_RCP_RECORD_ALBUMS" Note="Name of a crafting recipe for a specific item. The item name itself is referenced through another key; only the word Recipe needs translation.">
		  <Text>{TXT_ITM_RECORD_ALBUMS} Albums</Text>
	  </Line>

	  <Line Key="TXT_RCP_RUBBER" Note="Name of a crafting recipe for a specific item. The item name itself is referenced through another key; only the word Recipe needs translation.">
		  <Text>{TXT_ITM_RUBBER} Recipe</Text>
	  </Line>

	  <Line Key="TXT_RCP_MOUNTED_SCOUT_SADDLE" Note="Name of a crafting recipe for a specific item. The item name itself is referenced through another key; only the word Recipe needs translation.">
		  <Text>{TXT_ITM_SADDLE} Saddle</Text>
	  </Line>

	  <Line Key="TXT_RCP_FRIGATE" Note="Name of a crafting recipe for a specific item. The item name itself is referenced through another key; only the word Recipe needs translation.">
		  <Text>{TXT_ITM_FRIGATE} Recipe</Text>
	  </Line>

	  <Line Key="TXT_RCP_PAIR_OF_FANCY_SHOES" Note="Name of a crafting recipe for a specific item. The item name itself is referenced through another key; only the word Recipe needs translation.">
		  <Text>{TXT_ITM_SHOES} Recipe</Text>
	  </Line>

	  <Line Key="TXT_RCP_SCOUT_STAFF" Note="Name of a crafting recipe for a specific item. The item name itself is referenced through another key; only the word Recipe needs translation.">
		  <Text>{TXT_ITM_STAFF} Recipe</Text>
	  </Line>

	  <!--*******************************************************************************************
   ...............................    Recipe Slot Names          .............................
   *********************************************************************************************-->

	  <Line Key="TXT_RCP_SLOT_DESC_COLORANT" Note="Name for a type of ingredient used in a crafting recipe. Colorant is a material used to dye or alter the color of something.">
		  <Text>Colorant</Text>
	  </Line>

	  <Line Key="TXT_RCP_SLOT_DESC_MATERIAL" Note="Name for a type of ingredient used in a crafting recipe. Material is a generic catch-all term for a primary component within a recipe.">
		  <Text>Material</Text>
	  </Line>

	  <Line Key="TXT_RCP_SLOT_DESC_LIGHTING" Note="Name for a type of ingredient used in a crafting recipe. Lighting is a component that illuminates an area or object and acts as a light source.">
		  <Text>Lighting</Text>
	  </Line>

	  <Line Key="TXT_RCP_SLOT_DESC_BASE" Note="Name for a type of ingredient used in a crafting recipe. Base is the bottom or supporting component of an object that stands up or is mounted.">
		  <Text>Base</Text>
	  </Line>

	  <Line Key="TXT_RCP_SLOT_DESC_FACE" Note="Name for a type of ingredient used in a crafting recipe. Face is the front-surface of an object, such as the face of an analogue clock.">
		  <Text>Face</Text>
	  </Line>

	  <Line Key="TXT_RCP_SLOT_DESC_HANDS" Note="Name for a type of ingredient used in a crafting recipe. Hands is a component that points to something, such as the hands of an analogue clock pointing to numbers on its face.">
		  <Text>Hands</Text>
	  </Line>

	  <Line Key="TXT_RCP_SLOT_DESC_TEXT" Note="Name for a type of ingredient used in a crafting recipe. Text is the abstract concept of words that are written in ink or enscribed into stone.">
		  <Text>Text</Text>
	  </Line>

	  <Line Key="TXT_RCP_SLOT_DESC_PAGES" Note="Name for a type of ingredient used in a crafting recipe. Pages are the individual papers within a book or pamphlet, typically made of paper.">
		  <Text>Pages</Text>
	  </Line>

	  <Line Key="TXT_RCP_SLOT_DESC_COVER" Note="Name for a type of ingredient used in a crafting recipe. Cover is an outer layer of a structure that protects it from outside forces such as weather or projectiles.">
		  <Text>Cover</Text>
	  </Line>

	  <Line Key="TXT_RCP_SLOT_DESC_HARD_MATERIAL" Note="Name for a type of ingredient used in a crafting recipe. Hard Material is the abstract concept of a firm, sturdy, or durable component.">
		  <Text>Hard Material</Text>
	  </Line>

	  <Line Key="TXT_RCP_SLOT_DESC_ANTIGEN" Note="Name for a type of ingredient used in a crafting recipe. Antigen is the active component of a vaccine, and combats viruses within the body.">
		  <Text>Antigen</Text>
	  </Line>

	  <Line Key="TXT_RCP_SLOT_DESC_COOLING" Note="Name for a type of ingredient used in a crafting recipe. Cooling is a liquid or a fan that reduces the temperature of components in a device that heat up while being used, such as a computer CPU.">
		  <Text>Cooling</Text>
	  </Line>

	  <Line Key="TXT_RCP_SLOT_DESC_BINDING_MATERIAL" Note="Name for a type of ingredient used in a crafting recipe. Binding material is a chemical agent or a physical component, such as glue, tape, or stitches, that physically joins components together.">
		  <Text>Binding Material</Text>
	  </Line>
	  
	  <Line Key="TXT_RCP_SLOT_DESC_PLANTING" Note="Name for a type of ingredient used in a crafting recipe. Planting supplies refers to the abstract concept of the materials and tools used to start a farm or garden.">
		  <Text>Planting Supplies</Text>
	  </Line>
	  
	  <Line Key="TXT_RCP_SLOT_DESC_WINE" Note="Name for a type of ingredient used in a crafting recipe. Wine is a consumable, fermented beverage made from grapes.">
		  <Text>Wine</Text>
	  </Line>
	  
	  <Line Key="TXT_RCP_SLOT_DESC_SPICES" Note="Name for a type of ingredient used in a crafting recipe. Spice is a generic term for a plant or seed that adds flavor to food or other consumables.">
		  <Text>Spice</Text>
	  </Line>
	  
	  <Line Key="TXT_RCP_SLOT_DESC_TARGETTING_SYSTEM" Note="Name for a type of ingredient used in a crafting recipe. Targetting System is a sub-component of a weapon that assists in aiming weaponry at an enemy or any other type of target.">
		  <Text>Targetting System</Text>
	  </Line>
	  
	  <Line Key="TXT_RCP_SLOT_DESC_COSTUMES" Note="Name for a type of ingredient used in a crafting recipe. Costumes are special clothes used in theatrical performances such as operas, plays, or movies.">
		  <Text>Costumes</Text>
	  </Line>
	  
	  <Line Key="TXT_RCP_SLOT_DESC_GLASS" Note="Name for a type of ingredient used in a crafting recipe. Glass refers to the non-crystaline solid that is transparent, chemically inert, and is used for a wide variety of manufactiruing and artistic purposes.">
		  <Text>Glass</Text>
	  </Line>

	  
	  <Line Key="TXT_RCP_SLOT_DESC_MOUNTS" Note="Name for a type of ingredient used in a crafting recipe. Mounts is the generic concept of animals that a human can ride on, such as a horse or a camel.">
		  <Text>Mounts</Text>
	  </Line>
	  
	  <Line Key="TXT_RCP_SLOT_DESC_FUEL" Note="Name for a type of ingredient used in a crafting recipe. Fuel is the generic concept of a material that can be burned or otherwise expended to provide energy, such as gasoline for a car or coal for a furnace.">
		  <Text>Fuel</Text>
	  </Line>
	  
	  <Line Key="TXT_RCP_SLOT_DESC_BUILDING_MATERIALS" Note="Name for a type of ingredient used in a crafting recipe. Build Materials in the generic concept of supplies needed to construct buildings." Gender="other">
		  <Text>Building Materials</Text>
	  </Line>
	  
    <Line Key="TXT_RCP_SLOT_DESC_HULL" Note="Name for a type of ingredient used in a crafting recipe. Hull represents the main outer shell of a vehicle or vessle, such as the hull of a boat." Gender="other">
      <Text>Hull</Text>
    </Line>

   <Line Key="TXT_RCP_SLOT_DESC_ENGINE" Note="Name for a type of ingredient used in a crafting recipe. The engine is the part of a vehicle that uses fuel to power the vehicle." Gender="other">
      <Text>Engine</Text>
    </Line>
    
    <Line Key="TXT_RCP_SLOT_DESC_NAVIGATION_SYSTEM" Note="Name for a type of ingredient used in a crafting recipe. Navigation System is a computerized component of a vehicle or other craft that assists in traveling and manuvering the vessel." Gender="other">
      <Text>Navigation System</Text>
    </Line>
    
    <Line Key="TXT_RCP_SLOT_DESC_SOUNDTRACK" Note="Name for a type of ingredient used in a crafting recipe. Soundtrack refers to the music that is played within a movie or theatrical performance." Gender="other">
      <Text>Soundtrack</Text>
    </Line>

    <Line Key="TXT_RCP_SLOT_DESC_TIRES" Note="Name for a type of ingredient used in a crafting recipe. Tires are round, rubber components of wheels that provide grip and traction." Gender="other">
      <Text>Tires</Text>
    </Line>

    <Line Key="TXT_RCP_SLOT_DESC_CHAMBER" Note="Name for a type of ingredient used in a crafting recipe. Chamber referes to the component of a gun or similar ballistic weapon where a bullet is loaded and ready to fire." Gender="other">
      <Text>Chamber</Text>
    </Line>

    <Line Key="TXT_RCP_SLOT_DESC_SAILS" Note="Name for a type of ingredient used in a crafting recipe. Sails refer to the big pieces of cloth or canvas that catch the wind and allow a sea vessel to sail." Gender="other">
      <Text>Sails</Text>
    </Line>

    <Line Key="TXT_RCP_SLOT_DESC_WEAPONRY" Note="Name for a type of ingredient used in a crafting recipe. Weaponry is a generic description for violent tools attached to a bigger component, such as a mounted gun on a tank or the tips of spears." Gender="other">
      <Text>Weaponry</Text>
    </Line>

	<Line Key="TXT_RCP_SLOT_DESC_WHEEL" Note="Name for a type of ingredient used in a crafting recipe. A wheel is a rotating component that turns on an axel component, which enables easier movement of an object, such as a carridge or a truck." Gender="other">
		<Text>Wheel</Text>
	  </Line>

    <Line Key="TXT_RCP_SLOT_DESC_BODY" Note="Name for a type of ingredient used in a crafting recipe. Body refers to the chasis of a vehicle." Gender="other">
      <Text>Body</Text>
    </Line>

    <Line Key="TXT_RCP_SLOT_DESC_STOCK" Note="Name for a type of ingredient used in a crafting recipe. Stock is a component of a firearm, such a shotgun, that is used for stabilization." Gender="other">
      <Text>Stock</Text>
    </Line>

    <Line Key="TXT_RCP_SLOT_DESC_MAGAZINE" Note="Name for a slot in a recipe, a brief descriptor of a piece of the item that is produced. Players can use different types of items to fill these slots. This is the Magazine slot, for weapon ammunition." Gender="other">
      <Text>Magazine</Text>
    </Line>

    <Line Key="TXT_RCP_SLOT_DESC_POLE" Note="Name for a slot in a recipe, a brief descriptor of a piece of the item that is produced. Players can use different types of items to fill these slots. This is the Pole slot, for a long wooden stick for a flag or weapon." Gender="other">
      <Text>Pole</Text>
    </Line>

    <Line Key="TXT_RCP_SLOT_DESC_BLADE" Note="Name for a slot in a recipe, a brief descriptor of a piece of the item that is produced. Players can use different types of items to fill these slots. This is the Blade slot, for weapon's blade." Gender="other">
      <Text>Blade</Text>
    </Line>

    <Line Key="TXT_RCP_SLOT_DESC_FRAME" Note="Name for a slot in a recipe, a brief descriptor of a piece of the item that is produced. Players can use different types of items to fill these slots. This is the Frame slot, for the frame of a weapon or vehicle." Gender="other">
      <Text>Frame</Text>
    </Line>

    <Line Key="TXT_RCP_SLOT_DESC_AMMUNITION" Note="Name for a slot in a recipe, a brief descriptor of a piece of the item that is produced. Players can use different types of items to fill these slots. This is the Ammunition slot, for a weapon's ammunition." Gender="other">
      <Text>Ammunition</Text>
    </Line>

    <Line Key="TXT_RCP_SLOT_DESC_TIP" Note="Name for a slot in a recipe, a brief descriptor of a piece of the item that is produced. Players can use different types of items to fill these slots. This is the Tip slot, for a weapon's tip." Gender="other">
      <Text>Tip</Text>
    </Line>

    <Line Key="TXT_RCP_SLOT_DESC_ELECTRONIC_DISPLAY" Note="Name for a slot in a recipe, a brief descriptor of a piece of the item that is produced. Players can use different types of items to fill these slots. This is the Electronic Display slot, for an electronic display on a vehicle or weapon." Gender="other">
      <Text>Electronic Display</Text>
    </Line>

    <Line Key="TXT_RCP_SLOT_DESC_SKELETON" Note="Name for a slot in a recipe, a brief descriptor of a piece of the item that is produced. Players can use different types of items to fill these slots. This is the Skeleton slot, for the skeleton of a vehicle made out of wood or metal." Gender="other">
      <Text>Skeleton</Text>
    </Line>

    <Line Key="TXT_RCP_SLOT_DESC_STRAP" Note="Name for a slot in a recipe, a brief descriptor of a piece of the item that is produced. Players can use different types of items to fill these slots. This is the Strap slot, for a leather strap on an item that can be carried." Gender="other">
      <Text>Strap</Text>
    </Line>

    <Line Key="TXT_RCP_SLOT_DESC_BASE_MATERIAL" Note="Name for a slot in a recipe, a brief descriptor of a piece of the item that is produced. Players can use different types of items to fill these slots. This is the Base Material slot, for a single material that makes up the bulk of an object." Gender="other">
      <Text>Accelerate Production</Text>
    </Line>

	<Line Key="TXT_RCP_SLOT_DESC_ACCELERATOR" Note="Name for a slot in a recipe, a brief descriptor of a piece of the item that is produced. Players can use different types of items to fill these slots. This is the Base Material slot, for a single material that makes up the bulk of an object." Gender="other">
		<Text>Accelerate Production</Text>
	  </Line>

    <Line Key="TXT_RCP_SLOT_DESC_ALLOY" Note="Name for a slot in a recipe, a brief descriptor of a piece of the item that is produced. Players can use different types of items to fill these slots. This is the Alloy slot, for a selection of ores or alloys." Gender="other">
      <Text>Alloy</Text>
    </Line>

    <Line Key="TXT_RCP_SLOT_DESC_CONTAINER" Note="Name for a slot in a recipe, a brief descriptor of a piece of the item that is produced. Players can use different types of items to fill these slots. This is the Container slot, for a container like a barrel, cask, or purse." Gender="other">
      <Text>Container</Text>
    </Line>

    <Line Key="TXT_RCP_SLOT_DESC_BINDING" Note="Name for a slot in a recipe, a brief descriptor of a piece of the item that is produced. Players can use different types of items to fill these slots. This is the Binding slot, for a binding around an item or weapon made of leather or other such materials." Gender="other">
      <Text>Binding</Text>
    </Line>

    <Line Key="TXT_RCP_SLOT_DESC_AROMATIC" Note="Name for a slot in a recipe, a brief descriptor of a piece of the item that is produced. Players can use different types of items to fill these slots. This is the Aromatic slot, for the material that is put inside a censer and burned." Gender="other">
      <Text>Aromatic</Text>
    </Line>

    <Line Key="TXT_RCP_SLOT_DESC_ARMOR" Note="Name for a slot in a recipe, a brief descriptor of a piece of the item that is produced. Players can use different types of items to fill these slots. This is the Armor slot, for the protective material that knights wore." Gender="other">
      <Text>Armor</Text>
    </Line>

    <Line Key="TXT_RCP_SLOT_DESC_MOUNT" Note="Name for a slot in a recipe, a brief descriptor of a piece of the item that is produced. Players can use different types of items to fill these slots. This is the Mount slot, for an animal that might be ridden." Gender="other">
      <Text>Mount</Text>
    </Line>

    <Line Key="TXT_RCP_SLOT_DESC_CLOTH_MATERIAL" Note="Name for a slot in a recipe, a brief descriptor of a piece of the item that is produced. Players can use different types of items to fill these slots. This is the Cloth Material slot, for any cloth that might be used on a flag, shirt, or other such item." Gender="other">
      <Text>Cloth Material</Text>
    </Line>

    <Line Key="TXT_RCP_SLOT_DESC_COLOR" Note="Name for a slot in a recipe, a brief descriptor of a piece of the item that is produced. Players can use different types of items to fill these slots. This is the Color slot, for any pigment made from dyes." Gender="other">
      <Text>Color</Text>
    </Line>

    <Line Key="TXT_RCP_SLOT_DESC_CASING" Note="Name for a slot in a recipe, a brief descriptor of a piece of the item that is produced. Players can use different types of items to fill these slots. This is the Casing slot, for the casing of a weapon or other such item." Gender="other">
      <Text>Casing</Text>
    </Line>

    <Line Key="TXT_RCP_SLOT_DESC_STIMULANTS" Note="Name for a slot in a recipe, a brief descriptor of a piece of the item that is produced. Players can use different types of items to fill these slots. This is the Stimulants slot, for a set of futuristic stimulants to make units stronger." Gender="other">
      <Text>Stimulants</Text>
    </Line>

    <Line Key="TXT_RCP_SLOT_DESC_POWER" Note="Name for a slot in a recipe, a brief descriptor of a piece of the item that is produced. Players can use different types of items to fill these slots. This is the Power slot, for any power source." Gender="other">
      <Text>Power</Text>
    </Line>

    <Line Key="TXT_RCP_SLOT_DESC_CATALYST" Note="Name for a slot in a recipe, a brief descriptor of a piece of the item that is produced. Players can use different types of items to fill these slots. This is the Catalyst slot, for a futuristic power source like crystals." Gender="other">
      <Text>Catalyst</Text>
    </Line>

    <Line Key="TXT_RCP_SLOT_DESC_REACTOR" Note="Name for a slot in a recipe, a brief descriptor of a piece of the item that is produced. Players can use different types of items to fill these slots. This is the Reactor slot, for a nuclear reactor that provides power." Gender="other">
      <Text>Reactor</Text>
    </Line>

  <Line Key="TXT_RCP_SLOT_DESC_BARREL" Note="Name for a slot in a recipe, a brief descriptor of a piece of the item that is produced. Players can use different types of items to fill these slots. This is the Barrel slot, for the barrel of a gun." Gender="other">
      <Text>Barrel</Text>
    </Line>

    <Line Key="TXT_RCP_SLOT_DESC_SADDLE" Note="Name for a slot in a recipe, a brief descriptor of a piece of the item that is produced. Players can use different types of items to fill these slots. This is the Saddle slot, for a saddle used to ride an animal." Gender="other">
      <Text>Saddle</Text>
    </Line>

    <Line Key="TXT_RCP_SLOT_DESC_MEDICINE" Note="Name for a slot in a recipe, a brief descriptor of a piece of the item that is produced. Players can use different types of items to fill these slots. This is the Medicine slot, for medicine that can be used to heal." Gender="other">
      <Text>Medicine</Text>
    </Line>

    <Line Key="TXT_RCP_SLOT_DESC_CONTROLS" Note="Name for a slot in a recipe, a brief descriptor of a piece of the item that is produced. Players can use different types of items to fill these slots. This is the Controls slot, for the controls of a machine of vehicle." Gender="other">
      <Text>Controls</Text>
    </Line>

    <Line Key="TXT_RCP_SLOT_DESC_ELECTRONICS" Note="Name for a slot in a recipe, a brief descriptor of a piece of the item that is produced. Players can use different types of items to fill these slots. This is the Electronics slot, for any electronic components within an item or vehicle that make it work." Gender="other">
      <Text>Electronics</Text>
    </Line>

    <Line Key="TXT_RCP_SLOT_DESC_SUPPLIES" Note="Name for a slot in a recipe, a brief descriptor of a piece of the item that is produced. Players can use different types of items to fill these slots. This is the Supplies slot, for a collection of items stockpiled and used by a person." Gender="other">
      <Text>Supplies</Text>
    </Line>

    <Line Key="TXT_RCP_SLOT_DESC_COMPOST" Note="Name for a slot in a recipe, a brief descriptor of a piece of the item that is produced. Players can use different types of items to fill these slots. This is the Compost slot, for a set of compostable materials." Gender="other">
      <Text>Compost</Text>
    </Line>

    <Line Key="TXT_RCP_SLOT_DESC_NUTRIENTS" Note="Name for a slot in a recipe, a brief descriptor of a piece of the item that is produced. Players can use different types of items to fill these slots. This is the Nutrients slot, for nutrients used to make plants grow." Gender="other">
      <Text>Nutrients</Text>
    </Line>

    <Line Key="TXT_RCP_SLOT_DESC_COVERING" Note="Name for a slot in a recipe, a brief descriptor of a piece of the item that is produced. Players can use different types of items to fill these slots. This is the Covering slot, for a cloth covering on a vehicle." Gender="other">
      <Text>Covering</Text>
    </Line>

    <Line Key="TXT_RCP_SLOT_DESC_CARTRIDGE" Note="Name for a slot in a recipe, a brief descriptor of a piece of the item that is produced. Players can use different types of items to fill these slots. This is the Cartridge slot, for an old-time bullet cartrige." Gender="other">
      <Text>Cartridge</Text>
    </Line>

    <Line Key="TXT_RCP_SLOT_DESC_JEWEL" Note="Name for a slot in a recipe, a brief descriptor of a piece of the item that is produced. Players can use different types of items to fill these slots. This is the Jewel slot, for a shiny piece of rock that can be put into jewlery." Gender="other">
      <Text>Jewel</Text>
    </Line>

    <Line Key="TXT_RCP_SLOT_DESC_TREADS" Note="Name for a slot in a recipe, a brief descriptor of a piece of the item that is produced. Players can use different types of items to fill these slots. This is the Treads slot, for the treads on a tank or other such vehicle." Gender="other">
      <Text>Treads</Text>
    </Line>

    <Line Key="TXT_RCP_SLOT_DESC_SET" Note="Name for a slot in a recipe, a brief descriptor of a piece of the item that is produced. Players can use different types of items to fill these slots. This is the Set slot, for the set of a movie." Gender="other">
      <Text>Set</Text>
    </Line>

    <Line Key="TXT_RCP_SLOT_DESC_SCRIPT" Note="Name for a slot in a recipe, a brief descriptor of a piece of the item that is produced. Players can use different types of items to fill these slots. This is the Script slot, for the script of a movie." Gender="other">
      <Text>Script</Text>
    </Line>

    <Line Key="TXT_RCP_SLOT_DESC_INSTRUMENTS" Note="Name for a slot in a recipe, a brief descriptor of a piece of the item that is produced. Players can use different types of items to fill these slots. This is the Instruments slot, for a collection of instruments." Gender="other">
      <Text>Instruments</Text>
    </Line>

    <Line Key="TXT_RCP_SLOT_DESC_CANVAS" Note="Name for a slot in a recipe, a brief descriptor of a piece of the item that is produced. Players can use different types of items to fill these slots. This is the Canvas slot, for a canvas that someone can paint on." Gender="other">
      <Text>Canvas</Text>
    </Line>

    <Line Key="TXT_RCP_SLOT_DESC_SCENT" Note="Name for a slot in a recipe, a brief descriptor of a piece of the item that is produced. Players can use different types of items to fill these slots. This is the Scent slot, for the scent of perfume." Gender="other">
      <Text>Scent</Text>
    </Line>

    <Line Key="TXT_RCP_SLOT_DESC_RESIN" Note="Name for a slot in a recipe, a brief descriptor of a piece of the item that is produced. Players can use different types of items to fill these slots. This is the Resin slot, for the material 'resin'." Gender="other">
      <Text>Resin</Text>
    </Line>

    <Line Key="TXT_RCP_SLOT_DESC_HANDLE" Note="Name for a slot in a recipe, a brief descriptor of a piece of the item that is produced. Players can use different types of items to fill these slots. This is the Handle slot, for a piece of material to hold something by." Gender="other">
      <Text>Handle</Text>
    </Line>

    <Line Key="TXT_RCP_SLOT_DESC_GONDOLA" Note="Name for a slot in a recipe, a brief descriptor of a piece of the item that is produced. Players can use different types of items to fill these slots. This is the Gondola slot, for the place a person can ride in in a hot air balloon." Gender="other">
      <Text>Gondola</Text>
    </Line>

    <Line Key="TXT_RCP_SLOT_DESC_BALLOON" Note="Name for a slot in a recipe, a brief descriptor of a piece of the item that is produced. Players can use different types of items to fill these slots. This is the Balloon slot, for the balloon of a zeppelin or hot air balloon." Gender="other">
      <Text>Balloon</Text>
    </Line>

    <Line Key="TXT_RCP_SLOT_DESC_FIRST_COURSE" Note="Name for a slot in a recipe, a brief descriptor of a piece of the item that is produced. Players can use different types of items to fill these slots. This is the first course slot, for a feast." Gender="other">
      <Text>First Course</Text>
    </Line>

    <Line Key="TXT_RCP_SLOT_DESC_MAIN_COURSE" Note="Name for a slot in a recipe, a brief descriptor of a piece of the item that is produced. Players can use different types of items to fill these slots. This is the main course slot, for a feast." Gender="other">
      <Text>Main Course</Text>
    </Line>

    <Line Key="TXT_RCP_SLOT_DESC_SEASONING" Note="Name for a slot in a recipe, a brief descriptor of a piece of the item that is produced. Players can use different types of items to fill these slots. This is the Seasoning slot, for the flavor added to food." Gender="other">
      <Text>Seasoning</Text>
    </Line>

    <Line Key="TXT_RCP_SLOT_DESC_EDIBLES" Note="Name for a slot in a recipe, a brief descriptor of a piece of the item that is produced. Players can use different types of items to fill these slots. This is the Edibles slot, for the edible portion of a packaged meal." Gender="other">
      <Text>Edibles</Text>
    </Line>

    <Line Key="TXT_RCP_SLOT_DESC_ADORNMENTS" Note="Name for a slot in a recipe, a brief descriptor of a piece of the item that is produced. Players can use different types of items to fill these slots. This is the Adornments slot, for decorating an article of clothing." Gender="other">
      <Text>Adornments</Text>
    </Line>

    <Line Key="TXT_RCP_SLOT_DESC_PRESERVATIVE" Note="Name for a slot in a recipe, a brief descriptor of a piece of the item that is produced. Players can use different types of items to fill these slots. This is the Preservative slot, for preserving food or other material." Gender="other">
      <Text>Preservative</Text>
    </Line>

	<Line Key="TXT_RCP_SLOT_DESC_DESSERT" Note="Name for a slot in a recipe, a brief descriptor of a piece of the item that is produced. Players can use different types of items to fill these slots. This is the Preservative slot, for preserving food or other material." Gender="other">
		<Text>Dessert</Text>
	  </Line>

    <Line Key="TXT_RCP_SLOT_DESC_CAN" Note="Name for a slot in a recipe, a brief descriptor of a piece of the item that is produced. Players can use different types of items to fill these slots. This is the Can slot, for a can containing food." Gender="other">
      <Text>Can</Text>
    </Line>

    <Line Key="TXT_RCP_SLOT_DESC_ALCOHOL" Note="Name for a slot in a recipe, a brief descriptor of a piece of the item that is produced. Players can use different types of items to fill these slots. This is the Alcohol slot, for an alcohol source in a mixture." Gender="other">
      <Text>Alcohol</Text>
    </Line>

    <Line Key="TXT_RCP_SLOT_DESC_WORKINGS" Note="Name for a slot in a recipe, a brief descriptor of a piece of the item that is produced. Players can use different types of items to fill these slots. This is the Workings slot, for the mechanical components of an individual tool." Gender="other">
      <Text>Workings</Text>
    </Line>

    <Line Key="TXT_RCP_SLOT_DESC_ELEMENT" Note="Name for a slot in a recipe, a brief descriptor of a piece of the item that is produced. Players can use different types of items to fill these slots. This is the Element slot, for a lighting element." Gender="other">
      <Text>Element</Text>
    </Line>

    <Line Key="TXT_RCP_SLOT_DESC_INK" Note="Name for a slot in a recipe, a brief descriptor of a piece of the item that is produced. Players can use different types of items to fill these slots. This is the Ink slot, for the ink used in writing or printing." Gender="other">
      <Text>Ink</Text>
    </Line>

    <Line Key="TXT_RCP_SLOT_DESC_FERTILIZER" Note="Name for a slot in a recipe, a brief descriptor of a piece of the item that is produced. Players can use different types of items to fill these slots. This is the Fertilizer slot, for use in industrial farming." Gender="other">
      <Text>Fertilizer</Text>
    </Line>

    <Line Key="TXT_RCP_SLOT_DESC_IMAGES" Note="Name for a slot in a recipe, a brief descriptor of a piece of the item that is produced. Players can use different types of items to fill these slots. This is the Images slot, for the images used in mapmapmaking." Gender="other">
      <Text>Images</Text>
    </Line>

    <Line Key="TXT_RCP_CUT_MEAT" Note="Name for a recipe slot. This is meat that has been cut and processed, such as by a butcher.">
      <Text>Cut Meat</Text>
    </Line>

	  <Line Key="TXT_RCP_SLOT_DESC_REAGENT" Note="Name of a recipe slot. The Reagent is the label used to describe the catalyst used in the fermentation process for the Liquor recipe. For example: sugar is the ingredient used as a reagent." Gender="other">
		  <Text>Reagent</Text>
	  </Line>
	  
  </Locale>
</GameText>
