<?xml version="1.0" encoding="UTF-8"?>
<GameText>
  <!--The Note attribute is a non game-facing field giving more context to the translator. -->
  <Locale ID="en">
      
   <!--*******************************************************************************************
   ...............................            Minor Buff Names            ........................
   *********************************************************************************************-->
      <!--Domain: Military-->
      <Line Key="TXT_MNR_BUFF_BASTIONS_OF_WAR" Note="Refers to the 'Bastions of War' buff attribute" Gender="other">
          <Text>Bastions of War</Text>
      </Line>

      <Line Key="TXT_MNR_BUFF_HARDENED_SOUL" Note="Refers to the 'Hardened Soul' buff attribute" Gender="other">
          <Text>Hardened Soul</Text>
      </Line>

      <Line Key="TXT_MNR_BUFF_BATTLE_HYMN" Note="Refers to the 'Battle Hymn' buff attribute" Gender="other">
          <Text>Battle Hymn</Text>
      </Line>

      <Line Key="TXT_MNR_BUFF_SWIFT_TRIUMPH" Note="Refers to the 'Swift Triumph' buff attribute" Gender="other">
          <Text>Swift Triumph</Text>
      </Line>

      <Line Key="TXT_MNR_BUFF_VETERAN_RESURGENCE" Note="Refers to the 'Veteran Resurgence' buff attribute" Gender="other">
          <Text>Veteran Resurgence</Text>
      </Line>

      <Line Key="TXT_MNR_BUFF_DIVINE_RETRIBUTION" Note="Refers to the 'Divine Retribution' buff attribute" Gender="other">
          <Text>Divine Retribution</Text>
      </Line>

      <Line Key="TXT_MNR_BUFF_THE_HEAVENS_WRATH" Note="Refers to the 'The Heavens' Wrath' buff attribute" Gender="other">
          <Text>The Heavens' Wrath</Text>
      </Line>

      <Line Key="TXT_MNR_BUFF_EFFICIENT_TRAINING" Note="Refers to the 'Efficient Training' buff attribute" Gender="other">
          <Text>Efficient Training</Text>
      </Line>
    
      <Line Key="TXT_MNR_BUFF_FLAMES_OF_GLORY" Note="Refers to the 'Flames of Glory' buff attribute" Gender="other">
          <Text>Flames of Glory</Text>
      </Line>

      <Line Key="TXT_MNR_BUFF_IMBUED_STRIKES" Note="Refers to the 'Imbued Strikes' buff attribute" Gender="other">
          <Text>Imbued Strikes</Text>
      </Line>


      <!--Domain: Commerce-->
      <Line Key="TXT_MNR_BUFF_A_SIMPLE_INVESTMENT" Note="Refers to the 'A Simple Investment' buff attribute" Gender="other">
          <Text>A Simple Investment</Text>
      </Line>

      <Line Key="TXT_MNR_BUFF_FRUITS_OF_YOUR_LABOR" Note="Refers to the 'Fruits Of Your Labor' buff attribute" Gender="other">
          <Text>Fruits Of Your Labor</Text>
      </Line>

      <Line Key="TXT_MNR_BUFF_DIVIDED_PATH" Note="Refers to the 'Divided Path' buff attribute" Gender="other">
          <Text>Divided Path</Text>
      </Line>

      <Line Key="TXT_MNR_BUFF_MULCT" Note="Refers to the 'Mulct' buff attribute" Gender="other">
          <Text>Mulct</Text>
      </Line>

      <Line Key="TXT_MNR_BUFF_WISE_BEYOND_WORDS" Note="Refers to the 'Wise Beyond Words' buff attribute" Gender="other">
          <Text>Wise Beyond Words</Text>
      </Line>

      <Line Key="TXT_MNR_BUFF_FINANCIAL_INSTITUTIONS" Note="Refers to the 'Financial Institutions' buff attribute" Gender="other">
          <Text>Financial Institutions</Text>
      </Line>

      <Line Key="TXT_MNR_BUFF_COMPOUND_BENEFITS" Note="Refers to the 'Compound Benefits' buff attribute" Gender="other">
          <Text>Compound Benefits</Text>
      </Line>

      <Line Key="TXT_MNR_BUFF_ECONOMIC_EXPLOIT" Note="Refers to the 'Economic Exploit' buff attribute" Gender="other">
          <Text>Economic Exploit</Text>
      </Line>

      <Line Key="TXT_MNR_BUFF_DOOR_TO_DOOR" Note="Refers to the 'Door To Door' buff attribute" Gender="other">
          <Text>Door To Door</Text>
      </Line>

      <Line Key="TXT_MNR_BUFF_INVEST_IN_THE_BEST" Note="Refers to the 'Invest In The Best' buff attribute" Gender="other">
          <Text>Invest In The Best</Text>
      </Line>


      <!--Domain: Government-->
      <Line Key="TXT_MNR_BUFF_LEAD_BY_ACTION" Note="Refers to the 'Lead By Action' buff attribute" Gender="other">
          <Text>Lead By Action</Text>
      </Line>

      <Line Key="TXT_MNR_BUFF_ALL_ROADS_LEAD_HOME" Note="Refers to the 'All Roads Lead Home' buff attribute" Gender="other">
          <Text>All Roads Lead Home</Text>
      </Line>

      <Line Key="TXT_MNR_BUFF_SOCIETAL_EFFORT" Note="Refers to the 'Societal Effort' buff attribute" Gender="other">
          <Text>Societal Effort</Text>
      </Line>

      <Line Key="TXT_MNR_BUFF_BOUNTIFUL_HARVEST" Note="Refers to the 'Bountiful Harvest' buff attribute" Gender="other">
          <Text>Bountiful Harvest</Text>
      </Line>

      <Line Key="TXT_MNR_BUFF_GREATER_CAUSE" Note="Refers to the 'Greater Cause' buff attribute" Gender="other">
          <Text>Greater Cause</Text>
      </Line>

      <Line Key="TXT_MNR_BUFF_RULE_OF_LAW" Note="Refers to the 'Rule of Law' buff attribute" Gender="other">
          <Text>Rule of Law</Text>
      </Line>

      <Line Key="TXT_MNR_BUFF_HONEST_CHARITY" Note="Refers to the 'Honest Charity' buff attribute" Gender="other">
          <Text>Honest Charity</Text>
      </Line>

      <Line Key="TXT_MNR_BUFF_PEOPLES_LEADER" Note="Refers to the 'People's Leader' buff attribute" Gender="other">
          <Text>People's Leader</Text>
      </Line>

      <Line Key="TXT_MNR_BUFF_LASTING_LEGACY" Note="Refers to the 'Lasting Legacy' buff attribute" Gender="other">
          <Text>Lasting Legacy</Text>
      </Line>

      <Line Key="TXT_MNR_BUFF_FAVORED_LANDS" Note="Refers to the 'Favored Lands' buff attribute" Gender="other">
          <Text>Favored Lands</Text>
      </Line>


      <!--Domain: Religion-->
      <Line Key="TXT_MNR_BUFF_FAITH_ABOVE" Note="Refers to the 'Faith Above' buff attribute" Gender="other">
          <Text>Faith Above</Text>
      </Line>

      <Line Key="TXT_MNR_BUFF_APPLE_OF_THE_EYE" Note="Refers to the 'Apple of the Eye' buff attribute" Gender="other">
          <Text>Apple of the Eye</Text>
      </Line>

      <Line Key="TXT_MNR_BUFF_THE_GREATER_GOOD" Note="Refers to the 'The Greater Good' buff attribute" Gender="other">
          <Text>The Greater Good</Text>
      </Line>

      <Line Key="TXT_MNR_BUFF_PRAISE_THE_PIOUS" Note="Refers to the 'Praise the Pious' buff attribute" Gender="other">
          <Text>Praise the Pious</Text>
      </Line>

      <Line Key="TXT_MNR_BUFF_DIVINE_BLOOD" Note="Refers to the 'Divine Blood' buff attribute" Gender="other">
          <Text>Divine Blood</Text>
      </Line>

      <Line Key="TXT_MNR_BUFF_ZEALOUS_CONVERSION" Note="Refers to the 'Zealous Conversion' buff attribute" Gender="other">
          <Text>Zealous Conversion</Text>
      </Line>

      <Line Key="TXT_MNR_BUFF_HONOR_THE_ABOVE" Note="Refers to the 'Honor the Above' buff attribute" Gender="other">
          <Text>Honor the Above</Text>
      </Line>

      <Line Key="TXT_MNR_BUFF_PILGRIMS_WORD" Note="Refers to the 'Pilgrims Word' buff attribute" Gender="other">
          <Text>Pilgrims Word</Text>
      </Line>

      <Line Key="TXT_MNR_BUFF_DEVOUT_DISCOURSE" Note="Refers to the 'Devout Discourse' buff attribute" Gender="other">
          <Text>Devout Discourse</Text>
      </Line>

      <Line Key="TXT_MNR_BUFF_RESOLUTE_SCRIPTURE" Note="Refers to the 'Resolute Scripture' buff attribute" Gender="other">
          <Text>Resolute Scripture</Text>
      </Line>


      <!--Domain: Culture-->
      <Line Key="TXT_MNR_BUFF_GIFT_FROM_THE_HEAVENS" Note="Refers to the 'Gift From The Heavens' buff attribute" Gender="other">
          <Text>Gift From The Heavens</Text>
      </Line>

      <Line Key="TXT_MNR_BUFF_THE_ETERNAL_WE" Note="Refers to the 'The Eternal We' buff attribute" Gender="other">
          <Text>The Eternal We</Text>
      </Line>

      <Line Key="TXT_MNR_BUFF_ARTISTIC_FLAIR" Note="Refers to the 'Artistic Flair' buff attribute" Gender="other">
          <Text>Artistic Flair</Text>
      </Line>

      <Line Key="TXT_MNR_BUFF_MASTERPIECE_SOCIETY" Note="Refers to the 'Masterpiece Society' buff attribute" Gender="other">
          <Text>Masterpiece Society</Text>
      </Line>

      <Line Key="TXT_MNR_BUFF_SCULPTED_IMMORTALITY" Note="Refers to the 'Sculpted Immortality' buff attribute" Gender="other">
          <Text>Sculpted Immortality</Text>
      </Line>

      <Line Key="TXT_MNR_BUFF_COLLECTIVE_VIBRATO" Note="Refers to the 'Collective Vibrato' buff attribute" Gender="other">
          <Text>Collective Vibrato</Text>
      </Line>

      <Line Key="TXT_MNR_BUFF_HEAVENLY_ANTHEM" Note="Refers to the 'Heavenly Anthem' buff attribute" Gender="other">
          <Text>Heavenly Anthem</Text>
      </Line>

      <Line Key="TXT_MNR_BUFF_RELIGIOUS_DISCOURSE" Note="Refers to the 'Religious Discourse' buff attribute" Gender="other">
          <Text>Religious Discourse</Text>
      </Line>

      <Line Key="TXT_MNR_BUFF_OPEN_ARMS" Note="Refers to the 'Open Arms' buff attribute" Gender="other">
          <Text>Open Arms</Text>
      </Line>


      <!--Domain: Science-->
      <Line Key="TXT_MNR_BUFF_PRESENCE_OF_MIND" Note="Refers to the 'Presence of Mind' buff attribute" Gender="other">
          <Text>Presence of Mind</Text>
      </Line>

      <Line Key="TXT_MNR_BUFF_EDUCATE_THE_MASSES" Note="Refers to the 'Educate the Masses' buff attribute" Gender="other">
          <Text>Educate the Masses</Text>
      </Line>

      <Line Key="TXT_MNR_BUFF_MEDICINAL_PHILOSOPHY" Note="Refers to the 'Medicinal Philosophy' buff attribute" Gender="other">
          <Text>Medicinal Philosophy</Text>
      </Line>

      <Line Key="TXT_MNR_BUFF_EDUCATION_GRANT" Note="Refers to the 'Education Grant' buff attribute" Gender="other">
          <Text>Education Grant</Text>
      </Line>

      <Line Key="TXT_MNR_BUFF_UNCOMMON_BREAKTHROUGH" Note="Refers to the 'Uncommon Breakthrough' buff attribute" Gender="other">
          <Text>Uncommon Breakthrough</Text>
      </Line>

      <Line Key="TXT_MNR_BUFF_MINUTE_SCRUTINY" Note="Refers to the 'Minute Scrutiny' buff attribute" Gender="other">
          <Text>Minute Scrutiny</Text>
      </Line>

      <Line Key="TXT_MNR_BUFF_CONTEMPLATE" Note="Refers to the 'Contemplate' buff attribute" Gender="other">
          <Text>Contemplate</Text>
      </Line>

      <Line Key="TXT_MNR_BUFF_REVERENT_AWE" Note="Refers to the 'Reverent Awe' buff attribute" Gender="other">
          <Text>Reverent Awe</Text>
      </Line>

      <Line Key="TXT_MNR_BUFF_INSPIRATION" Note="Refers to the 'Inspiration' buff attribute" Gender="other">
          <Text>Inspiration</Text>
      </Line>

      <Line Key="TXT_MNR_BUFF_MIND_BENEFACTION" Note="Refers to the 'Mind Benefaction' buff attribute" Gender="other">
          <Text>Mind Benefaction</Text>
      </Line>


      <!--Domain: Industry-->
      <Line Key="TXT_MNR_BUFF_ADORN_THE_HEAVENS" Note="Refers to the 'Adorn the Heavens' buff attribute" Gender="other">
          <Text>Adorn the Heavens</Text>
      </Line>

      <Line Key="TXT_MNR_BUFF_WORKING_HANDS" Note="Refers to the 'Working Hands' buff attribute" Gender="other">
          <Text>Working Hands</Text>
      </Line>

      <Line Key="TXT_MNR_BUFF_FOCUSED_POPULACE" Note="Refers to the 'Focused Populace' buff attribute" Gender="other">
          <Text>Focused Populace</Text>
      </Line>

      <Line Key="TXT_MNR_BUFF_EFFICIENT_MIND" Note="Refers to the 'Efficient Mind' buff attribute" Gender="other">
          <Text>Efficient Mind</Text>
      </Line>

      <Line Key="TXT_MNR_BUFF_SPECIALIST_PRODUCTION" Note="Refers to the 'Specialist Production' buff attribute" Gender="other">
          <Text>Specialist Production</Text>
      </Line>

      <Line Key="TXT_MNR_BUFF_ARDENT_LABOUR" Note="Refers to the 'Ardent Labour' buff attribute" Gender="other">
          <Text>Ardent Labour</Text>
      </Line>

      <Line Key="TXT_MNR_BUFF_VIRIDESCENT_GUIDANCE" Note="Refers to the 'Viridescent Guidance' buff attribute" Gender="other">
          <Text>Viridescent Guidance</Text>
      </Line>

      <Line Key="TXT_MNR_BUFF_MONUMENT_TO_STRENGTH" Note="Refers to the 'Monument to Strength' buff attribute" Gender="other">
          <Text>Monument to Strength</Text>
      </Line>

      <Line Key="TXT_MNR_BUFF_MONUMENT_TO_VITALITY" Note="Refers to the 'Monument to Vitality' buff attribute" Gender="other">
          <Text>Monument to Vitality</Text>
      </Line>

      <Line Key="TXT_MNR_BUFF_MONUMENT_TO_ETERNITY" Note="Refers to the 'Monument to Eternity' buff attribute" Gender="other">
          <Text>Monument to Eternity</Text>
      </Line>


   <!--*******************************************************************************************
   ...............................   Verses For Domain: Military          ........................
   *********************************************************************************************-->
      
    <Line Key="TXT_RLG_VERSE_MILITARY_1" Note="Flavor text for a Military buff">
        <Text>When the winds of war blow, will you stand unbowed, Or will you tumble before them like leaves, like dust?</Text>
    </Line>
      
    <Line Key="TXT_RLG_VERSE_MILITARY_2" Note="Flavor text for a Military buff">
        <Text>All bodies must die. Flesh will fail, bones will crumble. Purified in the crucible of battle, your spirit will live forever.</Text>
    </Line> 
      
    <Line Key="TXT_RLG_VERSE_MILITARY_3" Note="Flavor text for a Military buff">
        <Text>Though your enemies are many, your sword is sharp and your faith unswerving.</Text>
    </Line> 
      
    <Line Key="TXT_RLG_VERSE_MILITARY_4" Note="Flavor text for a Military buff">
        <Text>Fear no foe, for none can stand against you. The heavens' blessing will make your triumph swift and sure.</Text>
    </Line>
      
    <Line Key="TXT_RLG_VERSE_MILITARY_5" Note="Flavor text for a Military buff">
        <Text>Armor yourself with justice: clad yourself in splendor. No axe will fall upon you, no arrow shall pierce you.</Text>
    </Line>

      <Line Key="TXT_RLG_VERSE_MILITARY_6" Note="Flavor text for a Military buff">
          <Text>Call down the heavens' wrath upon those who defy you. Smite them with the power of righteousness. </Text>
      </Line>

      <Line Key="TXT_RLG_VERSE_MILITARY_7" Note="Flavor text for a Military buff">
          <Text>If you battle in the name of the heavens, you shall always triumph. Your enemies will fall like wheat beneath the scythe.</Text>
      </Line>

      <Line Key="TXT_RLG_VERSE_MILITARY_8" Note="Flavor text for a Military buff">
          <Text>If your foes strike you down, will you fall? No! You shall become more powerful than they can possibly imagine.</Text>
      </Line>

      <Line Key="TXT_RLG_VERSE_MILITARY_9" Note="Flavor text for a Military buff">
          <Text>Each fallen warrior brings glory to the heavens. The battlefield is a temple! A burning city is Heaven's pyre!</Text>
      </Line>

      <Line Key="TXT_RLG_VERSE_MILITARY_10" Note="Flavor text for a Military buff">
          <Text>Peace is for those too weak for battle. For the strong, there is no salvation but war.</Text>
      </Line>

      
   <!--*******************************************************************************************
   ...............................   Verses For Domain: Commerce          ........................
   *********************************************************************************************-->
      
    <Line Key="TXT_RLG_VERSE_COMMERCIAL_1" Note="Flavor text for a Commerce buff">
        <Text>A generous woman divided her fortune – 100 talents - between her two daughters.</Text>
    </Line>
      
    <Line Key="TXT_RLG_VERSE_COMMERCIAL_2" Note="Flavor text for a Commerce buff">
        <Text>She told them, "Do the most good that you can with this money, in the name of the heavens."</Text>
    </Line> 
      
    <Line Key="TXT_RLG_VERSE_COMMERCIAL_3" Note="Flavor text for a Commerce buff">
        <Text>One daughter gave all 50 talents to the poor. The other daughter put the money into a bank.</Text>
    </Line> 
      
    <Line Key="TXT_RLG_VERSE_COMMERCIAL_4" Note="Flavor text for a Commerce buff">
        <Text>The first daughter scolded the second, saying, "Oh greedy Sister. Our mother has instructed us to do the most good!"</Text>
    </Line>
      
    <Line Key="TXT_RLG_VERSE_COMMERCIAL_5" Note="Flavor text for a Commerce buff">
        <Text>The second daughter, who was matriculating in Applied Economics, said nothing.</Text>
    </Line>

    <Line Key="TXT_RLG_VERSE_COMMERCIAL_6" Note="Flavor text for a Commerce buff">
        <Text>In the 15th year, the second daughter gave the poor 50 talents.</Text>
    </Line>

    <Line Key="TXT_RLG_VERSE_COMMERCIAL_7" Note="Flavor text for a Commerce buff">
        <Text>Fifteen years later, she gave them another 50, and again, 15 years after that.</Text>
    </Line>

    <Line Key="TXT_RLG_VERSE_COMMERCIAL_8" Note="Flavor text for a Commerce buff">
        <Text>The first daughter said, "You have given the poor many more talents than did I. How have you accomplished this miracle?"</Text>
    </Line>

    <Line Key="TXT_RLG_VERSE_COMMERCIAL_9" Note="Flavor text for a Commerce buff">
        <Text>The second daughter said, "Compound interest, dear Sister, is the heavens' gift to those who are patient."</Text>
    </Line>

    <Line Key="TXT_RLG_VERSE_COMMERCIAL_10" Note="Flavor text for a Commerce buff">
        <Text>"For I say unto you, verily, the heavens do not begrudge you great wealth, if you use that to help those in need."</Text>
    </Line>

      
   <!--*******************************************************************************************
   ...............................   Verses For Domain: Government        ........................
   *********************************************************************************************-->
      
    <Line Key="TXT_RLG_VERSE_GOVERNMENT_1" Note="Flavor text for a Government buff">
        <Text>The King said unto the Wise One: "Teach Us the way of leadership, that Our people will prosper and thrive!"</Text>
    </Line>
      
    <Line Key="TXT_RLG_VERSE_GOVERNMENT_2" Note="Flavor text for a Government buff">
        <Text>The Wise One spoke thusly: "A Leader is one who puts the interests of the people ahead of their own."</Text>
    </Line> 
      
    <Line Key="TXT_RLG_VERSE_GOVERNMENT_3" Note="Flavor text for a Government buff">
        <Text>"A Leader taxes the people fairly and not for personal gain, but to execute great works beyond any individual's capacity."</Text>
    </Line> 
      
    <Line Key="TXT_RLG_VERSE_GOVERNMENT_4" Note="Flavor text for a Government buff">
        <Text>"A Leader puts a portion of each harvest aside, in case of need over the cold winter months."</Text>
    </Line>
      
    <Line Key="TXT_RLG_VERSE_GOVERNMENT_5" Note="Flavor text for a Government buff">
        <Text>A Leader does not act precipitously but considers carefully before issuing a proclamation.</Text>
    </Line>

    <Line Key="TXT_RLG_VERSE_GOVERNMENT_6" Note="Flavor text for a Government buff">
        <Text>"A Leader does not engage in a land war in uneven territory because that never ends well."</Text>
    </Line>

    <Line Key="TXT_RLG_VERSE_GOVERNMENT_7" Note="Flavor text for a Government buff">
        <Text>"A Leader crushes rebellion quickly and ruthlessly but is merciful to those who show contrition."</Text>
    </Line>

    <Line Key="TXT_RLG_VERSE_GOVERNMENT_8" Note="Flavor text for a Government buff">
        <Text>"A Leader is truthful to their people, for a lie will corrode trust and weaken the bonds of fealty between ruler and ruled."</Text>
    </Line>

    <Line Key="TXT_RLG_VERSE_GOVERNMENT_9" Note="Flavor text for a Government buff">
        <Text>"A Leader marries early and brings forth an heir, to ensure a smooth transfer of power."</Text>
    </Line>

    <Line Key="TXT_RLG_VERSE_GOVERNMENT_10" Note="Flavor text for a Government buff">
        <Text>"A Leader who does all of these things is granted benediction by the heavens and will enjoy a long and fruitful reign."</Text>
    </Line>
      
   <!--*******************************************************************************************
   ...............................     Verses For Domain: Religion        ........................
   *********************************************************************************************-->
      
    <Line Key="TXT_RLG_VERSE_RELIGION_1" Note="Flavor text for a Religion buff">
        <Text>An Emperor was brought before the Final Judge, who said, "Speak your deeds that we may determine the disposition of your soul!"</Text>
    </Line>
      
    <Line Key="TXT_RLG_VERSE_RELIGION_2" Note="Flavor text for a Religion buff">
        <Text>The Great Man said, "As a child I committed the Words of Truth to memory, humbling other students with my erudition."</Text>
    </Line> 
      
    <Line Key="TXT_RLG_VERSE_RELIGION_3" Note="Flavor text for a Religion buff">
        <Text>"As a young man I sacrificed a white goat every third Sunday, though it meant that my family went hungry."</Text>
    </Line> 
      
    <Line Key="TXT_RLG_VERSE_RELIGION_4" Note="Flavor text for a Religion buff">
        <Text>"As novitiate I exhorted the slothful and shamed the ignorant."</Text>
    </Line>
      
    <Line Key="TXT_RLG_VERSE_RELIGION_5" Note="Flavor text for a Religion buff">
        <Text>"As religious leader I cursed the blasphemous and drove the sinful into the river with a stick."</Text>
    </Line>

    <Line Key="TXT_RLG_VERSE_RELIGION_6" Note="Flavor text for a Religion buff">
        <Text>"As king I led a great crusade into heathen lands, crushing unbelievers and destroying their temples."</Text>
    </Line>

    <Line Key="TXT_RLG_VERSE_RELIGION_7" Note="Flavor text for a Religion buff">
        <Text>"As Emperor I built a great pyramid and when I died my body was purified and buried inside, as the heavens command."</Text>
    </Line>

    <Line Key="TXT_RLG_VERSE_RELIGION_8" Note="Flavor text for a Religion buff">
        <Text>The Judge said, "Impressive. You have done so much that we shall return you to earth, to continue your deeds!"</Text>
    </Line>

    <Line Key="TXT_RLG_VERSE_RELIGION_9" Note="Flavor text for a Religion buff">
        <Text>The Holy Man was greatly satisfied – until he awoke inside the pyramid, lacking any way out of the great tomb.</Text>
    </Line>

    <Line Key="TXT_RLG_VERSE_RELIGION_10" Note="Flavor text for a Religion buff">
        <Text>It is written: "A simple act of love or compassion is greater in the heavens' eyes than a hundred acts of brutal, ostentatious piety."</Text>
    </Line>
      
   <!--*******************************************************************************************
   ...............................   Verses For Domain: Culture           ........................
   *********************************************************************************************-->
      
    <Line Key="TXT_RLG_VERSE_CULTURE_1" Note="Flavor text for a Culture buff">
        <Text>The world is filled with beauty – the supple velvet of a fawn's skin, the diamond-filled night sky – all gifts from the heavens.</Text>
    </Line>
      
    <Line Key="TXT_RLG_VERSE_CULTURE_2" Note="Flavor text for a Culture buff">
        <Text>We are but weak, pale shadows. We are as nothing before the Eternal. How do we celebrate the universe? We make art.</Text>
    </Line> 
      
    <Line Key="TXT_RLG_VERSE_CULTURE_3" Note="Flavor text for a Culture buff">
        <Text>A few lines in charcoal inside a cave – a bison, a tiger, a man – even the oldest people made art. Can we do less?</Text>
    </Line> 
      
    <Line Key="TXT_RLG_VERSE_CULTURE_4" Note="Flavor text for a Culture buff">
        <Text>Make beautiful things – statues, paintings, songs, children – all are pleasing to the heavens.</Text>
    </Line>
      
    <Line Key="TXT_RLG_VERSE_CULTURE_5" Note="Flavor text for a Culture buff">
        <Text>Seek immortality? You shall not find it with elixirs or incantations. Carve a stone – there's immortality!</Text>
    </Line>

    <Line Key="TXT_RLG_VERSE_CULTURE_6" Note="Flavor text for a Culture buff">
        <Text>The heavens love stories. A play is a prayer, and a theater is a temple. Blessed is the thespian.</Text>
    </Line>

    <Line Key="TXT_RLG_VERSE_CULTURE_7" Note="Flavor text for a Culture buff">
        <Text>A mere song, sung by a baby child, is more precious than a hundred-weight in gold.</Text>
    </Line>

    <Line Key="TXT_RLG_VERSE_CULTURE_8" Note="Flavor text for a Culture buff">
        <Text>Dull care afflicts those who know no art. A life without color, sound or laughter is no life at all.</Text>
    </Line>

    <Line Key="TXT_RLG_VERSE_CULTURE_9" Note="Flavor text for a Culture buff">
        <Text>If you are ungifted with pen or brush or song despair not, for it is blessed to appreciate art as well as to make it.</Text>
    </Line>

    <Line Key="TXT_RLG_VERSE_CULTURE_10" Note="Flavor text for a Culture buff">
        <Text>Dance as if no one is watching you. But be assured that the heavens are, and the heavens are glad!</Text>
    </Line>
      
   <!--*******************************************************************************************
   ...............................   Verses For Domain: Science           ........................
   *********************************************************************************************-->
      
    <Line Key="TXT_RLG_VERSE_SCIENCE_1" Note="Flavor text for a Science buff">
        <Text>Are you faster than the deer, stronger than the ox, or more beautiful than the wixen? Hardly. You have one gift – your mind.</Text>
    </Line>
      
    <Line Key="TXT_RLG_VERSE_SCIENCE_2" Note="Flavor text for a Science buff">
        <Text>Your brain is for thinking. Use it!</Text>
    </Line> 
      
    <Line Key="TXT_RLG_VERSE_SCIENCE_3" Note="Flavor text for a Science buff">
        <Text>The world is given to us to use and to protect. But to do so we must first come to understand it.</Text>
    </Line> 
      
    <Line Key="TXT_RLG_VERSE_SCIENCE_4" Note="Flavor text for a Science buff">
        <Text>Belief without proof is dangerous. The heavens have provided a path for us to learn everything. We just have to find it.</Text>
    </Line>
      
    <Line Key="TXT_RLG_VERSE_SCIENCE_5" Note="Flavor text for a Science buff">
        <Text>Only through science can we fully appreciate divine works.</Text>
    </Line>

    <Line Key="TXT_RLG_VERSE_SCIENCE_6" Note="Flavor text for a Science buff">
        <Text>"Take everything apart and see what's inside. Sometimes things object, but you must persevere – for science!"</Text>
    </Line>

    <Line Key="TXT_RLG_VERSE_SCIENCE_7" Note="Flavor text for a Science buff">
        <Text>"A question is a beautiful thing. Why does a flower bloom? Where does the sun go? Is this edible? Ask many questions!"</Text>
    </Line>

    <Line Key="TXT_RLG_VERSE_SCIENCE_8" Note="Flavor text for a Science buff">
        <Text>"Sometimes things explode when you mix them. This is the heavens' way of making sure you're following safety protocols."</Text>
    </Line>

    <Line Key="TXT_RLG_VERSE_SCIENCE_9" Note="Flavor text for a Science buff">
        <Text>"A book can be more powerful than a sword – particularly if it explains how to make Greek fire or a grenade."</Text>
    </Line>

    <Line Key="TXT_RLG_VERSE_SCIENCE_10" Note="Flavor text for a Science buff">
        <Text>"Once you have learned a new thing, pass it on. Knowledge is meaningless until shared."</Text>
    </Line>
      
   <!--*******************************************************************************************
   ...............................   Verses For Domain: Industrial             ........................
   *********************************************************************************************--> 
     
    <Line Key="TXT_RLG_VERSE_INDUSTRY_1" Note="Flavor text for a Industrial buff">
        <Text>Gonna build a big thing: gonna build it tall! Gonna build it up to the heavens; gonna show them all!</Text>
    </Line>
      
    <Line Key="TXT_RLG_VERSE_INDUSTRY_2" Note="Flavor text for a Industrial buff">
        <Text>The heavens say to build it big and tall and deep, And we're gonna do it – ain't never gonna sleep.</Text>
    </Line> 
      
    <Line Key="TXT_RLG_VERSE_INDUSTRY_3" Note="Flavor text for a Industrial buff">
        <Text>Sleep is for the weak; and we must be strong! We're doing noble work: our reward will be along.</Text>
    </Line> 
      
    <Line Key="TXT_RLG_VERSE_INDUSTRY_4" Note="Flavor text for a Industrial buff">
        <Text>(Chorus.) You can sacrifice your special goat, Burn incense 'til it cloys your throat.</Text>
    </Line>
      
    <Line Key="TXT_RLG_VERSE_INDUSTRY_5" Note="Flavor text for a Industrial buff">
        <Text>(Chorus.) But the heavens love things that last forever. More than they loves the pious, the fervent, or the clever.</Text>
    </Line>

    <Line Key="TXT_RLG_VERSE_INDUSTRY_6" Note="Flavor text for a Industrial buff">
        <Text>Work it, come on now, work it harder! Break a sweat and show your ardor!</Text>
    </Line>

    <Line Key="TXT_RLG_VERSE_INDUSTRY_7" Note="Flavor text for a Industrial buff">
        <Text>We make cool things in the heavens' righteous name. Especially the ballcourt where is played the holy game.</Text>
    </Line>

    <Line Key="TXT_RLG_VERSE_INDUSTRY_8" Note="Flavor text for a Industrial buff">
        <Text>Our sweat mixes with sand and stone, Our work is pleasing to the Mighty Throne.</Text>
    </Line>

    <Line Key="TXT_RLG_VERSE_INDUSTRY_9" Note="Flavor text for a Industrial buff">
        <Text>We build great towers, erect great walls, we ensure our City never falls.</Text>
    </Line>

    <Line Key="TXT_RLG_VERSE_INDUSTRY_10" Note="Flavor text for a Industrial buff">
        <Text>But our constructs will never fail, for woven into them are the heavens' tales!</Text>
    </Line>
      
  </Locale>
</GameText>
