<GameText>
    <Locale ID="en">
        <Line Key="TXT_TCH_AGRONOMY" Note="Agronomy is the science of soil management and crop production. It is important to note that this is the name of a discovered technology, not the literal thing." Gender="other">
            <Text>Agronomy</Text>
        </Line>
        <Line Key="TXT_TCH_ALCHEMY" Note="Alchemy is a medieval chemical science and speculative philosophy that focused on the attempt to change less valuable metals into gold. It is important to note that this is the name of a discovered technology, not the literal thing." Gender="other">
            <Text>Alchemy</Text>
        </Line>
        <Line Key="TXT_TCH_ALGEBRA" vowel="y" Note="Algebra is a generalization of arithmetic in which letters representing numbers are combined according to the rules of mathtant to note that this is the name of a discovered technology, not the literal thing." Gender="other">
            <Text>Algebra</Text>
        </Line>
        <Line Key="TXT_TCH_ANIMAL_HUSBANDRY" vowel="y" Note="Animal Husbandry is the science of breeding and caring for farm animals. It is important to note that this is the name of a discovered technology, not the literal thing." Gender="other">
            <Text>Animal Husbandry</Text>
        </Line>
        <Line Key="TXT_TCH_ARCHERY" vowel="y" Note="Archery is the art, practice, or skill of shooting with bow and arrow. It is important to note that this is the name of a discovered technology, not the literal thing." Gender="other">
            <Text>Archery</Text>
        </Line>
        <Line Key="TXT_TCH_ARCHES" vowel="y" Note="Arches are a typically curved structural member spanning an opening and serving as a support. It is important to note that this is the name of a discovered technology, not the literal thing." Gender="other">
            <Text>Arches</Text>
        </Line>
        <Line Key="TXT_TCH_ARCOLOGIES" vowel="y" Note="The end of history as we know it." Gender="other">
            <Text>Technological Singularity</Text>
        </Line>
        <Line Key="TXT_TCH_ASTRONOMY" vowel="y" Note="Astrology is predicting the future based upon the apparent position of stars. It is important to note that this is the name of a discovered technology, not the literal thing." Gender="other">
            <Text>Astrology</Text>
        </Line>
        <Line Key="TXT_TCH_BOTANY" Note="Land Management is when local or national governments directly decide how land can be used. It is important to note that this is the name of a discovered technology, not the literal thing." Gender="other">
            <Text>Land Management</Text>
        </Line>
        <Line Key="TXT_TCH_BREWING" Note="Brewing is the activity or business of producing beer. It is important to note that this is the name of a discovered technology, not the literal thing." Gender="other">
            <Text>Brewing</Text>
        </Line>
        <Line Key="TXT_TCH_BRONZE_WORKING" Note="Bronze Working is the process of making tools, sculptures, and other instruments through the process of smelting and shaping bronze alloy. It is important to note that this is the name of a discovered technology, not the literal thing." Gender="other">
            <Text>Bronze Working</Text>
        </Line>
        <Line Key="TXT_TCH_CANDLES" Note="A Candle is a molded or dipped mass of wax or tallow containing a wick that may be burned (as to give light, heat, or scent or for celebration or votive purposes). It is important to note that this is the name of a discovered technology, not the literal thing." Gender="other">
            <Text>Candles</Text>
        </Line>
        <Line Key="TXT_TCH_CANNONS" Note="A Cannon is a type of gun classified as artillery that launches a projectile using propellant (usually gunpowder). It is important to note that this is the name of a discovered technology, not the literal thing." Gender="other">
            <Text>Cannons</Text>
        </Line>
        <Line Key="TXT_TCH_CARTOGRAPHY" Note="Cartography is the study and practice of making maps.. It is important to note that this is the name of a discovered technology, not the literal thing." Gender="other">
            <Text>Cartography</Text>
        </Line>
        <Line Key="TXT_TCH_THE_CHARIOT" Note="The Chariot is a two-wheeled horse-drawn battle car of ancient times used also in processions and races. It is important to note that this is the name of a discovered technology, not the literal thing." Gender="other">
            <Text>Chariots</Text>
        </Line>
        <Line Key="TXT_TCH_CODE_OF_LAWS" Note="A Code of Laws is a type of legislation that purports to exhaustively cover a complete system of laws or a particular area of law as it existed at the time the code was enacted, by a process of codification.. It is important to note that this is the name of a discovered technology, not the literal thing." Gender="other">
            <Text>Code of Laws</Text>
        </Line>
        <Line Key="TXT_TCH_COFFEE_BREWING" Note="Coffee Brewing is the process of turning coffee beans first into ground coffee and then into a drinkable concoction. It is important to note that this is the name of a discovered technology, not the literal thing." Gender="other">
            <Text>Coffee Houses</Text>
        </Line>
        <Line Key="TXT_TCH_CRYONICS" Note="Cryonics is the practice or technique of deep-freezing the bodies of people who have just died, in the hope that scientific advances may allow them to be revived in the future. It is important to note that this is the name of a discovered technology, not the literal thing." Gender="other">
            <Text>Cryonics</Text>
        </Line>
        <Line Key="TXT_TCH_CULTURAL_HERITAGE" Note="A heritage of tangible or intangible assets of a group or society that is inherited from past generations. It is important to note that this is the name of a discovered technology, not the literal thing." Gender="other">
            <Text>Cultural Heritage</Text>
        </Line>
        <Line Key="TXT_TCH_DEFENSIVE_ARTILLERY" Note="Mechanized Firepower refers to automatically-reloading weapons. It is important to note that this is the name of a discovered technology, not the literal thing." Gender="other">
            <Text>Mechanized Firepower</Text>
        </Line>
        <Line Key="TXT_TCH_DRONES" Note="A remote controlled pilotless aircraft or flying device. It is important to note that this is the name of a discovered technology, not the literal thing." Gender="other">
            <Text>Drones</Text>
        </Line>
        <Line Key="TXT_TCH_FABRICS" Note="Cloth or other material produced by weaving or knitting fibers together. It is important to note that this is the name of a discovered technology, not the literal thing." Gender="other">
            <Text>Textiles</Text>
        </Line>
        <Line Key="TXT_TCH_FERMENTING" Note="The process of fermentation that causes chemical changes in organic substances via enzymes. It is important to note that this is the name of a discovered technology, not the literal thing." Gender="other">
            <Text>Fermenting</Text>
        </Line>
        <Line Key="TXT_TCH_FORTIFICATIONS" Note="Siege Warfare is the technology associated with placing a city under siege. It is important to note that this is the name of a discovered technology, not the literal thing." Gender="other">
            <Text>Siege Warfare</Text>
        </Line>
        <Line Key="TXT_TCH_FURNACES" Note="Superheating metal in order to extract or refine it. It is important to note that this is the name of a discovered technology, not the literal thing." Gender="other">
            <Text>Smelting</Text>
        </Line>
        <Line Key="TXT_TCH_GENERAL_RELATIVITY" Note="A physical theory of space and time. It is important to note that this is the name of a discovered technology, not the literal thing." Gender="other">
            <Text>Atomic Theory</Text>
        </Line>
        <Line Key="TXT_TCH_GRANARIES" Note="A large building used to store excess food. It is important to note that this is the name of a discovered technology, not the literal thing." Gender="other">
            <Text>Grain Storage</Text>
        </Line>
        <Line Key="TXT_TCH_GREEN_POWER" Note="Power that is created using renewable resources like wind or water. It is important to note that this is the name of a discovered technology, not the literal thing." Gender="other">
            <Text>Sustainable Engineering</Text>
        </Line>
        <Line Key="TXT_TCH_HERBALISM" Note="Herbalism is the study or practice of the medicinal and therapeutic use of plants, now especially as a form of alternative medicine. It is important to note that this is the name of a discovered technology, not the literal thing." Gender="other">
            <Text>Herbalism</Text>
        </Line>
        <Line Key="TXT_TCH_HORSESHOES" Note="Horseshoes are a shoe for a horse formed of a narrow band of iron. It is important to note that this is the name of a discovered technology, not the literal thing." Gender="other">
            <Text>Horseshoes</Text>
        </Line>
        <Line Key="TXT_TCH_HUMANISM" Note="Leisure tech description" Gender="other">
            <Text>Leisure</Text>
        </Line>
        <Line Key="TXT_TCH_HYGIENE" Note="The theory that disease is caused by tiny organisms (germs) not visible to the naked eye. It is important to note that this is the name of a discovered technology, not the literal thing." Gender="other">
            <Text>Germ Theory</Text>
        </Line>
        <Line Key="TXT_TCH_INTERCHANGEABLE_PARTS" vowel="y" Note="Interchangeable Parts are parts (components) that are identical for practical purposes . It is important to note that this is the name of a discovered technology, not the literal thing." Gender="other">
            <Text>Interchangeable Parts</Text>
        </Line>
        <Line Key="TXT_TCH_INTERNAL_COMBUSTION_ENGINE" vowel="y" Note="Internal Combustion Engine is any of a group of devices in which the reactants of combustion (oxidizer and fuel) and the products of combustion serve as the working fluids of the engine . It is important to note that this is the name of a discovered technology, not the literal thing." Gender="other">
            <Text>Internal Combustion Engine</Text>
        </Line>
        <Line Key="TXT_TCH_IRON_BRIDGES" vowel="y" Note="The chemical process of mixing iron with other agents to form steel. It is important to note that this is the name of a discovered technology, not the literal thing." Gender="other">
            <Text>Steel</Text>
        </Line>
        <Line Key="TXT_TCH_IRON_WORKING" vowel="y" Note="Iron Working is the art of creating items out of iron. It is important to note that this is the name of a discovered technology, not the literal thing." Gender="other">
            <Text>Iron Working</Text>
        </Line>
        <Line Key="TXT_TCH_IRRIGATION" vowel="y" Note="Irrigation is the supply of water to land or crops to help growth, typically by means of channels. . It is important to note that this is the name of a discovered technology, not the literal thing." Gender="other">
            <Text>Irrigation</Text>
        </Line>
        <Line Key="TXT_TCH_LONGBOWS" Note="A longbow is a large bow drawn by hand and shooting a long feathered arrow.. It is important to note that this is the name of a discovered technology, not the literal thing." Gender="other">
            <Text>Longbows</Text>
        </Line>
        <Line Key="TXT_TCH_MASONRY" Note="Masonry is another word for stonework. It is important to note that this is the name of a discovered technology, not the literal thing." Gender="other">
            <Text>Masonry</Text>
        </Line>
        <Line Key="TXT_TCH_MECHAS" Note="Giant robots that absolutely kick butt. It is important to note that this is the name of a discovered technology, not the literal thing." Gender="other">
            <Text>Armored Colossus</Text>
        </Line>
        <Line Key="TXT_TCH_MONUMENT_BUILDING" Note="Monument building is the social and architectual know-how to construt enduring monuments from masonry. It is important to note that this is the name of a discovered technology, not the literal thing." Gender="other">
            <Text>Monument Building</Text>
        </Line>
        <Line Key="TXT_TCH_NAVIGATION" Note="The act of using various methods to figure out directions and guide vehicles. It is important to note that this is the name of a discovered technology, not the literal thing." Gender="other">
            <Text>Navigation</Text>
        </Line>
        <Line Key="TXT_TCH_OPTICS" vowel="y" Note="Optics technology is the use of light for various applications in technology, computing, programming, internet, and communications. It is important to note that this is the name of a discovered technology, not the literal thing." Gender="other">
            <Text>Optics</Text>
        </Line>
        <Line Key="TXT_TCH_PAPER" Note="Paper is a material manufactured in thin sheets from the pulp of wood or other fibrous substances. It is important to note that this is the name of a discovered technology, not the literal thing." Gender="other">
            <Text>Paper</Text>
        </Line>
        <Line Key="TXT_TCH_PHOTOGRAPHY" Note="The art or practice of taking and processing photos. It is important to note that this is the name of a discovered technology, not the literal thing." Gender="other">
            <Text>Photography</Text>
        </Line>

        <Line Key="TXT_TCH_ELECTRICITY" Note="Electricity is a form of energy resulting from the existence of charged particles (such as electrons or protons), either statically as an accumulation of charge or dynamically as a current. It is important to note that this is the name of a discovered technology, not the literal thing">
            <Text>Electricity</Text>
        </Line>

        <Line Key="TXT_TCH_PILGRIMAGE" Note="Pilgrimage is a journey to a sacred place. It is important to note that this is the name of a discovered technology, not the literal thing." Gender="other">
            <Text>Pilgrimage</Text>
        </Line>
        <Line Key="TXT_TCH_POTTERY" Note=" Pottery is pots, dishes, and other articles made of earthenware or baked clay.It is important to note that this is the name of a discovered technology, not the literal thing." Gender="other">
            <Text>Pottery</Text>
        </Line>
        <Line Key="TXT_TCH_RADAR" Note="Radar is a system that uses radio waves to determine the distance, direction, and radial velocity of objects relative to the site. It is important to note that this is the name of a discovered technology, not the literal thing." Gender="other">
            <Text>Radar</Text>
        </Line>
        <Line Key="TXT_TCH_RADIO" Note="The transmission and reception of electromagnetic waves of radio frequency, especially those carrying sound messages. It is important to note that this is the name of a discovered technology, not the literal thing." Gender="other">
            <Text>Radio</Text>
        </Line>
        <Line Key="TXT_TCH_RIFLING" Note="Rifling is the arrangement of spiral grooves on the inside of a rifle barrel.. It is important to note that this is the name of a discovered technology, not the literal thing." Gender="other">
            <Text>Rifling</Text>
        </Line>
        <Line Key="TXT_TCH_ROCKETRY" Note="A branch of science that deals with rockets and rocket propulsion. It is important to note that this is the name of a discovered technology, not the literal thing." Gender="other">
            <Text>Rocketry</Text>
        </Line>
        <Line Key="TXT_TCH_ROADS" Note="A room or rooms that are rended out so someone, or a place where someone stays. It is important to note that this is the name of a discovered technology, not the literal thing." Gender="other">
            <Text>Hospitality</Text>
        </Line>
        <Line Key="TXT_TCH_ROPEMAKING" Note="The art of weaving fibers togetheer to make ropes. It is important to note that this is the name of a discovered technology, not the literal thing." Gender="other">
            <Text>Ropemaking</Text>
        </Line>
        <Line Key="TXT_TCH_SACRED_TRADITIONS" Note="Cultural practices which have deep meaning, religious or otherwise, for those people. It is important to note that this is the name of a discovered technology, not the literal thing." Gender="other">
            <Text>Sacred Rites</Text>
        </Line>
        <Line Key="TXT_TCH_SAILS" Note="Sails are an area of fabric, usually Terylene or nylon (formerly canvas), with fittings for holding it in any suitable position to catch the wind . It is important to note that this is the name of a discovered technology, not the literal thing." Gender="other">
            <Text>Sails</Text>
        </Line>
        <Line Key="TXT_TCH_SCIENTIFIC_METHOD" Note="Scientific Method is a method of procedure that has characterized natural science since the 17th century. It is important to note that this is the name of a discovered technology, not the literal thing." Gender="other">
            <Text>The Scientific Method</Text>
        </Line>
        <Line Key="TXT_TCH_SEAFARING" Note="Seafaring ia the practice of traveling by sea, especially regularly. It is important to note that this is the name of a discovered technology, not the literal thing." Gender="other">
            <Text>Seafaring</Text>
        </Line>
        <Line Key="TXT_TCH_TRADE_ROUTES" Note="A trade route is one of the sea-lanes ordinarily used by merchant ships. It is important to note that this is the name of a discovered technology, not the literal thing." Gender="other">
            <Text>Trading</Text>
        </Line>
        <Line Key="TXT_TCH_SONAR" Note="A system used to detect objects under the water using sound pulses. It is important to note that this is the name of a discovered technology, not the literal thing." Gender="other">
            <Text>Sonar</Text>
        </Line>
        <Line Key="TXT_TCH_STAINED_GLASS" Note="Stained Glass is colored glass used to form decorative or pictorial designs. It is important to note that this is the name of a discovered technology, not the literal thing." Gender="other">
            <Text>Stained Glass</Text>
        </Line>
        <Line Key="TXT_TCH_INDUSTRIALIZATION" Note="Industrialization is the process by which an economy is transformed from primarily agricultural to one based on the manufacturing of goods. Individual manual labor is often replaced by mechanized mass production, and craftsmen are replaced by assembly lines. It is important to note that this is the name of a discovered technology, not the literal thing." Gender="other">
            <Text>Industrialization</Text>
        </Line>
        <Line Key="TXT_TCH_THE_STEAM_ENGINE" Note="The Steam Engine is an engine that uses the expansion or rapid condensation of steam to generate power.. It is important to note that this is the name of a discovered technology, not the literal thing." Gender="other">
            <Text>Steam Engines</Text>
        </Line>
        <Line Key="TXT_TCH_STEALTH_TECHNOLOGY" Note="A military discipline used to make vehicles less visible or fully invisible to things like radar and sonar. It is important to note that this is the name of a discovered technology, not the literal thing." Gender="other">
            <Text>Stealth</Text>
        </Line>
        <Line Key="TXT_TCH_STIRRUPS" Note="Stirrups are a pair of devices attached to each side of a horse&apos;s saddle, in the form of a loop with a flat base to support the rider&apos;s foot. It is important to note that this is the name of a discovered technology, not the literal thing." Gender="other">
            <Text>Stirrups</Text>
        </Line>
        <Line Key="TXT_TCH_TERRACED_FARMING" Note="Terraced Farming is the method of growing crops on sides of hills or mountains by planting on graduated terraces built into the slope. It is important to note that this is the name of a discovered technology, not the literal thing." Gender="other">
            <Text>Terraced Farming</Text>
        </Line>
        <Line Key="TXT_TCH_THE_INTERNET" Note="A worldwide system of computer networks. It is important to note that this is the name of a discovered technology, not the literal thing" Gender="other">
            <Text>Internet</Text>
        </Line>
        <Line Key="TXT_TCH_THEORY_OF_EVOLUTION" Note="A theory proposed by Charles Darwin that refers to biological changes in a species over time. It is important to note that this is the name of a discovered technology, not the literal thing" Gender="other">
            <Text>Natural Selection</Text>
        </Line>
        <Line Key="TXT_TCH_WEAVING" Note="The craft or action of interlacing threads. It is important to note that this is the name of a discovered technology, not the literal thing" Gender="other">
            <Text>Weaving</Text>
        </Line>
        <Line Key="TXT_TCH_THE_WHEEL" Note="The Wheel is a circular object that revolves on an axle and is fixed below a vehicle or other object to enable it to move easily over the ground. It is important to note that this is the name of a discovered technology, not the literal thing." Gender="other">
            <Text>The Wheel</Text>
        </Line>
        <Line Key="TXT_TCH_WINDMILLS" Note="Windmills are buildings with sails or vanes that turn in the wind and generate power to grind grain into flour. . It is important to note that this is the name of a discovered technology, not the literal thing." Gender="other">
            <Text>Windmills</Text>
        </Line>
        <Line Key="TXT_TCH_GOVERNMENT" Note="The governing body of a nation, state, or community. It is important to note that this is the name of a discovered technology, not the literal thing" Gender="other">
            <Text>Bureaucracy</Text>
        </Line>
        <Line Key="TXT_TCH_CURRENCY" Note="Items used for buying and selling things. It is important to note that this is the name of a discovered technology, not the literal thing" Gender="other">
            <Text>Coinage</Text>
        </Line>
        <Line Key="TXT_TCH_LEGIONARY" Note="Elite military training offered to a small number of troops, beyond what is generally taught to soldiers. It is important to note that this is the name of a discovered technology, not the literal thing" Gender="other">
            <Text>Elite Training</Text>
        </Line>
        <Line Key="TXT_TCH_FOOD_PRESERVATION" Note="Grinding food to enable baking, transport, and preservation. It is important to note that this is the name of a discovered technology, not the literal thing" Gender="other">
            <Text>Milling</Text>
        </Line>
        <Line Key="TXT_TCH_HABERDASHERY" Note="The art of creating statues. It is important to note that this is the name of a discovered technology, not the literal thing" Gender="other">
            <Text>Haberdashery</Text>
        </Line>
        <Line Key="TXT_TCH_PHILOSOPHY" Note="The study of the fundamental nature of knowledge, reality, and existence, especially when considered as an academic discipline. It is important to note that this is the name of a discovered technology, not the literal thing" Gender="other">
            <Text>Philosophy</Text>
        </Line>
        <Line Key="TXT_TCH_CROSSBOWS" Note="A medieval bow that uses a mechanism to draw and release the string and fires bolts rather than arrows. It is important to note that this is the name of a discovered technology, not the literal thing" Gender="other">
            <Text>Crossbows</Text>
        </Line>
        <Line Key="TXT_TCH_ENGINEERING" Note="The branch of science and technology concerned with the design, building, and use of engines, machines, and structures. It is important to note that this is the name of a discovered technology, not the literal thing" Gender="other">
            <Text>Engineering</Text>
        </Line>
        <Line Key="TXT_TCH_EUCLIDEAN_GEOMETRY" Note="A formal system of scientific research supported by public and private institutions. It is important to note that this is the name of a discovered technology, not the literal thing" Gender="other">
            <Text>Scholarship</Text>
        </Line>
        <Line Key="TXT_TCH_METALLURGY" Note="The branch of science and technology concerned with the properties of metals and their production and purification. It is important to note that this is the name of a discovered technology, not the literal thing" Gender="other">
            <Text>Metallurgy</Text>
        </Line>
        <Line Key="TXT_TCH_RELIGIOUS_TEXTS" Note="A collection of texts used to guide most religions through doctrines. It is important to note that this is the name of a discovered technology, not the literal thing" Gender="other">
            <Text>Illuminated Manuscripts</Text>
        </Line>
        <Line Key="TXT_TCH_UNIVERSITIES" Note="An educational institution designed for instruction of students. It is important to note that this is the name of a discovered technology, not the literal thing" Gender="other">
            <Text>Universities</Text>
        </Line>
        <Line Key="TXT_TCH_ARTISTRY" Note="Creative skill or ability. It is important to note that this is the name of a discovered technology, not the literal thing" Gender="other">
            <Text>Decorative Arts</Text>
        </Line>
        <Line Key="TXT_TCH_BANKING" Note="The business conducted or services offered at a bank. It is important to note that this is the name of a discovered technology, not the literal thing" Gender="other">
            <Text>Banking</Text>
        </Line>
        <Line Key="TXT_TCH_MECHANIZED_CLOCKS" Note="Clocks that used motors rather than other kinds of motion to run. It is important to note that this is the name of a discovered technology, not the literal thing" Gender="other">
            <Text>Mechanized Clocks</Text>
        </Line>
        <Line Key="TXT_TCH_MERCANTALISM" Note="The beliefe in the benefits of profitable trading. It is important to note that this is the name of a discovered technology, not the literal thing" Gender="other">
            <Text>Mercantilism</Text>
        </Line>
        <Line Key="TXT_TCH_TERRACED_FARMS" Note="Plows which require animals to pull them, as opposed to human-operated plows. It is important to note that this is the name of a discovered technology, not the literal thing" Gender="other">
            <Text>Heavy Plows</Text>
        </Line>
        <Line Key="TXT_TCH_LEATHERWORKING" Note="The craft of making leather goods. It is important to note that this is the name of a discovered technology, not the literal thing" Gender="other">
            <Text>Leatherworking</Text>
        </Line>
        <Line Key="TXT_TCH_ARCHITECTURE" Note="The general term used to describe buildings and other physical structures. It is important to note that this is the name of a discovered technology, not the literal thing" Gender="other">
            <Text>Architecture</Text>
        </Line>
        <Line Key="TXT_TCH_GUNPOWDER" Note="A mixture used to propel bullets with an explosion. It is important to note that this is the name of a discovered technology, not the literal thing" Gender="other">
            <Text>Gunpowder</Text>
        </Line>
        <Line Key="TXT_TCH_FORTRESSES" Note="A military stronghold. It is important to note that this is the name of a discovered technology, not the literal thing" Gender="other">
            <Text>Stronghold Engineering</Text>
        </Line>
        <Line Key="TXT_TCH_FEUDALISM" Note="The dominant social system of medieval Europe. It is important to note that this is the name of a discovered technology, not the literal thing" Gender="other">
            <Text>Feudalism</Text>
        </Line>
        <Line Key="TXT_TCH_PERSPECTIVE_ART" Note="The approximate representation, generally on a flat surface, of an image as it is seen by the eye. It is important to note that this is the name of a discovered technology, not the literal thing" Gender="other">
            <Text>Perspective Art</Text>
        </Line>
        <Line Key="TXT_TCH_PRINTING_PRESS" Note="A machine used to mass print books. It is important to note that this is the name of a discovered technology, not the literal thing" Gender="other">
            <Text>Printing Press</Text>
        </Line>
        <Line Key="TXT_TCH_MUSICAL_THEORY" Note="The study of the practices and possibilities of music. It is important to note that this is the name of a discovered technology, not the literal thing" Gender="other">
            <Text>Musical Theory</Text>
        </Line>
        <Line Key="TXT_TCH_FIREARMS" Note="Any kind of gun. It is important to note that this is the name of a discovered technology, not the literal thing" Gender="other">
            <Text>Firearms</Text>
        </Line>
        <Line Key="TXT_TCH_HOSPITALS" Note="An institution providing medical and surgical treatments. It is important to note that this is the name of a discovered technology, not the literal thing" Gender="other">
            <Text>Hospitals</Text>
        </Line>
        <Line Key="TXT_TCH_SHIPBUILDING" Note="The act of building ships. It is important to note that this is the name of a discovered technology, not the literal thing" Gender="other">
            <Text>Shipbuilding</Text>
        </Line>
        <Line Key="TXT_TCH_GROUNDED_FOUNDATIONS" Note="The ability to construct items with a high degree of accuracy. It is important to note that this is the name of a discovered technology, not the literal thing" Gender="other">
            <Text>Precision Engineering</Text>
        </Line>
        <Line Key="TXT_TCH_DEMOCRACIES" Note="A system of government led by elected representatives. It is important to note that this is the name of a discovered technology, not the literal thing" Gender="other">
            <Text>Democracy</Text>
        </Line>
        <Line Key="TXT_TCH_SYMPHONIES" Note="An elaborate musical composition for a full orchestra, typically in four movements. It is important to note that this is the name of a discovered technology, not the literal thing" Gender="other">
            <Text>Symphonies</Text>
        </Line>
        <Line Key="TXT_TCH_NITROGEN_EXTRACTION" Note="Creating fertilizers chemically, rather than using locally available materials. It is important to note that this is the name of a discovered technology, not the literal thing" Gender="other">
            <Text>Synthetic Fertilizers</Text>
        </Line>
        <Line Key="TXT_TCH_MASS_PRODUCED_TEXTILES" Note="The act of mass-producing textiles via mechanized looms. It is important to note that this is the name of a discovered technology, not the literal thing" Gender="other">
            <Text>Assembly Lines</Text>
        </Line>
        <Line Key="TXT_TCH_AVIATION" Note="The art of flying airplanes and other flying vehicles. It is important to note that this is the name of a discovered technology, not the literal thing" Gender="other">
            <Text>Aviation</Text>
        </Line>
        <Line Key="TXT_TCH_NUCLEAR_POWER" Note="Power generated from a nuclear source rather than wind, water, or coal. It is important to note that this is the name of a discovered technology, not the literal thing" Gender="other">
            <Text>Nuclear Power</Text>
        </Line>
        <Line Key="TXT_TCH_JET_ENGINES" Note="An engine that uses jet propulsion to generate thrust. It is important to note that this is the name of a discovered technology, not the literal thing" Gender="other">
            <Text>Jet Engines</Text>
        </Line>
        <Line Key="TXT_TCH_BALLISTICS" Note="The science of projectiles and firearms. It is important to note that this is the name of a discovered technology, not the literal thing" Gender="other">
            <Text>Ballistics</Text>
        </Line>
        <Line Key="TXT_TCH_SATELLITES" Note="An artificial body placed in orbit around the earth or moon or another planet in order to collect information or for communication. It is important to note that this is the name of a discovered technology, not the literal thing" Gender="other">
            <Text>Satellites</Text>
        </Line>
        <Line Key="TXT_TCH_ADVANCED_CHEMISTRY" Note="The study and manufacture of medicinal chemicals. It is important to note that this is the name of a discovered technology, not the literal thing" Gender="other">
            <Text>Pharmacology</Text>
        </Line>
        <Line Key="TXT_TCH_MASS_PRODUCTION" Note="The act of producing items at a huge scale. It is important to note that this is the name of a discovered technology, not the literal thing" Gender="other">
            <Text>Mass Production</Text>
        </Line>
        <Line Key="TXT_TCH_PLASTICS" Note="Creating hard plastic from oils and plant materials" Gender="other">
            <Text>Plastics</Text>
        </Line>
        <Line Key="TXT_TCH_COMPUTERS" Note="An electronic device for storing and processing data. It is important to note that this is the name of a discovered technology, not the literal thing" Gender="other">
            <Text>Computers</Text>
        </Line>
        <Line Key="TXT_TCH_QUANTUM_MECHANICS" Note="The branch of mechanics that deals with the mathematical description of the motion and interaction of subatomic particles. It is important to note that this is the name of a discovered technology, not the literal thing" Gender="other">
            <Text>Subatomic Research</Text>
        </Line>
        <Line Key="TXT_TCH_MASS_MEDIA" Note="The main means of mass communication.  It is important to note that this is the name of a discovered technology, not the literal thing" Gender="other">
            <Text>Mass Media</Text>
        </Line>
        <Line Key="TXT_TCH_ARTIFICIAL_INTELLIGENCE" Note="The theory and development of computer systems able to perform tasks that normally require human intelligence. It is important to note that this is the name of a discovered technology, not the literal thing" Gender="other">
            <Text>Artificial Intelligence</Text>
        </Line>
        <Line Key="TXT_TCH_RECYCLING" Note="The act of processing waste into reuseable material. It is important to note that this is the name of a discovered technology, not the literal thing" Gender="other">
            <Text>Recycling</Text>
        </Line>
        <Line Key="TXT_TCH_MECHANIZATION" Note="The introduction of machines or automatic devices into a process. It is important to note that this is the name of a discovered technology, not the literal thing" Gender="other">
            <Text>Mechanization</Text>
        </Line>
        <Line Key="TXT_TCH_RAIL_GUNS" Note="A linear motor device, typically designed as a weapon, that uses electromagnetic force to launch high-velocity projectiles. It is important to note that this is the name of a discovered technology, not the literal thing" Gender="other">
            <Text>Rail Guns</Text>
        </Line>
        <Line Key="TXT_TCH_CORE_TAP" Note="A fictional future technology which accesses the molten core of a planet for power. It is important to note that this is the name of a discovered technology, not the literal thing" Gender="other">
            <Text>Core Tap</Text>
        </Line>
        <Line Key="TXT_TCH_ROBOTICS" Note="The branch of technology that deals with the design, construction, operation, and application of robots. It is important to note that this is the name of a discovered technology, not the literal thing" Gender="other">
            <Text>Robotics</Text>
        </Line>
        <Line Key="TXT_TCH_CRISPR" Note="A technology which allows re-writing DNA within adults. It is important to note that this is the name of a discovered technology, not the literal thing" Gender="other">
            <Text>Crispr</Text>
        </Line>
        <Line Key="TXT_TCH_ORGANIC_CONSTRUCTION" Note="Creating objects organically which were previously constructed inorganically. It is important to note that this is the name of a discovered technology, not the literal thing" Gender="other">
            <Text>Biomimicry</Text>
        </Line>
        <Line Key="TXT_TCH_FOOD_REPLICATION" Note="The scientific act of replicating large amounts of food. It is important to note that this is the name of a discovered technology, not the literal thing" Gender="other">
            <Text>Food Replication</Text>
        </Line>
        <Line Key="TXT_TCH_POST-HUMANISM" Note="An idea in continental philosophy and critical theory responding to the presence of anthropocentrism in 21st-century thought. It is important to note that this is the name of a discovered technology, not the literal thing" Gender="other">
            <Text>Post-Humanism</Text>
        </Line>

    <Line Key="TXT_TCH_DESC_FURNACES" Note="A simple explanation for what TXT_TCH_FURNACES does in the game." Gender="other">
        <Text>Boosts industrial production.</Text>
      </Line>
      <Line Key="TXT_TCH_DESC_ASTRONOMY" Note="A simple explanation for what TXT_TCH_ASTRONOMY does in the game." Gender="other">
        <Text>Enables scientific advancements and encourages greater knowledge storage.</Text>
      </Line>
      <Line Key="TXT_TCH_DESC_RAIL_GUNS" Note="A simple explanation for what TXT_TCH_RAIL_GUNS does in the game." Gender="other">
        <Text>Unleashes devastating new weaponry.</Text>
      </Line>
      <Line Key="TXT_TCH_DESC_QUANTUM_MECHANICS" Note="A simple explanation for what TXT_TCH_QUANTUM_MECHANICS does in the game." Gender="other">
        <Text>Unlocks advanced scientific capabilities.</Text>
      </Line>
      <Line Key="TXT_TCH_DESC_SCIENTIFIC_METHOD" Note="A simple explanation for what TXT_TCH_SCIENTIFIC_METHOD does in the game." Gender="other">
        <Text>Allows for more organized methods of acquiring new knowledge.</Text>
      </Line>
      <Line Key="TXT_TCH_DESC_BOTANY" Note="A simple explanation for what TXT_TCH_BOTANY does in the game." Gender="other">
        <Text>Enables advanced crop cultivation and plant uses.</Text>
      </Line>
      <Line Key="TXT_TCH_DESC_ALGEBRA" Note="A simple explanation for what TXT_TCH_ALGEBRA does in the game." Gender="other">
        <Text>Provides new techniques for problem solving.</Text>
      </Line>
      <Line Key="TXT_TCH_DESC_SYMPHONIES" Note="A simple explanation for what TXT_TCH_SYMPHONIES does in the game." Gender="other">
        <Text>Enables high culture and music production.</Text>
      </Line>
      <Line Key="TXT_TCH_DESC_ARCHERY" Note="A simple explanation for what TXT_TCH_ARCHERY does in the game." Gender="other">
        <Text>Makes available new military and defensive capabilities.</Text>
      </Line>
      <Line Key="TXT_TCH_DESC_MASONRY" Note="A simple explanation for what TXT_TCH_MASONRY does in the game." Gender="other">
        <Text>Enables construction of more advanced structures.</Text>
      </Line>
      <Line Key="TXT_TCH_DESC_ARCHITECTURE" Note="A simple explanation for what TXT_TCH_ARCHITECTURE does in the game." Gender="other">
        <Text>Encourages making structures with style.</Text>
      </Line>
      <Line Key="TXT_TCH_DESC_ORGANIC_CONSTRUCTION" Note="A simple explanation for what TXT_TCH_ORGANIC_CONSTRUCTION does in the game." Gender="other">
        <Text>Enables the creation of living, self-repairing structures.</Text>
      </Line>
      <Line Key="TXT_TCH_DESC_THEORY_OF_EVOLUTION" Note="A simple explanation for what TXT_TCH_THEORY_OF_EVOLUTION does in the game." Gender="other">
        <Text>Enables new ways of thinking about life.</Text>
      </Line>
      <Line Key="TXT_TCH_DESC_FOOD_REPLICATION" Note="A simple explanation for what TXT_TCH_FOOD_REPLICATION does in the game." Gender="other">
        <Text>Enables high-quality food production at a new scale.</Text>
      </Line>
      <Line Key="TXT_TCH_DESC_THE_STEAM_ENGINE" Note="A simple explanation for what TXT_TCH_THE_STEAM_ENGINE does in the game." Gender="other">
        <Text>Enables creation of more advanced items and units.</Text>
      </Line>
      <Line Key="TXT_TCH_DESC_FERMENTING" Note="A simple explanation for what TXT_TCH_FERMENTING does in the game." Gender="other">
        <Text>Provides new ways to improve the Happiness and Food supply for your people.</Text>
      </Line>
      <Line Key="TXT_TCH_DESC_BANKING" Note="A simple explanation for what TXT_TCH_BANKING does in the game." Gender="other">
        <Text>Enables advanced economic transactions and construction of financial institutions.</Text>
      </Line>
      <Line Key="TXT_TCH_DESC_ADVANCED_CHEMISTRY" Note="A simple explanation for what TXT_TCH_ADVANCED_CHEMISTRY does in the game." Gender="other">
        <Text>Makes new types of health items available.</Text>
      </Line>
      <Line Key="TXT_TCH_DESC_WEAVING" Note="A simple explanation for what TXT_TCH_WEAVING does in the game." Gender="other">
        <Text>Enables converting plant and animal resources into clothing.</Text>
      </Line>
      <Line Key="TXT_TCH_DESC_ARCHES" Note="A simple explanation for what TXT_TCH_ARCHES does in the game." Gender="other">
        <Text>Enables construction of advanced structures.</Text>
      </Line>
      <Line Key="TXT_TCH_DESC_THE_CHARIOT" Note="A simple explanation for what TXT_TCH_THE_CHARIOT does in the game." Gender="other">
        <Text>Enables faster military units and more uses for the horse.</Text>
      </Line>
      <Line Key="TXT_TCH_DESC_COFFEE_BREWING" Note="A simple explanation for what TXT_TCH_COFFEE_BREWING does in the game." Gender="other">
        <Text>Boosts commerce with cultural coffee-related amenities.</Text>
      </Line>
      <Line Key="TXT_TCH_DESC_CARTOGRAPHY" Note="A simple explanation for what TXT_TCH_CARTOGRAPHY does in the game." Gender="other">
        <Text>Enhances navigation and trade capabilities.</Text>
      </Line>
      <Line Key="TXT_TCH_DESC_CANDLES" Note="A simple explanation for what TXT_TCH_CANDLES does in the game." Gender="other">
        <Text>Enables creation of new light sources, religious ceremonies, and celebrations.</Text>
      </Line>
      <Line Key="TXT_TCH_DESC_LONGBOWS" Note="A simple explanation for what TXT_TCH_LONGBOWS does in the game." Gender="other">
        <Text>Enhances our military prowess with new ranged weaponry.</Text>
      </Line>
      <Line Key="TXT_TCH_DESC_IRRIGATION" Note="A simple explanation for what TXT_TCH_IRRIGATION does in the game." Gender="other">
        <Text>Enables improved farming and creation of aesthetic features.</Text>
      </Line>
      <Line Key="TXT_TCH_DESC_RADAR" Note="A simple explanation for what TXT_TCH_RADAR does in the game." Gender="other">
        <Text>Unlocks advanced warfare capabilities.</Text>
      </Line>
      <Line Key="TXT_TCH_DESC_ANIMAL_HUSBANDRY" Note="A simple explanation for what TXT_TCH_ANIMAL_HUSBANDRY does in the game." Gender="other">
        <Text>Enables the harvesting of Animal Resources, with Food and Military applications.</Text>
      </Line>
      <Line Key="TXT_TCH_DESC_STEALTH_TECHNOLOGY" Note="A simple explanation for what TXT_TCH_STEALTH_TECHNOLOGY does in the game." Gender="other">
        <Text>Enables the creation of a new undetectable military aircraft.</Text>
      </Line>
      <Line Key="TXT_TCH_DESC_STIRRUPS" Note="A simple explanation for what TXT_TCH_STIRRUPS does in the game." Gender="other">
        <Text>Enables enhanced cavalry tactics and transportation methods.</Text>
      </Line>
      <Line Key="TXT_TCH_DESC_POTTERY" Note="A simple explanation for what TXT_TCH_POTTERY does in the game." Gender="other">
        <Text>Foundational for the crafting of amenities and cultural advances.</Text>
      </Line>
      <Line Key="TXT_TCH_DESC_GOVERNMENT" Note="A simple explanation for what TXT_TCH_GOVERNMENT does in the game." Gender="other">
        <Text>Enables the establishment of sophisticated societal structures.</Text>
      </Line>
      <Line Key="TXT_TCH_DESC_ARCOLOGIES" Note="A simple explanation for what the technological singularity does in the game." Gender="other">
        <Text>The moment when we move beyond what we can predict is possible.</Text>
      </Line>
      <Line Key="TXT_TCH_DESC_METALLURGY" Note="A simple explanation for what TXT_TCH_METALLURGY does in the game." Gender="other">
        <Text>Grants access to new techniques for metal working.</Text>
      </Line>
      <Line Key="TXT_TCH_DESC_THE_INTERNET" Note="A simple explanation for what TXT_TCH_THE_INTERNET does in the game." Gender="other">
        <Text>Enables the connecting of the world with a universal network.</Text>
      </Line>
      <Line Key="TXT_TCH_DESC_STAINED_GLASS" Note="A simple explanation for what TXT_TCH_STAINED_GLASS does in the game." Gender="other">
        <Text>Unlocks aesthetic and religious cultural items.</Text>
      </Line>
      <Line Key="TXT_TCH_DESC_ROADS" Note="A simple explanation for what TXT_TCH_ROADS does in the game." Gender="other">
        <Text>Enhances commercial food and drink gathering, boosting trade and social interactions.</Text>
      </Line>
      <Line Key="TXT_TCH_DESC_FEUDALISM" Note="A simple explanation for what TXT_TCH_FEUDALISM does in the game." Gender="other">
        <Text>Enables advanced military units and defensive structures.</Text>
      </Line>
      <Line Key="TXT_TCH_DESC_ARTIFICIAL_INTELLIGENCE" Note="A simple explanation for what TXT_TCH_ARTIFICIAL_INTELLIGENCE does in the game." Gender="other">
        <Text>Makes non-human intelligences available for our use.</Text>
      </Line>
      <Line Key="TXT_TCH_DESC_TRADE_ROUTES" Note="A simple explanation for what TXT_TCH_TRADE_ROUTES does in the game." Gender="other">
        <Text>Enables creation of commercial hubs for resource exchange.</Text>
      </Line>
      <Line Key="TXT_TCH_DESC_MECHANIZED_CLOCKS" Note="A simple explanation for what TXT_TCH_MECHANIZED_CLOCKS does in the game." Gender="other">
        <Text>Enables more precise time keeping providing new naval capabilities.</Text>
      </Line>
      <Line Key="TXT_TCH_DESC_CURRENCY" Note="A simple explanation for what TXT_TCH_CURRENCY does in the game." Gender="other">
        <Text>Enables economic growth by having a universal medium of exchange.</Text>
      </Line>
      <Line Key="TXT_TCH_DESC_OPTICS" Note="A simple explanation for what TXT_TCH_OPTICS does in the game." Gender="other">
        <Text>Enables advanced astronomical study.</Text>
      </Line>
      <Line Key="TXT_TCH_DESC_ROCKETRY" Note="A simple explanation for what TXT_TCH_ROCKETRY does in the game." Gender="other">
        <Text>Enables advanced military capabilities through rocket artillery.</Text>
      </Line>
      <Line Key="TXT_TCH_DESC_ENGINEERING" Note="A simple explanation for what TXT_TCH_ENGINEERING does in the game." Gender="other">
        <Text>Enables construction of large structures and resource extraction sites.</Text>
      </Line>
      <Line Key="TXT_TCH_DESC_SACRED_TRADITIONS" Note="A simple explanation for what TXT_TCH_SACRED_TRADITIONS does in the game." Gender="other">
        <Text>Allows for the unlocking of religion and related items.</Text>
      </Line>
      <Line Key="TXT_TCH_DESC_IRON_WORKING" Note="A simple explanation for what TXT_TCH_IRON_WORKING does in the game." Gender="other">
        <Text>Allows for the exploitation of iron.</Text>
      </Line>
      <Line Key="TXT_TCH_DESC_IRON_BRIDGES" Note="A simple explanation for what TXT_TCH_IRON_BRIDGES does in the game." Gender="other">
        <Text>Unlocks new alloys for amenity and military purposes.</Text>
      </Line>
      <Line Key="TXT_TCH_DESC_LEATHERWORKING" Note="A simple explanation for what TXT_TCH_LEATHERWORKING does in the game." Gender="other">
        <Text>Enables harvested animals to be used for construction materials.</Text>
      </Line>
      <Line Key="TXT_TCH_DESC_SAILS" Note="A simple explanation for what TXT_TCH_SAILS does in the game." Gender="other">
        <Text>Enables naval military units and construction of coastal improvements.</Text>
      </Line>
      <Line Key="TXT_TCH_DESC_RECYCLING" Note="A simple explanation for what TXT_TCH_RECYCLING does in the game." Gender="other">
        <Text>Enables efficient resource management.</Text>
      </Line>
      <Line Key="TXT_TCH_DESC_SATELLITES" Note="A simple explanation for what TXT_TCH_SATELLITES does in the game." Gender="other">
        <Text>Enables advanced electronics and new kinds of entertainment facilities.</Text>
      </Line>
      <Line Key="TXT_TCH_DESC_CANNONS" Note="A simple explanation for what TXT_TCH_CANNONS does in the game." Gender="other">
        <Text>Provides revolutionary new ranged weapons.</Text>
      </Line>
      <Line Key="TXT_TCH_DESC_COMPUTERS" Note="A simple explanation for what TXT_TCH_COMPUTERS does in the game." Gender="other">
        <Text>Boosts information management and propels us into the Information Age.</Text>
      </Line>
      <Line Key="TXT_TCH_DESC_TERRACED_FARMS" Note="A simple explanation for what TXT_TCH_TERRACED_FARMS does in the game." Gender="other">
        <Text>Allows the improvement of agriculture by way of new tools used to farm heavy soil.</Text>
      </Line>
      <Line Key="TXT_TCH_DESC_THE_WHEEL" Note="A simple explanation for what TXT_TCH_THE_WHEEL does in the game." Gender="other">
        <Text>A key invention needed for a host of future items and weapons.</Text>
      </Line>
      <Line Key="TXT_TCH_DESC_ARTISTRY" Note="A simple explanation for what TXT_TCH_ARTISTRY does in the game." Gender="other">
        <Text>Enables creation of cosmetics and decorative art for cultural growth.</Text>
      </Line>
      <Line Key="TXT_TCH_DESC_CRYONICS" Note="A simple explanation for what TXT_TCH_CRYONICS does in the game." Gender="other">
        <Text>Enables preservation and revival of life for strategic advantage.</Text>
      </Line>
      <Line Key="TXT_TCH_DESC_DEMOCRACIES" Note="A simple explanation for what TXT_TCH_DEMOCRACIES does in the game." Gender="other">
        <Text>Enables more collaborative governing methods.</Text>
      </Line>
      <Line Key="TXT_TCH_DESC_SONAR" Note="A simple explanation for what TXT_TCH_SONAR does in the game." Gender="other">
        <Text>Enables advanced undersea naval units.</Text>
      </Line>
      <Line Key="TXT_TCH_DESC_HABERDASHERY" Note="A simple explanation for what TXT_TCH_HABERDASHERY does in the game." Gender="other">
        <Text>Improves clothing options and capabilities.</Text>
      </Line>
      <Line Key="TXT_TCH_DESC_HOSPITALS" Note="A simple explanation for what TXT_TCH_HOSPITALS does in the game." Gender="other">
        <Text>Provides new options to improve nation health.</Text>
      </Line>
      <Line Key="TXT_TCH_DESC_GROUNDED_FOUNDATIONS" Note="A simple explanation for what TXT_TCH_GROUNDED_FOUNDATIONS does in the game." Gender="other">
        <Text>Enables the creation of artistic and architectural marvels.</Text>
      </Line>
      <Line Key="TXT_TCH_DESC_CRISPR" Note="A simple explanation for what TXT_TCH_CRISPR does in the game." Gender="other">
        <Text>Enables advanced medical treatments and laboratory improvements.</Text>
      </Line>
      <Line Key="TXT_TCH_DESC_LEGIONARY" Note="A simple explanation for what TXT_TCH_LEGIONARY does in the game." Gender="other">
        <Text>Allows specialized armed forces.</Text>
      </Line>
      <Line Key="TXT_TCH_DESC_UNIVERSITIES" Note="A simple explanation for what TXT_TCH_UNIVERSITIES does in the game." Gender="other">
        <Text>Allows for concentrated centers of learning.</Text>
      </Line>
      <Line Key="TXT_TCH_DESC_DRONES" Note="A simple explanation for what TXT_TCH_DRONES does in the game." Gender="other">
        <Text>Enhances military capabilities with unmanned aerial vehicles.</Text>
      </Line>
      <Line Key="TXT_TCH_DESC_PHOTOGRAPHY" Note="A simple explanation for what TXT_TCH_PHOTOGRAPHY does in the game." Gender="other">
        <Text>Enables creation of visual entertainment.</Text>
      </Line>

      <Line Key="TXT_TCH_DESC_ELECTRICITY" Note="A simple explanation for what TXT_TCH_ELECTRICITY">
        <Text>Enables items and improvements that rely on Electricity.</Text>
      </Line>


      <Line Key="TXT_TCH_DESC_AVIATION" Note="A simple explanation for what TXT_TCH_AVIATION does in the game." Gender="other">
        <Text>Enables air combat and defense.</Text>
      </Line>
      <Line Key="TXT_TCH_DESC_GENERAL_RELATIVITY" Note="A simple explanation for what TXT_TCH_GENERAL_RELATIVITY does in the game." Gender="other">
        <Text>Unlocks advanced scientific facilities.</Text>
      </Line>
      <Line Key="TXT_TCH_DESC_CULTURAL_HERITAGE" Note="A simple explanation for what TXT_TCH_CULTURAL_HERITAGE does in the game." Gender="other">
        <Text>Boosts cultural development and religious expressions.</Text>
      </Line>
      <Line Key="TXT_TCH_DESC_BREWING" Note="A simple explanation for what TXT_TCH_BREWING does in the game." Gender="other">
        <Text>Enables production of alcoholic beverages and related items.</Text>
      </Line>
      <Line Key="TXT_TCH_DESC_INDUSTRIALIZATION" Note="A simple explanation for what TXT_TCH_INDUSTRIALIZATION does in the game." Gender="other">
        <Text>Reorganizes society to become more efficient at production.</Text>
      </Line>
      <Line Key="TXT_TCH_DESC_WINDMILLS" Note="A simple explanation for what TXT_TCH_WINDMILLS does in the game." Gender="other">
        <Text>Boosts agricultural production and storage capabilities.</Text>
      </Line>
      <Line Key="TXT_TCH_DESC_HERBALISM" Note="A simple explanation for what TXT_TCH_HERBALISM does in the game." Gender="other">
        <Text>Provides new uses for Plant Resources, promoting Health and the pursuit of Science.</Text>
      </Line>
      <Line Key="TXT_TCH_DESC_MECHANIZATION" Note="A simple explanation for what TXT_TCH_MECHANIZATION does in the game." Gender="other">
        <Text>Boosts industrial production and strengthens military forces. </Text>
      </Line>
      <Line Key="TXT_TCH_DESC_ROPEMAKING" Note="A simple explanation for what TXT_TCH_ROPEMAKING does in the game." Gender="other">
        <Text>Enables the creation of tools for enhancing productivity.</Text>
      </Line>
      <Line Key="TXT_TCH_DESC_EUCLIDEAN_GEOMETRY" Note="A simple explanation for what TXT_TCH_EUCLIDEAN_GEOMETRY does in the game." Gender="other">
        <Text>Enhances our knowledge-based capabilities.</Text>
      </Line>
      <Line Key="TXT_TCH_DESC_RELIGIOUS_TEXTS" Note="A simple explanation for what TXT_TCH_RELIGIOUS_TEXTS does in the game." Gender="other">
        <Text>Makes available new religious artifacts and structures.</Text>
      </Line>
      <Line Key="TXT_TCH_DESC_PAPER" Note="A simple explanation for what TXT_TCH_PAPER does in the game." Gender="other">
        <Text>Enables creation of convenient written records.</Text>
      </Line>
      <Line Key="TXT_TCH_DESC_CORE_TAP" Note="A simple explanation for what TXT_TCH_CORE_TAP does in the game." Gender="other">
        <Text>Unleashes the planet's core as a new energy source.</Text>
      </Line>
      <Line Key="TXT_TCH_DESC_PERSPECTIVE_ART" Note="A simple explanation for what TXT_TCH_PERSPECTIVE_ART does in the game." Gender="other">
        <Text>Unlocks advanced cultural improvements for societal prestige. </Text>
      </Line>
      <Line Key="TXT_TCH_DESC_MUSICAL_THEORY" Note="A simple explanation for what TXT_TCH_MUSICAL_THEORY does in the game." Gender="other">
        <Text>Fosters cultural growth by enabling the creation of musical instruments.</Text>
      </Line>
      <Line Key="TXT_TCH_DESC_INTERCHANGEABLE_PARTS" Note="A simple explanation for what TXT_TCH_INTERCHANGEABLE_PARTS does in the game." Gender="other">
        <Text>Enables mass production with consistent, replaceable components.</Text>
      </Line>
      <Line Key="TXT_TCH_DESC_MERCANTALISM" Note="A simple explanation for what TXT_TCH_MERCANTALISM does in the game." Gender="other">
        <Text>Improves economic growth through increased trade and efficient resource management.</Text>
      </Line>
      <Line Key="TXT_TCH_DESC_JET_ENGINES" Note="A simple explanation for what TXT_TCH_JET_ENGINES does in the game." Gender="other">
        <Text>Provides fast, powerful military units and advanced air infrastructure.</Text>
      </Line>
      <Line Key="TXT_TCH_DESC_PHILOSOPHY" Note="A simple explanation for what TXT_TCH_PHILOSOPHY does in the game." Gender="other">
        <Text>Improves civic development and intellectual growth.</Text>
      </Line>
      <Line Key="TXT_TCH_DESC_HORSESHOES" Note="A simple explanation for what TXT_TCH_HORSESHOES does in the game." Gender="other">
        <Text>Makes greater use of horses.</Text>
      </Line>
      <Line Key="TXT_TCH_DESC_RADIO" Note="A simple explanation for what TXT_TCH_RADIO does in the game." Gender="other">
        <Text>Enables long-range communication and cultural influence.</Text>
      </Line>
      <Line Key="TXT_TCH_DESC_FIREARMS" Note="A simple explanation for what TXT_TCH_FIREARMS does in the game." Gender="other">
        <Text>Revolutionizes warfare with powerful ranged weaponry.</Text>
      </Line>
      <Line Key="TXT_TCH_DESC_MECHAS" Note="A simple explanation for what TXT_TCH_MECHAS does in the game." Gender="other">
        <Text>Delivers superior military power with advanced mechanized units.</Text>
      </Line>
      <Line Key="TXT_TCH_DESC_SEAFARING" Note="A simple explanation for what TXT_TCH_SEAFARING does in the game." Gender="other">
        <Text>Enables the travel and harvesting of the world's oceans.</Text>
      </Line>
      <Line Key="TXT_TCH_DESC_NITROGEN_EXTRACTION" Note="A simple explanation for what TXT_TCH_NITROGEN_EXTRACTION does in the game." Gender="other">
        <Text>Enables large scale food production and waste management.</Text>
      </Line>
      <Line Key="TXT_TCH_DESC_HYGIENE" Note="A simple explanation for what TXT_TCH_HYGIENE does in the game." Gender="other">
        <Text>Boosts health and longevity with modern sanitation methods.</Text>
      </Line>
      <Line Key="TXT_TCH_DESC_MASS_PRODUCTION" Note="A simple explanation for what TXT_TCH_MASS_PRODUCTION does in the game." Gender="other">
        <Text>Boosts industrial output.</Text>
      </Line>
      <Line Key="TXT_TCH_DESC_MONUMENT_BUILDING" Note="A simple explanation for what TXT_TCH_MONUMENT_BUILDING does in the game." Gender="other">
        <Text>Enables construction of monuments.</Text>
      </Line>
      <Line Key="TXT_TCH_DESC_GRANARIES" Note="A simple explanation for what TXT_TCH_GRANARIES does in the game." Gender="other">
        <Text>Allows for the Harvesting of Grains and enhancing Food storage.</Text>
      </Line>
      <Line Key="TXT_TCH_DESC_FORTRESSES" Note="A simple explanation for what TXT_TCH_FORTRESSES does in the game." Gender="other">
        <Text>Enables superior defensive structures and advanced siege weaponry.</Text>
      </Line>
      <Line Key="TXT_TCH_DESC_PILGRIMAGE" Note="A simple explanation for what TXT_TCH_PILGRIMAGE does in the game." Gender="other">
        <Text>Enables religious travel and religious items.</Text>
      </Line>
      <Line Key="TXT_TCH_DESC_GREEN_POWER" Note="A simple explanation for what TXT_TCH_GREEN_POWER does in the game." Gender="other">
        <Text>Enables construction of eco-friendly power sources.</Text>
      </Line>
      <Line Key="TXT_TCH_DESC_FORTIFICATIONS" Note="A simple explanation for what TXT_TCH_FORTIFICATIONS does in the game." Gender="other">
        <Text>Enables stronger defenses and siege weaponry.</Text>
      </Line>
      <Line Key="TXT_TCH_DESC_ROBOTICS" Note="A simple explanation for what TXT_TCH_ROBOTICS does in the game." Gender="other">
        <Text>Enables advanced military and commercial capabilities.</Text>
      </Line>
      <Line Key="TXT_TCH_DESC_SHIPBUILDING" Note="A simple explanation for what TXT_TCH_SHIPBUILDING does in the game." Gender="other">
        <Text>Unlocks new naval capabilities.</Text>
      </Line>
      <Line Key="TXT_TCH_DESC_ALCHEMY" Note="A simple explanation for what TXT_TCH_ALCHEMY does in the game." Gender="other">
        <Text>Provides an early understanding of chemistry.</Text>
      </Line>
      <Line Key="TXT_TCH_DESC_NAVIGATION" Note="A simple explanation for what TXT_TCH_NAVIGATION does in the game." Gender="other">
        <Text>Enhances naval capabilities and unlocks seaside infrastructure.</Text>
      </Line>
      <Line Key="TXT_TCH_DESC_BRONZE_WORKING" Note="A simple explanation for what TXT_TCH_BRONZE_WORKING does in the game." Gender="other">
        <Text>Provides for the production of metal-based items and weapons.</Text>
      </Line>
      <Line Key="TXT_TCH_DESC_INTERNAL_COMBUSTION_ENGINE" Note="A simple explanation for what TXT_TCH_INTERNAL_COMBUSTION_ENGINE does in the game." Gender="other">
        <Text>Powers advanced vehicles and machinery.</Text>
      </Line>
      <Line Key="TXT_TCH_DESC_PRINTING_PRESS" Note="A simple explanation for what TXT_TCH_PRINTING_PRESS does in the game." Gender="other">
        <Text>Enables mass production of written materials.</Text>
      </Line>
      <Line Key="TXT_TCH_DESC_CROSSBOWS" Note="A simple explanation for what TXT_TCH_CROSSBOWS does in the game." Gender="other">
        <Text>Enhances military power with lower-skilled ranged weaponry.</Text>
      </Line>
      <Line Key="TXT_TCH_DESC_PLASTICS" Note="A simple explanation for what TXT_TCH_PLASTICS does in the game." Gender="other">
        <Text>Enables production of modern comforts and commercial goods.</Text>
      </Line>
      <Line Key="TXT_TCH_DESC_MASS_PRODUCED_TEXTILES" Note="A simple explanation for what TXT_TCH_MASS_PRODUCED_TEXTILES does in the game." Gender="other">
        <Text>Mass-produces goods efficiently, boosting industrial output.</Text>
      </Line>
      <Line Key="TXT_TCH_DESC_CODE_OF_LAWS" Note="A simple explanation for what TXT_TCH_CODE_OF_LAWS does in the game." Gender="other">
        <Text>Enables legal systems and encourages knowledge storage.</Text>
      </Line>
      <Line Key="TXT_TCH_DESC_NUCLEAR_POWER" Note="A simple explanation for what TXT_TCH_NUCLEAR_POWER does in the game." Gender="other">
        <Text>Provides a new potent energy source.</Text>
      </Line>
      <Line Key="TXT_TCH_DESC_HUMANISM" Note="A simple explanation for what TXT_TCH_HUMANISM does in the game." Gender="other">
        <Text>Provides a host of new quality of life amenities and improvements.</Text>
      </Line>
      <Line Key="TXT_TCH_DESC_FABRICS" Note="A simple explanation for what TXT_TCH_FABRICS does in the game." Gender="other">
        <Text>Enables production of clothing items.</Text>
      </Line>
      <Line Key="TXT_TCH_DESC_FOOD_PRESERVATION" Note="A simple explanation for what TXT_TCH_FOOD_PRESERVATION does in the game." Gender="other">
        <Text>Enables long-term storage of food.</Text>
      </Line>
      <Line Key="TXT_TCH_DESC_RIFLING" Note="A simple explanation for what TXT_TCH_RIFLING does in the game." Gender="other">
        <Text>Provides for more advanced firearms.</Text>
      </Line>
      <Line Key="TXT_TCH_DESC_DEFENSIVE_ARTILLERY" Note="A simple explanation for what TXT_TCH_DEFENSIVE_ARTILLERY does in the game." Gender="other">
        <Text>Boosts military capabilities with new weaponry and defenses.</Text>
      </Line>
      <Line Key="TXT_TCH_DESC_GUNPOWDER" Note="A simple explanation for what TXT_TCH_GUNPOWDER does in the game." Gender="other">
        <Text>Transforms warfare with explosive weaponry.</Text>
      </Line>
      <Line Key="TXT_TCH_DESC_POST-HUMANISM" Note="A simple explanation for what TXT_TCH_POST-HUMANISM does in the game." Gender="other">
        <Text>Begins to merge human and AI technologies.</Text>
      </Line>
      <Line Key="TXT_TCH_DESC_MASS_MEDIA" Note="A simple explanation for what TXT_TCH_MASS_MEDIA does in the game." Gender="other">
        <Text>Provides communication channels that reach a large audience simultaneously.</Text>
      </Line>
      <Line Key="TXT_TCH_DESC_AGRONOMY" Note="A simple explanation for what TXT_TCH_AGRONOMY does in the game." Gender="other">
        <Text>Allows for cultivating crops, and managing soils.</Text>
      </Line>


    </Locale>
</GameText>