<GameText>
  <!-- The Note attribute is a non game-facing field giving more context to the translator. -->
  <Locale ID="en">
    <!-- *******************************************************************************************
   .......................................  SKIRMISH   .......................................
   ********************************************************************************************* -->
    <Line Key="TXT_WAR_SKIRMISH_NAME" Note="Name for a skirmish - a battle that is smaller than a formal war.">
      <Text>SKIRMISH</Text>
    </Line>
    <Line Key="TXT_WAR_SKIRMISH_DESCRIPTION" Note="Description for a skirmish.">
      <Text>Skirmishes are automatically unlocked for a {TXT_TRM_NATION {#1}} at the beginning of the game. You can enter a Skirmish to disrupt another Nation's plans or to try and gain short term objectives. A skirmish ends after 15 turns.</Text>
    </Line>
    <Line Key="TXT_WAR_SKIRMISH_ACTIVE_DESCRIPTION" Note="Notification for declaring a skirmish war">
      <Text>{0_attacker_nation} declared a skirmish on {1_defender_nation}.</Text>
    </Line>
    <Line Key="TXT_WAR_SKIRMISH_REQUIREMENT" Note="Explaining the requirements for a skirmish war">
      <Text>Have a certain amount of prestige to pay for it.</Text>
    </Line>
    <Line Key="TXT_WAR_SKIRMISH_GOAL_DESCRIPTION" Note="Describing the goal of a skirmish war">
      <Text>Disrupt the plans of another {TXT_TRM_NATION {#1}}.</Text>
    </Line>
    <Line Key="TXT_WAR_SKIRMISH_ACTIVE_GOAL_DESCRIPTION" Note="Describing a player's objective for a skirmish war">
      <Text>{0_attacker_nation} and allies do as much disruption to the plans of {1_defender_nation} and allies for 15 turns.</Text>
    </Line>
    <Line Key="TXT_WAR_SKIRMISH_ATTACKER_WIN_DESCRIPTION" Note="">
      <Text>N/A</Text>
    </Line>
    <Line Key="TXT_WAR_SKIRMISH_ATTACKER_LOSE_DESCRIPTION" Note="">
      <Text>N/A</Text>
    </Line>
    <Line Key="TXT_WAR_SKIRMISH_DEFENDER_WIN_DESCRIPTION" Note="">
      <Text>N/A</Text>
    </Line>
    <Line Key="TXT_WAR_SKIRMISH_DEFENDER_LOSE_DESCRIPTION" Note="">
      <Text>N/A</Text>
    </Line>
    <!-- *******************************************************************************************
   .......................................  HOLY WAR   .......................................
   ********************************************************************************************* -->
      <Line Key="TXT_WAR_RELIGIOUS_NAME" Note="Name for a holy war">
          <Text>HOLY WAR</Text>
      </Line>
      <Line Key="TXT_WAR_RELIGIOUS_DESCRIPTION" Note="Description of a holy war">
          <Text>Holy Wars can be declared on another {TXT_TRM_NATION {#1}} when you convert any of that Nation's /href:t:Term:term_City/Cities/Endhref/ to your /href:t:Term:term_Religion/Religion/Endhref/. These Wars specifically target the converted City. If the target City is converted to any other Religion, the War will end inconclusively.</Text>
      </Line>
      <Line Key="TXT_WAR_RELIGIOUS_ACTIVE_DESCRIPTION" Note="Notification for declaring a holy war">
          <Text>{0_attacker_nation} declared war on {1_defender_nation} because they have different /href:t:Term:term_Religion/Religions/Endhref/.</Text>
      </Line>
      <Line Key="TXT_WAR_RELIGIOUS_REQUIREMENT" Note="Explaining the requirements for a holy war">
          <Text>You have converted at least one opposing {TXT_TRM_CITY {#1}} to your /href:t:Term:term_Religion/Religion/Endhref/.</Text>
      </Line>
      <Line Key="TXT_WAR_RELIGIOUS_GOAL_DESCRIPTION" Note="Describing the goal of a holy war">
          <Text>/href:t:Term:term_Siege/Capture/Endhref/ the converted target {TXT_TRM_CITY {#1}}.</Text>
      </Line>
      <Line Key="TXT_WAR_RELIGIOUS_ACTIVE_GOAL_DESCRIPTION" Note="Describing a player's objective for a holy war">
          <Text>{0_attacker_nation} and allies /href:t:Term:term_Siege/Capture/Endhref/ the converted target {TXT_TRM_CITY {#1}} of {1_defender_nation}, or {1_defender_nation} and allies defend the converted City for 50 turns from {0_attacker_nation}.</Text>
      </Line>
      <Line Key="TXT_WAR_RELIGIOUS_ATTACKER_WIN_DESCRIPTION" Note="What the attacker gains by winning the war">
          <Text>Win {0_prestige_value} /i:Prestige/.</Text>
      </Line>
      <Line Key="TXT_WAR_RELIGIOUS_ATTACKER_LOSE_DESCRIPTION" Note="What the attacker loses by losing the war">
          <Text>Lose all /i:Prestige/ in the War Chest and forfeit any /href:t:Term:term_Occupy/Occupied/Endhref/ /href:t:Term:term_City/Cities/Endhref/ to the Defender.</Text>
      </Line>
      <Line Key="TXT_WAR_RELIGIOUS_DEFENDER_WIN_DESCRIPTION" Note="What the defender gains by winning the war">
          <Text>Win {1_coin_percentage} of the attacker's /i:Money/ and {0_prestige_value} /i:Prestige/.</Text>
      </Line>
      <Line Key="TXT_WAR_RELIGIOUS_DEFENDER_LOSE_DESCRIPTION" Note="What the defender loses by losing the war">
          <Text>N/A</Text>
      </Line>
    <!-- *******************************************************************************************
   .......................................  EXPANSION WAR   .......................................
   ********************************************************************************************* -->
    <Line Key="TXT_WAR_EXPANSION_NAME" Note="Name for an expansion war">
      <Text>WAR OF EXPANSION</Text>
    </Line>
    <Line Key="TXT_WAR_EXPANSION_DESCRIPTION" Note="Description of an expansion war">
      <Text>Expansion Wars can be declared against another Nation if that Nation has claimed /href:t:Term:term_Region/Regions/Endhref/ adjacent to you or have founded a {TXT_TRM_CITY {#1}} adjacent to any of your borders.</Text>
    </Line>
    <Line Key="TXT_WAR_EXPANSION_ACTIVE_DESCRIPTION" Note="Notification for declaring an expansion war">
      <Text>{0_attacker_nation} declared war on {1_defender_nation} because {0_attacker_nation} claimed /href:t:Term:term_Region/Regions/Endhref/ or founded a {TXT_TRM_CITY {#1}} adjacent to their borders.</Text>
    </Line>
    <Line Key="TXT_WAR_EXPANSION_REQUIREMENT" Note="Explaining the requirements for an expansion war">
      <Text>Target enemy {TXT_TRM_NATION {#1}} has claimed /href:t:Term:term_Region/Regions/Endhref/ adjacent to you or have founded a {TXT_TRM_CITY {#1}} adjacent to any of your borders.</Text>
    </Line>
    <Line Key="TXT_WAR_EXPANSION_GOAL_DESCRIPTION" Note="Describing the goal of an expansion war">
      <Text>{TXT_TRM_ASSIMILATE} or {TXT_TRM_RAZE} the targeted {TXT_TRM_CITY {#1}}.</Text>
    </Line>
    <Line Key="TXT_WAR_EXPANSION_ACTIVE_GOAL_DESCRIPTION" Note="Describing a player's objective for an expansion war">
      <Text>{0_attacker_nation} and allies {TXT_TRM_ASSIMILATE} or {TXT_TRM_RAZE} the targeted {TXT_TRM_CITY {#1}} in {1_defender_nation}, or {1_defender_nation} and allies Assimilate or Raze the targeted City of {0_attacker_nation}.</Text>
    </Line>
    <Line Key="TXT_WAR_EXPANSION_ATTACKER_WIN_DESCRIPTION" Note="What the attacker gains by winning the war">
      <Text>Win {0_prestige_value} /i:Prestige/.</Text>
    </Line>
    <Line Key="TXT_WAR_EXPANSION_ATTACKER_LOSE_DESCRIPTION" Note="What the attacker loses by losing the war">
      <Text>Lose {0_coin_percentage} of your /i:Money/.</Text>
    </Line>
    <Line Key="TXT_WAR_EXPANSION_DEFENDER_WIN_DESCRIPTION" Note="What the defender gains by winning the war">
      <Text>Win {0_coin_percentage} of the attacker's /i:Money/ and {1_prestige_value} /i:Prestige/.</Text>
    </Line>
    <Line Key="TXT_WAR_EXPANSION_DEFENDER_LOSE_DESCRIPTION" Note="What the defender loses by losing the war">
      <Text>N/A</Text>
    </Line>
    <!-- *******************************************************************************************
   .......................................  RETALIATION WAR   .......................................
   ********************************************************************************************* -->
    <Line Key="TXT_WAR_RETALIATION_NAME" Note="Name for a retaliation war">
      <Text>WAR OF RETALIATION</Text>
    </Line>
    <Line Key="TXT_WAR_RETALIATION_DESCRIPTION" Note="Description of a retaliation war">
      <Text>Retaliation Wars can be declared against another {TXT_TRM_NATION {#1}} if that Nation has taken a {TXT_TRM_CITY {#1}} from you before, or has previously declared a Skirmish on you.</Text>
    </Line>
    <Line Key="TXT_WAR_RETALIATION_ACTIVE_DESCRIPTION" Note="Notification for declaring a retaliation war">
      <Text>{0_attacker_nation} declared war on {1_defender_nation} because {1_defender_nation} has taken a {TXT_TRM_CITY {#1}} from {0_attacker_nation} or previously declared war on {0_attacker_nation}.</Text>
    </Line>
    <Line Key="TXT_WAR_RETALIATION_REQUIREMENT" Note="Explaining the requirements for a retaliation war">
      <Text>Target enemy has taken a {TXT_TRM_CITY {#1}} from you before, or has previously declared a Skirmish on you.</Text>
    </Line>
    <Line Key="TXT_WAR_RETALIATION_GOAL_DESCRIPTION" Note="Describing the goal of a retaliation war">
      <Text>{TXT_TRM_ASSIMILATE} or {TXT_TRM_RAZE} the targeted {TXT_TRM_CITY {#1}} in the enemy {TXT_TRM_NATION {#1}}.</Text>
    </Line>
    <Line Key="TXT_WAR_RETALIATION_ACTIVE_GOAL_DESCRIPTION" Note="Describing a player's objective for a retaliation war">
      <Text>{0_attacker_nation} and allies {TXT_TRM_ASSIMILATE} or {TXT_TRM_RAZE} the targeted {TXT_TRM_CITY {#1}} of {1_defender_nation}, or {1_defender_nation} and allies defend the targeted {TXT_TRM_CITY} from {0_attacker_nation}.</Text>
    </Line>
    <Line Key="TXT_WAR_RETALIATION_ATTACKER_LOSE_DESCRIPTION" Note="What the attacker loses by losing the war">
      <Text>N/A</Text>
    </Line>
    <Line Key="TXT_WAR_RETALIATION_ATTACKER_WIN_DESCRIPTION" Note="What the attacker gains by winning the war">
      <Text>{0_prestige_value} /i:Prestige/. {1_coin_percentage} of the enemy’s Coins.</Text>
    </Line>
    <Line Key="TXT_WAR_RETALIATION_DEFENDER_WIN_DESCRIPTION" Note="What the defender gains by winning the war">
      <Text>N/A</Text>
    </Line>
    <Line Key="TXT_WAR_RETALIATION_DEFENDER_LOSE_DESCRIPTION" Note="What the defender loses by losing the war">
      <Text>Lose {0_coin_percentage} of your /i:Money/.</Text>
    </Line>
    <!-- *******************************************************************************************
   .......................................  ANNIHILATION WAR   .......................................
   ********************************************************************************************* -->
    <Line Key="TXT_WAR_ANNIHILATION_NAME" Note="Name for an annihilation war">
      <Text>WAR OF ANNIHILATION</Text>
    </Line>
    <Line Key="TXT_WAR_ANNIHILATION_DESCRIPTION" Note="Description of an annihilation war">
      <Text>Annhilation Wars are aimed at completely destroying the opposing {TXT_TRM_NATION {#1}}. Therefore, there are no turn limits on this type of war and surrendering is disallowed. Agreeing to a peace treaty is the only other way out of this war.</Text>
    </Line>
    <Line Key="TXT_WAR_ANNIHILATION_ACTIVE_DESCRIPTION" Note="Notification for declaring an annihilation war">
      <Text>{0_attacker_nation} declared a annihilation war on {1_defender_nation}.</Text>
    </Line>
    <Line Key="TXT_WAR_ANNIHILATION_GOAL_DESCRIPTION" Note="Describing the goal of an annihilation war">
      <Text>Destroy the enemy {TXT_TRM_NATION {#1}}.</Text>
    </Line>
    <Line Key="TXT_WAR_ANNIHILATION_REQUIREMENT" Note="Explaining the requirements for an annihilation war">
      <Text>Declaring Nation must have one of the listed {TXT_TRM_TRAIT {#999}} on their {TXT_TRM_LEADER} or be using one of the listed {TXT_TRM_GOVERNMENT {#999}}.</Text>
    </Line>
    <Line Key="TXT_WAR_ANNIHILATION_ACTIVE_GOAL_DESCRIPTION" Note="Describing a player's objective for an annihilation war">
      <Text>{0_attacker_nation} and allies destroy {1_defender_nation}, or {1_defender_nation} and allies destroy {0_attacker_nation}.</Text>
    </Line>
    <Line Key="TXT_WAR_ANNIHILATION_ATTACKER_LOSE_DESCRIPTION" Note="What the attacker loses by losing the war">
      <Text>N/A</Text>
    </Line>
    <Line Key="TXT_WAR_ANNIHILATION_ATTACKER_WIN_DESCRIPTION" Note="What the attacker gains by winning the war">
      <Text>{0_prestige_value} /i:Prestige/.</Text>
    </Line>
    <Line Key="TXT_WAR_ANNIHILATION_DEFENDER_WIN_DESCRIPTION" Note="What the defender gains by winning the war">
      <Text>{0_prestige_value} /i:Prestige/.</Text>
    </Line>
    <Line Key="TXT_WAR_ANNIHILATION_DEFENDER_LOSE_DESCRIPTION" Note="What the defender loses by losing the war">
      <Text>N/A</Text>
    </Line>
    <!-- *******************************************************************************************
   .......................................  LIBERATION WAR   .......................................
   ********************************************************************************************* -->
  <Line Key="TXT_WAR_LIBERATION_NAME" Note="UI text for War Liberation">
      <Text>War Liberation</Text>
  </Line>
  <Line Key="TXT_WAR_LIBERATION_DESCRIPTION" Note="Description for War Liberation">
      <Text>Description of War Liberation</Text>
  </Line>
  <Line Key="TXT_WAR_LIBERATION_ACTIVE_DESCRIPTION" Note="Description for an Active War Liberation">
      <Text>War Liberation Active: This status indicates that your forces are currently engaged in liberating a territory from enemy control. Keep pushing forward to reclaim your land.</Text>
  </Line>
  <Line Key="TXT_WAR_LIBERATION_REQUIREMENT" Note="Title text for the War Liberation Requirement">
      <Text>War Liberation Requirement</Text>
  </Line>
  <Line Key="TXT_WAR_LIBERATION_GOAL_DESCRIPTION" Note="Description for the Liberation Goal in War Mode">
      <Text>Description of the Liberation Goal in War Mode</Text>
  </Line>
  <Line Key="TXT_WAR_LIBERATION_ACTIVE_GOAL_DESCRIPTION" Note="Description for an Active War Liberation goal">
      <Text>Liberate occupied territories to achieve your active goal.</Text>
  </Line>
  <Line Key="TXT_WAR_LIBERATION_ATTACKER_WIN_DESCRIPTION" Note="Description for an Active War Liberation Winning">
      <Text>The attacking forces have successfully liberated the territory. Victory has been achieved through strategic planning and relentless combat. The spoils of war are now theirs, marking a significant turn in the overall conflict.</Text>
  </Line>
  <Line Key="TXT_WAR_LIBERATION_ATTACKER_LOSE_DESCRIPTION" Note="Description for an Active War Liberation Losing">
      <Text>Description of the event when the attacker loses in a liberation war.</Text>
  </Line>
  <Line Key="TXT_WAR_LIBERATION_DEFENDER_WIN_DESCRIPTION" Note="Description for an Active War Liberation Defender Winning">
      <Text>Congratulations! As a Liberation Defender, you have successfully repelled the enemy forces and protected our territory. Your strategic prowess and indomitable courage have led us to victory in this war.</Text>
  </Line>
  <Line Key="TXT_WAR_LIBERATION_DEFENDER_LOSE_DESCRIPTION" Note="Description for an Active War Liberation Defender Losing">
      <Text>Description of the defeat suffered by the Liberation Defender in war.</Text>
  </Line>
  <!-- *******************************************************************************************
   .......................................  UNKNOWN KEYS   .......................................
   ********************************************************************************************* -->
  <Line Key="TXT_WAR_OUTCOME" Note="UI text for war outcome">
      <Text>War Outcome</Text>
  </Line>
  <Line Key="TXT_WAR_TARGET_DESCRIPTION" Note="Description for the target war">
      <Text>War Target Description</Text>
  </Line>
  <Line Key="TXT_WAR_DECLARATION" Note="UI text for War Declaration">
    <Text>War Declaration</Text>
</Line>
  </Locale>
</GameText>
